YEAR,NATURE,INSTITUTION,COURSE,STUDENT,TYPE,SPONSOR
2022,Dissertação de mestrado,Universidade Federal de Minas Gerais,Artes,Bárbara Lissa Alves de Campos,ORIENTADOR_PRINCIPAL,SIM
2022,Dissertação de mestrado,Universidade Federal de Minas Gerais,Artes,Maria Tereza Dantas Moura,CO_ORIENTADOR,SIM
2009,INICIACAO_CIENTIFICA,Universidade FUMEC,Turismo - Gestão em Hotelaria,Letícia Firmato Esteves Menta,CO_ORIENTADOR,SIM
2010,INICIACAO_CIENTIFICA,Universidade FUMEC,Administração,Aline Fabiane Silva,CO_ORIENTADOR,SIM
2008,INICIACAO_CIENTIFICA,Universidade FUMEC,Turismo - Gestão em Hotelaria,Letícia Firmato Esteves Menta,CO_ORIENTADOR,SIM
2013,ORIENTACAO-DE-OUTRA-NATUREZA,Universidade Federal de Minas Gerais,Conservação e Restauração de Bens Culturais Móveis,Priscila Cristina Martins de Oliveira,CO_ORIENTADOR,SIM
2013,ORIENTACAO-DE-OUTRA-NATUREZA,Universidade Federal de Minas Gerais,Conservação e Restauração de Bens Culturais Móveis,Roseli Aparecida Alves Cota,CO_ORIENTADOR,SIM
2013,INICIACAO_CIENTIFICA,Universidade Federal de Minas Gerais,Conservação e Restauração de Bens Culturais Móveis,Iamanda Pinho Riehl,CO_ORIENTADOR,SIM
2013,MONOGRAFIA_DE_CONCLUSAO_DE_CURSO_APERFEICOAMENTO_E_ESPECIALIZACAO,Universidade Federal de Minas Gerais,Curso de Especialização em Ensino de Artes Visuais,Juliane Assis Figueiredo,CO_ORIENTADOR,NAO
2013,MONOGRAFIA_DE_CONCLUSAO_DE_CURSO_APERFEICOAMENTO_E_ESPECIALIZACAO,Universidade Federal de Minas Gerais,Curso de Especialização em Ensino de Artes Visuais,Líliam Aparecida Fernandes França,CO_ORIENTADOR,NAO
2013,MONOGRAFIA_DE_CONCLUSAO_DE_CURSO_APERFEICOAMENTO_E_ESPECIALIZACAO,Universidade Federal de Minas Gerais,Curso de Especialização em Ensino de Artes Visuais,Gilmar Pereira Batista,CO_ORIENTADOR,NAO
2014,INICIACAO_CIENTIFICA,Universidade Federal de Minas Gerais,Conservação e Restauração de Bens Culturais Móveis,Vitória Beatriz Araújo Oliveira,CO_ORIENTADOR,SIM
2016,INICIACAO_CIENTIFICA,Universidade Federal de Minas Gerais,Conservação e Restauração de Bens Culturais Móveis,"BASTOS, Carolina Diniz",CO_ORIENTADOR,SIM
2017,TRABALHO_DE_CONCLUSAO_DE_CURSO_GRADUACAO,Universidade Federal de Minas Gerais,Conservação e Restauração de Bens Culturais Móveis,Viviane Xavier Pinto,CO_ORIENTADOR,NAO
2018,INICIACAO_CIENTIFICA,Universidade Federal de Minas Gerais,Abi - Artes Visuais,Raylander Mártis dos Anjos,CO_ORIENTADOR,NAO
2018,TRABALHO_DE_CONCLUSAO_DE_CURSO_GRADUACAO,Universidade Federal de Minas Gerais,Conservação e Restauração de Bens Culturais Móveis,Carolina Diniz Bastos,CO_ORIENTADOR,NAO
2018,TRABALHO_DE_CONCLUSAO_DE_CURSO_GRADUACAO,Universidade Federal de Minas Gerais,Conservação e Restauração de Bens Culturais Móveis,Júlia Figueiredo Cavallieri,CO_ORIENTADOR,NAO
2017,INICIACAO_CIENTIFICA,Universidade Federal de Minas Gerais,Conservação e Restauração de Bens Culturais Móveis,Maria Tereza Dantas Moura,CO_ORIENTADOR,SIM
2018,INICIACAO_CIENTIFICA,Universidade Federal de Minas Gerais,Conservação e Restauração de Bens Culturais Móveis,Maria Tereza Dantas Moura,CO_ORIENTADOR,SIM
2019,TRABALHO_DE_CONCLUSAO_DE_CURSO_GRADUACAO,Universidade Federal de Minas Gerais,Conservação e Restauração de Bens Culturais Móveis,Maria Tereza Dantas Moura,CO_ORIENTADOR,NAO
2020,TRABALHO_DE_CONCLUSAO_DE_CURSO_GRADUACAO,Universidade Federal de Minas Gerais,Conservação e Restauração de Bens Culturais Móveis,Lilian Amélia dos Santos,CO_ORIENTADOR,NAO
2022,TRABALHO_DE_CONCLUSAO_DE_CURSO_GRADUACAO,Universidade Federal de Minas Gerais,Conservação e Restauração de Bens Culturais Móveis,Mannuella Luz de Oliveira Valinhas,CO_ORIENTADOR,NAO
2013,MONOGRAFIA_DE_CONCLUSAO_DE_CURSO_APERFEICOAMENTO_E_ESPECIALIZACAO,Universidade Federal de Minas Gerais,Curso de Especialização em Ensino de Artes Visuais,Thaís Aparecida da Silva,CO_ORIENTADOR,NAO
