YEAR,NATURE,INSTITUTION,COURSE,STUDENT,TYPE,SPONSOR
2018,Dissertação de mestrado,Universidade Federal de São João Del-Rei,"Programa Interdepartamental de Pós-graduação Interdisciplinar em Artes, Urb",Romiria Penha Turcheti Vzasconcelos,ORIENTADOR_PRINCIPAL,NAO
2020,Dissertação de mestrado,Universidade Federal de São João Del-Rei,Programa de Pós-graduação em Artes Cênicas,Genilson Antonio Ferreira,ORIENTADOR_PRINCIPAL,NAO
2017,Dissertação de mestrado,Universidade Federal de São João Del-Rei,"Programa Interdepartamental de Pós-graduação Interdisciplinar em Artes, Urb",Naiara Virginia da Silva,ORIENTADOR_PRINCIPAL,NAO
2017,Dissertação de mestrado,Universidade Federal de São João Del-Rei,"Artes, Urbanidades e Sustentabilidade ( 32118010041P5)",Nayara Cristina Almeida,ORIENTADOR_PRINCIPAL,SIM
2018,Dissertação de mestrado,Universidade Federal de São João Del-Rei,Programa de Pós-graduação em Artes Cênicas,Tais Caroline de Sousa,ORIENTADOR_PRINCIPAL,NAO
2019,Dissertação de mestrado,Universidade Federal de São João Del-Rei,"Programa Interdepartamental de Pós-graduação Interdisciplinar em Artes, Urb",Jéssica Felipe Tavares,ORIENTADOR_PRINCIPAL,NAO
2019,Dissertação de mestrado,Universidade Federal de São João Del-Rei,"Artes, Urbanidades e Sustentabilidade ( 32118010041P5)",Rodrigo de Lima Muniz e Borges,CO_ORIENTADOR,SIM
2019,Dissertação de mestrado,Universidade Federal de São João Del-Rei,"Artes, Urbanidades e Sustentabilidade ( 32118010041P5)",Tatiana Diniz Lima,CO_ORIENTADOR,NAO
2018,Dissertação de mestrado,Universidade Federal de São João Del-Rei,"Programa Interdepartamental de Pós-graduação Interdisciplinar em Artes, Urb",Tais Carvalho Soares,ORIENTADOR_PRINCIPAL,NAO
2005,TRABALHO_DE_CONCLUSAO_DE_CURSO_GRADUACAO,Faculdade de Americana,Educação Física,Monica Borges,CO_ORIENTADOR,NAO
2005,TRABALHO_DE_CONCLUSAO_DE_CURSO_GRADUACAO,Faculdade de Americana,Educação Física,Luiz Matos,CO_ORIENTADOR,NAO
2010,ORIENTACAO-DE-OUTRA-NATUREZA,Universidade Federal de São João Del-Rei,,ANA CRISTINA RODARTE VIEIRA,CO_ORIENTADOR,NAO
2010,ORIENTACAO-DE-OUTRA-NATUREZA,Universidade Federal de São João Del-Rei,Teatro,ANA KARLA TZORTZATO ALMEIDA,CO_ORIENTADOR,SIM
2010,ORIENTACAO-DE-OUTRA-NATUREZA,Universidade Federal de São João Del-Rei,Teatro,ANA MARIA MALTA PEREIRA,CO_ORIENTADOR,SIM
2010,ORIENTACAO-DE-OUTRA-NATUREZA,Universidade Federal de São João Del-Rei,Teatro,ANA PAULA GOMES DA ROCHA,CO_ORIENTADOR,NAO
2010,ORIENTACAO-DE-OUTRA-NATUREZA,Universidade Federal de São João Del-Rei,Teatro,ANDERSON RAIL DO NASCIMENTO,CO_ORIENTADOR,SIM
2010,ORIENTACAO-DE-OUTRA-NATUREZA,Universidade Federal de São João Del-Rei,Teatro,DIRCE ELAINE SILVA,CO_ORIENTADOR,SIM
2010,ORIENTACAO-DE-OUTRA-NATUREZA,Universidade Federal de São João Del-Rei,Teatro,ÉRIKA CAMILA PEREIRA DOS SANTOS,CO_ORIENTADOR,SIM
2010,ORIENTACAO-DE-OUTRA-NATUREZA,Universidade Federal de São João Del-Rei,Teatro,FLAVIO GIOVANNI NOGUEIRA,CO_ORIENTADOR,SIM
2010,ORIENTACAO-DE-OUTRA-NATUREZA,Universidade Federal de São João Del-Rei,Teatro,KARLA MARIA DE OLIVEIRA PEREIRA,CO_ORIENTADOR,SIM
2010,ORIENTACAO-DE-OUTRA-NATUREZA,Universidade Federal de São João Del-Rei,Teatro,LAIS DALARIVA PACHECO,CO_ORIENTADOR,SIM
2010,ORIENTACAO-DE-OUTRA-NATUREZA,Universidade Federal de São João Del-Rei,Teatro,LUCIANA DE OLIVEIRA,CO_ORIENTADOR,SIM
2010,ORIENTACAO-DE-OUTRA-NATUREZA,Universidade Federal de São João Del-Rei,Teatro,MONIQUE TEIXEIRA,CO_ORIENTADOR,SIM
2010,ORIENTACAO-DE-OUTRA-NATUREZA,Universidade Federal de São João Del-Rei,Teatro,NATHALIE MOREIRA DE OLIVEIRA,CO_ORIENTADOR,SIM
2010,ORIENTACAO-DE-OUTRA-NATUREZA,Universidade Federal de São João Del-Rei,Teatro,NATHÁLYA DE FARIA FONSECA,CO_ORIENTADOR,SIM
2010,ORIENTACAO-DE-OUTRA-NATUREZA,Universidade Federal de São João Del-Rei,Teatro,PAULA CRISTINA DA COSTA,CO_ORIENTADOR,SIM
2010,ORIENTACAO-DE-OUTRA-NATUREZA,Universidade Federal de São João Del-Rei,Teatro,PLINIO PEREIRA REZENDE,CO_ORIENTADOR,SIM
2010,ORIENTACAO-DE-OUTRA-NATUREZA,Universidade Federal de São João Del-Rei,Teatro,ROMÍRIA PENHA TURCHETI VASCONCELOS,CO_ORIENTADOR,SIM
2010,ORIENTACAO-DE-OUTRA-NATUREZA,Universidade Federal de São João Del-Rei,Teatro,TALES RAMON FERREIRA DE ALMEIDA,CO_ORIENTADOR,SIM
2010,ORIENTACAO-DE-OUTRA-NATUREZA,Universidade Federal de São João Del-Rei,Teatro,THAISSA CORENO GÖMÖRY SILVA,CO_ORIENTADOR,SIM
2010,ORIENTACAO-DE-OUTRA-NATUREZA,Escola Estadual Cônego Osvaldo Lustosa,Arrte,MARCOPOLO DE RESENDE BONACCIO,CO_ORIENTADOR,SIM
2010,INICIACAO_CIENTIFICA,Universidade Federal de São João Del-Rei,,ANA PAULA GOMES DA ROCHA,CO_ORIENTADOR,NAO
2011,INICIACAO_CIENTIFICA,Universidade Federal de São João Del-Rei,Teatro,Ana Paula Gomes da Rocha,CO_ORIENTADOR,NAO
2011,INICIACAO_CIENTIFICA,Universidade Federal de São João Del-Rei,Teatro,KARLA MARIA DE OLIVEIRA PEREIRA,CO_ORIENTADOR,NAO
2011,INICIACAO_CIENTIFICA,Universidade Federal de São João Del-Rei,Teatro,Amanda Couto Araújo,CO_ORIENTADOR,NAO
2011,INICIACAO_CIENTIFICA,Universidade Federal de São João Del-Rei,Teatro,Renata Cândida da Silva,CO_ORIENTADOR,SIM
2011,INICIACAO_CIENTIFICA,Universidade Federal de São João Del-Rei,,Giselle de Oliveira Teixeira,CO_ORIENTADOR,SIM
2012,INICIACAO_CIENTIFICA,Universidade Federal de São João Del-Rei,Teatro,KARLA MARIA DE OLIVEIRA PEREIRA,CO_ORIENTADOR,NAO
2012,INICIACAO_CIENTIFICA,Universidade Federal de São João Del-Rei,Teatro,Amanda Couto Araujo,CO_ORIENTADOR,NAO
2012,INICIACAO_CIENTIFICA,Universidade Federal de São João Del-Rei,Teatro,Camila de Freitas Ribeiro,CO_ORIENTADOR,NAO
2012,INICIACAO_CIENTIFICA,Universidade Federal de São João Del-Rei,Teatro,Genilson Antonio Ferreira,CO_ORIENTADOR,NAO
2012,INICIACAO_CIENTIFICA,Escola Estadual Governador Milton Campos,no0no ano,Fabio Henrique Junior,CO_ORIENTADOR,SIM
2012,ORIENTACAO-DE-OUTRA-NATUREZA,Programa Institucional de Bolsa de Iniciação à Docencia (UFSJ/Teatro),,Alessandra Fátima da Silva,CO_ORIENTADOR,SIM
2012,ORIENTACAO-DE-OUTRA-NATUREZA,Programa Institucional de Bolsa de Iniciação à Docencia (UFSJ/Teatro),,Amanda Couto Araújo,CO_ORIENTADOR,SIM
2012,ORIENTACAO-DE-OUTRA-NATUREZA,"Grupo Transdisciplinar de Pesquisa em Artes, Culturas e Sustentabilidade",Teatro,Bruna Capanema Duarte,CO_ORIENTADOR,SIM
2012,ORIENTACAO-DE-OUTRA-NATUREZA,Programa Institucional de Bolsa de Iniciação à Docencia (UFSJ/Teatro),,Carlos Henrique Barto Júnior,CO_ORIENTADOR,SIM
2012,ORIENTACAO-DE-OUTRA-NATUREZA,"Grupo Transdisciplinar de Pesquisa em Artes, Culturas e Sustentabilidade",Teatro,Camila Freitas Ribeiro,CO_ORIENTADOR,SIM
2012,ORIENTACAO-DE-OUTRA-NATUREZA,Programa Institucional de Bolsa de Iniciação à Docencia (UFSJ/Teatro),,Danielle Paula de Jesus,CO_ORIENTADOR,SIM
2012,ORIENTACAO-DE-OUTRA-NATUREZA,Programa Institucional de Bolsa de Iniciação à Docencia (UFSJ/Teatro),,Diego Alexandre da Silva,CO_ORIENTADOR,SIM
2012,ORIENTACAO-DE-OUTRA-NATUREZA,Programa Institucional de Bolsa de Iniciação à Docencia (UFSJ/Teatro),,Diego Pedrosa de Matos,CO_ORIENTADOR,SIM
2012,ORIENTACAO-DE-OUTRA-NATUREZA,Programa Institucional de Bolsa de Iniciação à Docencia (UFSJ/Teatro),,Fabiane da Fonseca,CO_ORIENTADOR,SIM
2012,ORIENTACAO-DE-OUTRA-NATUREZA,Programa Institucional de Bolsa de Iniciação à Docencia (UFSJ/Teatro),,Flora Cunha Lucena,CO_ORIENTADOR,SIM
2012,ORIENTACAO-DE-OUTRA-NATUREZA,Programa Institucional de Bolsa de Iniciação à Docencia (UFSJ/Teatro),,Genilson Antônio Ferreira,CO_ORIENTADOR,SIM
2012,ORIENTACAO-DE-OUTRA-NATUREZA,"Grupo Transdisciplinar de Pesquisa em Artes, Culturas e Sustentabilidade",Artes Aplicadas,Isis Bey Braga Trindade,CO_ORIENTADOR,SIM
2012,ORIENTACAO-DE-OUTRA-NATUREZA,Programa Institucional de Bolsa de Iniciação à Docencia (UFSJ/Teatro),,Jheycy Cynnelly Santos,CO_ORIENTADOR,SIM
2012,ORIENTACAO-DE-OUTRA-NATUREZA,"Grupo Transdisciplinar de Pesquisa em Artes, Culturas e Sustentabilidade",,Joyce Natália Batista Lopes,CO_ORIENTADOR,SIM
2012,ORIENTACAO-DE-OUTRA-NATUREZA,Programa Institucional de Bolsa de Iniciação à Docencia (UFSJ/Teatro),,Karine Jozef Carvalho Carraro,CO_ORIENTADOR,SIM
2012,ORIENTACAO-DE-OUTRA-NATUREZA,Programa Institucional de Bolsa de Iniciação à Docencia (UFSJ/Teatro),,Karla Maria de Oliveira Pereira,CO_ORIENTADOR,SIM
2012,ORIENTACAO-DE-OUTRA-NATUREZA,Programa Institucional de Bolsa de Iniciação à Docencia (UFSJ/Teatro),,Lais Dalariva de Oliveira Pereira,CO_ORIENTADOR,SIM
2012,ORIENTACAO-DE-OUTRA-NATUREZA,Programa Institucional de Bolsa de Iniciação à Docencia (UFSJ/Teatro),,Mara Fernandes Costa,CO_ORIENTADOR,SIM
2012,ORIENTACAO-DE-OUTRA-NATUREZA,Programa Institucional de Bolsa de Iniciação à Docencia (UFSJ/Teatro),,Mônica da Silva de Paula,CO_ORIENTADOR,SIM
2012,ORIENTACAO-DE-OUTRA-NATUREZA,Programa Institucional de Bolsa de Iniciação à Docencia (UFSJ/Teatro),,Naira Virgínia da Silva,CO_ORIENTADOR,SIM
2012,ORIENTACAO-DE-OUTRA-NATUREZA,Programa Institucional de Bolsa de Iniciação à Docencia (UFSJ/Teatro),,Samuel Leal,CO_ORIENTADOR,SIM
2012,ORIENTACAO-DE-OUTRA-NATUREZA,Programa Institucional de Bolsa de Iniciação à Docencia (UFSJ/Teatro),,Taís Caroline de Souza,CO_ORIENTADOR,SIM
2012,ORIENTACAO-DE-OUTRA-NATUREZA,Programa Institucional de Bolsa de Iniciação à Docencia (UFSJ/Teatro),,Thalles Ramon Ferreira de Almeida,CO_ORIENTADOR,SIM
2012,ORIENTACAO-DE-OUTRA-NATUREZA,Programa Institucional de Bolsa de Iniciação à Docencia (UFSJ/Teatro),,Thaís Figueredo Rosa de Freitas,CO_ORIENTADOR,SIM
2012,ORIENTACAO-DE-OUTRA-NATUREZA,"Grupo Transdisciplinar de Pesquisa em Artes, Culturas e Sustentabilidade",,Genilson Antônio Ferreira,CO_ORIENTADOR,NAO
2013,TRABALHO_DE_CONCLUSAO_DE_CURSO_GRADUACAO,Universidade Federal de São João Del-Rei,Teatro,Degiany Leite de Assis Barbosa,CO_ORIENTADOR,NAO
2013,TRABALHO_DE_CONCLUSAO_DE_CURSO_GRADUACAO,Universidade Federal de São João Del-Rei,Teatro,Monica da Silva de Paula,CO_ORIENTADOR,NAO
2013,TRABALHO_DE_CONCLUSAO_DE_CURSO_GRADUACAO,Universidade Federal de São João Del-Rei,Teatro,NAIARA VIRGÍNIA DA SILVA,CO_ORIENTADOR,NAO
2013,TRABALHO_DE_CONCLUSAO_DE_CURSO_GRADUACAO,Universidade Federal de São João Del-Rei,Teatro,Romiria Penha Turcheti Vasconcelos,CO_ORIENTADOR,SIM
2013,TRABALHO_DE_CONCLUSAO_DE_CURSO_GRADUACAO,Universidade Federal de São João Del-Rei,Teatro,Thaissa Coreno Gomory Silva,CO_ORIENTADOR,NAO
2013,TRABALHO_DE_CONCLUSAO_DE_CURSO_GRADUACAO,Universidade Federal de São João Del-Rei,Teatro,Genilson Antonio Ferreira,CO_ORIENTADOR,NAO
2013,TRABALHO_DE_CONCLUSAO_DE_CURSO_GRADUACAO,Universidade Federal de São João Del-Rei,Teatro,Camila de Freitas Ribeiro,CO_ORIENTADOR,NAO
2014,TRABALHO_DE_CONCLUSAO_DE_CURSO_GRADUACAO,Universidade Federal de São João Del-Rei,Teatro,Degiany Leite de Assis Barbosa,CO_ORIENTADOR,NAO
2015,TRABALHO_DE_CONCLUSAO_DE_CURSO_GRADUACAO,Universidade Federal de São João Del-Rei,Teatro,Bruno Padilha Costa de Araújo,CO_ORIENTADOR,NAO
2015,TRABALHO_DE_CONCLUSAO_DE_CURSO_GRADUACAO,Universidade Federal de São João Del-Rei,Teatro,Flora Cunha Lucena,CO_ORIENTADOR,NAO
2015,TRABALHO_DE_CONCLUSAO_DE_CURSO_GRADUACAO,Universidade Federal de São João Del-Rei,Teatro,Camila de Freitas Ribeiro,CO_ORIENTADOR,NAO
2015,TRABALHO_DE_CONCLUSAO_DE_CURSO_GRADUACAO,Universidade Federal de São João Del-Rei,Teatro,Lais Dalariva Pacheco,CO_ORIENTADOR,NAO
2015,TRABALHO_DE_CONCLUSAO_DE_CURSO_GRADUACAO,Universidade Federal de São João Del-Rei,Teatro,Giselle Mara Raimundo,CO_ORIENTADOR,NAO
2015,TRABALHO_DE_CONCLUSAO_DE_CURSO_GRADUACAO,Universidade Federal de São João Del-Rei,Teatro,Ana Paula Gomes da Rocha,CO_ORIENTADOR,NAO
2015,TRABALHO_DE_CONCLUSAO_DE_CURSO_GRADUACAO,Universidade Federal de São João Del-Rei,Teatro,Fernanda Junqueira de Abreu,CO_ORIENTADOR,NAO
2015,INICIACAO_CIENTIFICA,Universidade Federal de São João Del-Rei,Teatro,Giselle Mara Raimundo,CO_ORIENTADOR,SIM
2018,INICIACAO_CIENTIFICA,Universidade Federal de São João Del-Rei,,Mauro Sérgio Pinto,CO_ORIENTADOR,SIM
2019,TRABALHO_DE_CONCLUSAO_DE_CURSO_GRADUACAO,Universidade Federal de São João Del-Rei,Teatro,Priscila Silmara Moraes de Assis,CO_ORIENTADOR,NAO
2018,INICIACAO_CIENTIFICA,Universidade Federal de São João Del-Rei,Teatro,Mauros Sergio Pinto,CO_ORIENTADOR,SIM
2019,TRABALHO_DE_CONCLUSAO_DE_CURSO_GRADUACAO,Universidade Federal de São João Del-Rei,Teatro,Webert Robson de Sousa Silva,CO_ORIENTADOR,NAO
2017,TRABALHO_DE_CONCLUSAO_DE_CURSO_GRADUACAO,Universidade Federal de São João Del-Rei,Teatro,Karine Jozef Carraro Carvalho,CO_ORIENTADOR,NAO
2021,TRABALHO_DE_CONCLUSAO_DE_CURSO_GRADUACAO,Universidade Federal de São João Del-Rei,Teatro,THAÍS FIGUEIREDO GAZZOLA,CO_ORIENTADOR,NAO
2016,TRABALHO_DE_CONCLUSAO_DE_CURSO_GRADUACAO,Universidade Federal de São João Del-Rei,Teatro,Danielle Paula de Jesus,CO_ORIENTADOR,NAO
