YEAR,NATURE,INSTITUTION,COURSE,STUDENT,TYPE,SPONSOR
2001,Dissertação de mestrado,Universidade Federal de Minas Gerais,Música,Nichola Dittich Viggiano,ORIENTADOR_PRINCIPAL,NAO
2002,Dissertação de mestrado,Universidade Federal de Minas Gerais,Música,José Augusto Soares de Almeida,ORIENTADOR_PRINCIPAL,NAO
2003,Dissertação de mestrado,Universidade Federal de Minas Gerais,Música,Samuel Alessandro Granjense de Lima Saraiva,ORIENTADOR_PRINCIPAL,SIM
2006,Dissertação de mestrado,Universidade Federal de Minas Gerais,Música,Cássio Henrique Ribeiro Martins,ORIENTADOR_PRINCIPAL,NAO
2007,Dissertação de mestrado,Universidade Federal de Minas Gerais,Saúde Pública,Ronise Costa Lima,CO_ORIENTADOR,NAO
2007,Dissertação de mestrado,Universidade Federal de Minas Gerais,Música,Aureliano Afonso Araújo,ORIENTADOR_PRINCIPAL,NAO
2007,Dissertação de mestrado,Universidade Federal de Minas Gerais,Música,Kênia Adriane Pinto Chantal,ORIENTADOR_PRINCIPAL,NAO
2008,Dissertação de mestrado,Universidade Federal de Minas Gerais,Música,Carolina Valverde Alves,CO_ORIENTADOR,NAO
2008,Dissertação de mestrado,Universidade Federal de Minas Gerais,Música,Luiza Chequer dos Santos Lages,ORIENTADOR_PRINCIPAL,NAO
2010,Dissertação de mestrado,Universidade Federal de Minas Gerais,Música,Silas de Andrade Neto,ORIENTADOR_PRINCIPAL,NAO
2013,Dissertação de mestrado,Universidade Federal de Minas Gerais,Música,Eliézer Anderson Batista isidoro,ORIENTADOR_PRINCIPAL,NAO
2014,Dissertação de mestrado,Universidade Federal de Minas Gerais,Música,Luiza Gaspar Anastácio,ORIENTADOR_PRINCIPAL,NAO
2015,Dissertação de mestrado,Universidade Federal de Minas Gerais,Música,Marija Mihajlovic Pereira,ORIENTADOR_PRINCIPAL,NAO
2016,Dissertação de mestrado,Universidade Federal de Minas Gerais,Música,Paula Cordeiro Franco,ORIENTADOR_PRINCIPAL,SIM
2017,Dissertação de mestrado,Universidade Federal de Minas Gerais,Música,Bruna Caroline de Souza Berbert,ORIENTADOR_PRINCIPAL,SIM
2017,Dissertação de mestrado,Universidade Federal de Minas Gerais,Música,Álisson Carvalho Berbert,ORIENTADOR_PRINCIPAL,NAO
2020,Dissertação de mestrado,Universidade Federal de Minas Gerais,Música,Rafael Ribeiro,ORIENTADOR_PRINCIPAL,NAO
2020,Dissertação de mestrado,Universidade Federal de Minas Gerais,Música,Lucas Barreto Ferreira,ORIENTADOR_PRINCIPAL,SIM
2013,Dissertação de mestrado,Universidade Federal de Minas Gerais,Música,Márcio Cecconello,ORIENTADOR_PRINCIPAL,NAO
2017,ORIENTACAO-DE-OUTRA-NATUREZA,Universidade Federal de Minas Gerais,"Música - Instrumentos de Corda, Sopro e Percussão",Paula Cordeiro Franco,CO_ORIENTADOR,NAO
