YEAR,NATURE,INSTITUTION,COURSE,STUDENT,TYPE,SPONSOR
2018,Dissertação de mestrado,Universidade Federal de Minas Gerais,Música,Yangmei Hon natalino,ORIENTADOR_PRINCIPAL,NAO
2021,Dissertação de mestrado,Universidade Federal de Minas Gerais,Programa de Pós-Graduação em Música da UFMG,Giuliano Stefano Elias Coura,ORIENTADOR_PRINCIPAL,SIM
2017,Tese de doutorado,Universidade Federal de Minas Gerais,Música,Miriam Bastos Rocha,CO_ORIENTADOR,SIM
2011,MONOGRAFIA_DE_CONCLUSAO_DE_CURSO_APERFEICOAMENTO_E_ESPECIALIZACAO,Escola de Música da UFMG,Especialização em Educação Musical,Alessandra Regina de Oliveira Rezende,CO_ORIENTADOR,NAO
2011,MONOGRAFIA_DE_CONCLUSAO_DE_CURSO_APERFEICOAMENTO_E_ESPECIALIZACAO,Escola de Música da UFMG,Especialização em Educação Musical,LARISSA SCHMAEDEKE LANGE,CO_ORIENTADOR,NAO
2010,MONOGRAFIA_DE_CONCLUSAO_DE_CURSO_APERFEICOAMENTO_E_ESPECIALIZACAO,Escola de Música da UFMG,Especialização em Educação Musical,Renata Benedetto Costa Gomes,CO_ORIENTADOR,NAO
2009,MONOGRAFIA_DE_CONCLUSAO_DE_CURSO_APERFEICOAMENTO_E_ESPECIALIZACAO,Escola de Música da UFMG,Especialização em Educação Musical,MARIA EMÍLIA QUEIROZ BASTOS,CO_ORIENTADOR,NAO
2015,INICIACAO_CIENTIFICA,Escola de Música da UFMG,Graduação,Hudson Ditheman Rosa,CO_ORIENTADOR,SIM
2016,INICIACAO_CIENTIFICA,Escola de Música da UFMG,Graduação,Felipe Galery Batista,CO_ORIENTADOR,SIM
