YEAR,NATURE,INSTITUTION,COURSE,STUDENT,TYPE,SPONSOR
2011,Dissertação de mestrado,Universidade Federal de Minas Gerais,Programa de Pós-Graduação em Artes da Escola de B,Helena Leite Mauro,CO_ORIENTADOR,NAO
2015,Dissertação de mestrado,Universidade Federal de Minas Gerais,Pós-Graduação em Artes - EBA/UFMG,Tatiana de Oliveira Almeida,ORIENTADOR_PRINCIPAL,NAO
2019,Dissertação de mestrado,Universidade Federal de Minas Gerais,Pós-Graduação em Artes - EBA/UFMG,Carla Geruse Gontijo Campolim Moraes,ORIENTADOR_PRINCIPAL,SIM
2019,Dissertação de mestrado,Universidade Federal de Minas Gerais,Pós-Graduação em Artes - EBA/UFMG,DANIELLE MARCIA FERNANDES,ORIENTADOR_PRINCIPAL,SIM
2012,Dissertação de mestrado,Universidade Federal de Minas Gerais,Programa de Pós-Graduação em Artes da Escola de B,Renata Mara Fonseca de Almeida,CO_ORIENTADOR,SIM
2016,Tese de doutorado,Universidade Federal de Minas Gerais,Programa de Pós-Graduação em Artes da EBA - UFMG,Nicolle Carvalho Pinto Vieira,CO_ORIENTADOR,NAO
2018,Tese de doutorado,Programa de Pós-Graduação em Artes da EBA - UFMG,Doutorado,Tarcísio dos Santos Ramos,ORIENTADOR_PRINCIPAL,NAO
2020,Tese de doutorado,Universidade Federal de Minas Gerais e Universidade Federal do Pará,Programa de Pós-Graduação em Artes/DINTER,ERIKA GOMES TEIXEIRA,ORIENTADOR_PRINCIPAL,SIM
2016,Tese de doutorado,Universidade Federal de Minas Gerais,Programa de Pós-Graduação em Artes da EBA - UFMG,Tânia Mara Silva Meireles,ORIENTADOR_PRINCIPAL,NAO
2010,TRABALHO_DE_CONCLUSAO_DE_CURSO_GRADUACAO,Universidade Federal de Minas Gerais,Teatro,Ana Clara Buratto Silva,CO_ORIENTADOR,NAO
2011,ORIENTACAO-DE-OUTRA-NATUREZA,Universidade Federal de Minas Gerais,Conservação e Restauração,Antônia Dolores Belico Soares,CO_ORIENTADOR,SIM
2011,TRABALHO_DE_CONCLUSAO_DE_CURSO_GRADUACAO,Universidade Federal de Minas Gerais,Curso de Teatro,Maria Isabel dos Santos,CO_ORIENTADOR,NAO
2011,ORIENTACAO-DE-OUTRA-NATUREZA,Universidade Federal de Minas Gerais,Licenciatura em Dança,Verônica Teodora Pimenta e Débora de Oliveira Rodrigues Gome,CO_ORIENTADOR,SIM
2012,ORIENTACAO-DE-OUTRA-NATUREZA,Universidade Federal de Minas Gerais,Curso de Conservação e Restauração,Antônia Dolores Belico Soares,CO_ORIENTADOR,SIM
2012,INICIACAO_CIENTIFICA,Universidade Federal de Minas Gerais,Teatro,Rogério Gomes dos Santos,CO_ORIENTADOR,SIM
2012,TRABALHO_DE_CONCLUSAO_DE_CURSO_GRADUACAO,Universidade Federal de Minas Gerais,Teatro,Fernanda Cadete de Oliveira,CO_ORIENTADOR,NAO
2011,INICIACAO_CIENTIFICA,Universidade Federal de Minas Gerais,Licenciatura em Dança,Anna Vitória Farias Alves,CO_ORIENTADOR,SIM
2012,TRABALHO_DE_CONCLUSAO_DE_CURSO_GRADUACAO,Universidade Federal de Minas Gerais,Teatro,Ana Paula Silveira Bezerra,CO_ORIENTADOR,NAO
2014,TRABALHO_DE_CONCLUSAO_DE_CURSO_GRADUACAO,Universidade Federal de Minas Gerais,Teatro,Paulo Henrique de Oliveira,CO_ORIENTADOR,NAO
2015,INICIACAO_CIENTIFICA,Universidade Federal de Minas Gerais,Dança,Akotiren Sila Leonardo,CO_ORIENTADOR,SIM
2015,TRABALHO_DE_CONCLUSAO_DE_CURSO_GRADUACAO,Universidade Federal de Minas Gerais,Dança,Maíra Vieira Rodrigues,CO_ORIENTADOR,NAO
2015,TRABALHO_DE_CONCLUSAO_DE_CURSO_GRADUACAO,Universidade Federal de Minas Gerais,Dança,Jéssica Aguiar Monteiro,CO_ORIENTADOR,NAO
2017,TRABALHO_DE_CONCLUSAO_DE_CURSO_GRADUACAO,Universidade Federal de Minas Gerais,Dança,Patrícia Resende Soares,CO_ORIENTADOR,NAO
2019,INICIACAO_CIENTIFICA,Universidade Federal de Minas Gerais,Dança,Priscila Viana Patta,CO_ORIENTADOR,SIM
2019,TRABALHO_DE_CONCLUSAO_DE_CURSO_GRADUACAO,Universidade Federal de Minas Gerais,Curso de Graduação em Dança - Licenciatura,Bárbara Cristina de Sousa Maia,CO_ORIENTADOR,NAO
2004,INICIACAO_CIENTIFICA,Universidade Federal de Minas Gerais,Artes Cênicas,Gustavo Baracho,CO_ORIENTADOR,SIM
