YEAR,NATURE,INSTITUTION,COURSE,STUDENT,TYPE,SPONSOR
2018,Dissertação de mestrado,Universidade Federal de São João Del-Rei,"Pós-Graduação Interdisciplinar em Artes, Urbanidades e Sustentabilidade",Douglas Silva Lauria,CO_ORIENTADOR,SIM
2021,Dissertação de mestrado,Universidade Federal de São João Del-Rei,Artes Cênicas,Ana Carolina Rezende,ORIENTADOR_PRINCIPAL,SIM
2020,Dissertação de mestrado,Universidade Federal de São João Del-Rei,Artes Cênicas,Adriana Ribeiro de Almeida,ORIENTADOR_PRINCIPAL,NAO
2015,TRABALHO_DE_CONCLUSAO_DE_CURSO_GRADUACAO,Universidade Federal de São João Del-Rei,Teatro,Fabiane Fonseca,CO_ORIENTADOR,NAO
2015,TRABALHO_DE_CONCLUSAO_DE_CURSO_GRADUACAO,Universidade Federal de São João Del-Rei,Teatro,Genilson Ferreira,CO_ORIENTADOR,NAO
2015,TRABALHO_DE_CONCLUSAO_DE_CURSO_GRADUACAO,Universidade Federal de São João Del-Rei,Teatro,Orlando Talarico,CO_ORIENTADOR,NAO
2015,TRABALHO_DE_CONCLUSAO_DE_CURSO_GRADUACAO,Universidade Federal de São João Del-Rei,Teatro,Vinícius Henrique de Oliveira,CO_ORIENTADOR,NAO
2016,TRABALHO_DE_CONCLUSAO_DE_CURSO_GRADUACAO,Universidade Federal de São João Del-Rei,Teatro,Camila de Freitas Ribeiro,CO_ORIENTADOR,NAO
2016,TRABALHO_DE_CONCLUSAO_DE_CURSO_GRADUACAO,Universidade Federal de São João Del-Rei,Teatro,Patricia Cecilia de Bessa,CO_ORIENTADOR,NAO
2016,TRABALHO_DE_CONCLUSAO_DE_CURSO_GRADUACAO,Universidade Federal de São João Del-Rei,Teatro,Vanessa Aparecida de Resende Gomes,CO_ORIENTADOR,NAO
2017,TRABALHO_DE_CONCLUSAO_DE_CURSO_GRADUACAO,Universidade Federal de São João Del-Rei,Teatro,Reginaldo Bastos dos Santos,CO_ORIENTADOR,NAO
2016,TRABALHO_DE_CONCLUSAO_DE_CURSO_GRADUACAO,Universidade Federal de São João Del-Rei,Teatro,Victor Hugo Góis,CO_ORIENTADOR,NAO
2016,TRABALHO_DE_CONCLUSAO_DE_CURSO_GRADUACAO,Universidade Federal de São João Del-Rei,Teatro,MARIANA BARBOSA LADEIRA,CO_ORIENTADOR,NAO
2016,TRABALHO_DE_CONCLUSAO_DE_CURSO_GRADUACAO,Universidade Federal de São João Del-Rei,Teatro,WILLIAM FRANCISCO DE PAULO,CO_ORIENTADOR,NAO
2016,INICIACAO_CIENTIFICA,Universidade Federal de São João Del-Rei,Teatro,Gabriel josé carneiro,CO_ORIENTADOR,SIM
2017,TRABALHO_DE_CONCLUSAO_DE_CURSO_GRADUACAO,Universidade Federal de São João Del-Rei,Teatro,luís eduardo prata delgado,CO_ORIENTADOR,NAO
2017,TRABALHO_DE_CONCLUSAO_DE_CURSO_GRADUACAO,Universidade Federal de São João Del-Rei,Teatro,giselle mara raimundo,CO_ORIENTADOR,NAO
2017,INICIACAO_CIENTIFICA,Universidade Federal de São João Del-Rei,Teatro,Nelson Bruno Delfino da Conceição,CO_ORIENTADOR,SIM
2020,TRABALHO_DE_CONCLUSAO_DE_CURSO_GRADUACAO,Universidade Federal de São João Del-Rei,Teatro,Amanda Mendes do Amaral,CO_ORIENTADOR,NAO
2020,TRABALHO_DE_CONCLUSAO_DE_CURSO_GRADUACAO,Universidade Federal de São João Del-Rei,Teatro,Luana Rodrigues de Souza,CO_ORIENTADOR,NAO
2015,TRABALHO_DE_CONCLUSAO_DE_CURSO_GRADUACAO,Universidade Federal de São João Del-Rei,Teatro,Vanessa Aparecida de Resende GOMES,CO_ORIENTADOR,NAO
