PROJ,YEAR_INI,YEAR_FIN,NATUREZA,INTEGRANTES,COORDENA
Laboratório de Cultura Material e Arqueologia - LACUMA,2017,2019,PESQUISA,"['Jenny González Muñoz', 'Luiz Carlos Tau Golin', 'Linara Cristina Dos Santos', 'Giulia Machado Cittolin', 'Cleiane Maria Moretto', 'Carmen Curbelo', 'Ana Carolina Lorenzet Galvan', 'Pablo Héctor Mercolli', 'Jacqueline Ahlert']","['NAO', 'SIM', 'NAO', 'NAO', 'NAO', 'NAO', 'NAO', 'NAO', 'NAO']"
O cemitério em Passo Fundo. Visão memorial sobre a morte na sociedade urbana,2017,2019,OUTRA,"['Jenny González Muñoz', 'Luiz Carlos Golin']","['NAO', 'SIM']"
PLATAFORMA COVID-19 E DIREITOS HUMANOS: SISTEMATIZAÇÃO DE INFORMAÇÕES E EXPERIÊNCIAS DURANTE A PANDEMIA NAS TEMÁTICAS MIGRAÇÃO E REFÚGIO E SISTEMA PRISIONAL,2020,2021,EXTENSAO,"['Jenny González Muñoz', 'CAROLYNE REIS BARROS', 'LUCIANE CORREA FERREIRA', 'GABRIEL CORREIA SATURNINO REIS', 'MARIANA LUISA DE OLIVEIRA FERREIRA', 'Yasmin Dias Souki', 'CLARA VALADAO DINIZ REZENDE', 'Thays Cristhine da Costa Santos']","['NAO', 'SIM', 'NAO', 'NAO', 'NAO', 'NAO', 'NAO', 'NAO']"
"Cosmogonía, procesos culturales y arte de pueblos indígenas en la contemporaneidad",2006,ATUAL,PESQUISA,['Jenny González Muñoz'],['SIM']
"Cementerios, epitafios y otras visiones sobre la muerte en las sociedades contemporáneas",2017,ATUAL,PESQUISA,['Jenny González Muñoz'],['SIM']
Valoración del Patrimonio Cultural Inmaterial y su sentido en la Identidad Cultural Comunitaria,2018,ATUAL,PESQUISA,"['Jenny González Muñoz', 'Evelio Salcedo', 'Rovimar Serrano', 'Noemi Frías', 'Henry Vallejo']","['SIM', 'NAO', 'NAO', 'NAO', 'NAO']"
Expresiones artístico-culturales como memoria del patrimonio cultural inmaterial en situaciones migratorias,2020,ATUAL,PESQUISA,"['Jenny González Muñoz', 'Henry Vallejo']","['SIM', 'NAO']"
