YEAR,NATURE,INSTITUTION,COURSE,STUDENT,TYPE,SPONSOR
2016,Dissertação de mestrado,Universidade Federal de Uberlândia,Artes,Gleuter Guimarães,ORIENTADOR_PRINCIPAL,SIM
2016,Dissertação de mestrado,Universidade Federal de Uberlândia,Artes,Cristina Palhares Viso,ORIENTADOR_PRINCIPAL,SIM
2019,Dissertação de mestrado,Universidade Federal de Uberlândia,Artes Cênicas,Wesley dos Santos Nunes,ORIENTADOR_PRINCIPAL,NAO
2020,Dissertação de mestrado,Universidade Federal de Uberlândia,Artes Cênicas,Thiago Henrique Fernandes Coelho,ORIENTADOR_PRINCIPAL,SIM
2018,Dissertação de mestrado,Universidade Federal de Uberlândia,Artes,Maria Aparecida da Silva Machado,ORIENTADOR_PRINCIPAL,NAO
2018,Dissertação de mestrado,Universidade Federal de Uberlândia,Artes,NÉLIA ANGÉLICA DE ARAÚJO,ORIENTADOR_PRINCIPAL,NAO
2021,Dissertação de mestrado,Universidade Federal de Uberlândia,Artes Cênicas,Hudson Salustiano Silva,ORIENTADOR_PRINCIPAL,SIM
2016,Dissertação de mestrado,Universidade Federal de Uberlândia,Artes,Frederico de Carvalho Ferreira,ORIENTADOR_PRINCIPAL,SIM
2003,TRABALHO_DE_CONCLUSAO_DE_CURSO_GRADUACAO,Universidade Estadual de Campinas,Educação Física,Roberta Marangoni,CO_ORIENTADOR,NAO
2006,MONOGRAFIA_DE_CONCLUSAO_DE_CURSO_APERFEICOAMENTO_E_ESPECIALIZACAO,Universidade Sao Marcos Sao paulo,arteterapia,Maria Claudia Lopes,CO_ORIENTADOR,NAO
2006,MONOGRAFIA_DE_CONCLUSAO_DE_CURSO_APERFEICOAMENTO_E_ESPECIALIZACAO,Universidade São Marcos,Curso de especialização arteterapia,Erika Lenk,CO_ORIENTADOR,NAO
2010,TRABALHO_DE_CONCLUSAO_DE_CURSO_GRADUACAO,Veris Faculdades,Pedagogia,Mayra de Andrade Vieira,CO_ORIENTADOR,NAO
2010,TRABALHO_DE_CONCLUSAO_DE_CURSO_GRADUACAO,Veris Faculdades,Pedagogia,Daniela Lourenço,CO_ORIENTADOR,NAO
2010,TRABALHO_DE_CONCLUSAO_DE_CURSO_GRADUACAO,Veris Faculdades,Pedagogia,Joyce DE Fatiuma Sanches Casarini,CO_ORIENTADOR,NAO
2010,TRABALHO_DE_CONCLUSAO_DE_CURSO_GRADUACAO,Veris Faculdades,Pedagogia,Alexsandra Aleves Nora,CO_ORIENTADOR,NAO
2010,MONOGRAFIA_DE_CONCLUSAO_DE_CURSO_APERFEICOAMENTO_E_ESPECIALIZACAO,Universidade São Judas Tadeu,Arte-terapia,Cirlene Balduino,CO_ORIENTADOR,NAO
2009,TRABALHO_DE_CONCLUSAO_DE_CURSO_GRADUACAO,Veris Faculdades,Pedagogia,Talita Rossi Branco Mayara Davene Mendes Rafaela Camargo Dez,CO_ORIENTADOR,NAO
2008,TRABALHO_DE_CONCLUSAO_DE_CURSO_GRADUACAO,Faculdades Integradas Metropolitanas de Campinas,Pedagogia,Márcia Renata Pontes Bruni,CO_ORIENTADOR,NAO
2010,MONOGRAFIA_DE_CONCLUSAO_DE_CURSO_APERFEICOAMENTO_E_ESPECIALIZACAO,Universidade São Judas Tadeu,Arte-terapia,Cristiane Macedo de Abreu,CO_ORIENTADOR,NAO
2008,TRABALHO_DE_CONCLUSAO_DE_CURSO_GRADUACAO,Faculdades Integradas Metropolitanas de Campinas,Pedagogia,Fatima Cristina Perches,CO_ORIENTADOR,NAO
2008,TRABALHO_DE_CONCLUSAO_DE_CURSO_GRADUACAO,Faculdades Integradas Metropolitanas de Campinas,Pedagogia,Elisabeth Santos,CO_ORIENTADOR,NAO
2011,TRABALHO_DE_CONCLUSAO_DE_CURSO_GRADUACAO,Veris Faculdades,Pedagogia,Thais Valerio,CO_ORIENTADOR,NAO
2011,TRABALHO_DE_CONCLUSAO_DE_CURSO_GRADUACAO,Veris Faculdades,Pedagogia,Cristina de Souza Martines,CO_ORIENTADOR,NAO
2011,TRABALHO_DE_CONCLUSAO_DE_CURSO_GRADUACAO,Veris Faculdades,Pedagogia,ESTER CAYRES COLFERAI,CO_ORIENTADOR,NAO
2012,TRABALHO_DE_CONCLUSAO_DE_CURSO_GRADUACAO,METROCAMP-Faculdades Integradas Metropolitanas de Campinas,Pedagogia,BEATRIZ GUAGNANI,CO_ORIENTADOR,NAO
2013,MONOGRAFIA_DE_CONCLUSAO_DE_CURSO_APERFEICOAMENTO_E_ESPECIALIZACAO,Centro Universitário Salesiano São Paulo,Pos graduação em Educação Infantil,Marcia Maria de Pascoal,CO_ORIENTADOR,NAO
2013,MONOGRAFIA_DE_CONCLUSAO_DE_CURSO_APERFEICOAMENTO_E_ESPECIALIZACAO,Centro Universitário Salesiano São Paulo,Pos graduação em Educação Infantil,Elaine Aparecida Correa Silva,CO_ORIENTADOR,NAO
2014,MONOGRAFIA_DE_CONCLUSAO_DE_CURSO_APERFEICOAMENTO_E_ESPECIALIZACAO,Centro Universitário Salesiano São Paulo,Pos graduação em Educação Infantil,Carolina Costa Coelho da Silva,CO_ORIENTADOR,NAO
2014,MONOGRAFIA_DE_CONCLUSAO_DE_CURSO_APERFEICOAMENTO_E_ESPECIALIZACAO,Centro Universitário Salesiano São Paulo,Pos graduação em Educação Infantil,Simone de Carvalho Duarte,CO_ORIENTADOR,NAO
2014,MONOGRAFIA_DE_CONCLUSAO_DE_CURSO_APERFEICOAMENTO_E_ESPECIALIZACAO,Centro Universitário Salesiano São Paulo,Pos graduação em Educação Infantil,Fabiana de Castro Santiago,CO_ORIENTADOR,NAO
2017,TRABALHO_DE_CONCLUSAO_DE_CURSO_GRADUACAO,Universidade Federal de Uberlândia,Teatro - Licenciatura Ou Bacharelado,Thiago Henrique Fernandes Coelho,CO_ORIENTADOR,NAO
2017,TRABALHO_DE_CONCLUSAO_DE_CURSO_GRADUACAO,Universidade Federal de Uberlândia,Teatro - Licenciatura Ou Bacharelado,Guilherme Rodrigues Pereira,CO_ORIENTADOR,NAO
2018,INICIACAO_CIENTIFICA,Universidade Federal de Uberlândia,Teatro - Licenciatura Ou Bacharelado,Júlia Leão Souza,CO_ORIENTADOR,SIM
2018,INICIACAO_CIENTIFICA,Universidade Federal de Uberlândia,Teatro - Licenciatura Ou Bacharelado,THIAGO HENRIQUE FERNANDES COELHO,CO_ORIENTADOR,SIM
2017,INICIACAO_CIENTIFICA,Universidade Federal de Uberlândia,Teatro - Licenciatura Ou Bacharelado,THIAGO HENRIQUE FERNANDES COELHO,CO_ORIENTADOR,SIM
2017,TRABALHO_DE_CONCLUSAO_DE_CURSO_GRADUACAO,Universidade Federal de Uberlândia,Teatro - Licenciatura Ou Bacharelado,THIAGO HENRIQUE FERNANDES COELHO,CO_ORIENTADOR,NAO
2018,TRABALHO_DE_CONCLUSAO_DE_CURSO_GRADUACAO,Universidade Federal de Uberlândia,Teatro - Licenciatura Ou Bacharelado,GISLEIDE SOUZA ROCHA,CO_ORIENTADOR,NAO
2016,TRABALHO_DE_CONCLUSAO_DE_CURSO_GRADUACAO,Universidade Federal de Uberlândia,Teatro - Licenciatura Ou Bacharelado,RAQUEL PARREIRA TEIXEIRA,CO_ORIENTADOR,NAO
2012,TRABALHO_DE_CONCLUSAO_DE_CURSO_GRADUACAO,METROCAMP-Faculdades Integradas Metropolitanas de Campinas,Pedagogia,TAYNÁ CASSIMIRO FERRAZ,CO_ORIENTADOR,NAO
