YEAR,NATURE,INSTITUTION,COURSE,STUDENT,TYPE,SPONSOR
2013,Tese de doutorado,Universidade Federal de Minas Gerais,Neurociências,Marcelo Parizzi Marques Fonseca,CO_ORIENTADOR,NAO
2012,Tese de doutorado,Universidade de São Paulo,Psiquiatria,Sergio de Figueiredo Rocha,CO_ORIENTADOR,NAO
2007,INICIACAO_CIENTIFICA,Universidade do Estado de Minas Gerais,Licenciatura em música,Arley Eustáquio Alves Ribeiro,CO_ORIENTADOR,SIM
2007,MONOGRAFIA_DE_CONCLUSAO_DE_CURSO_APERFEICOAMENTO_E_ESPECIALIZACAO,Universidade do Estado de Minas Gerais,especialização Princípios e Recursos Pedagógicos,Marcelo das Dores Pereira,CO_ORIENTADOR,NAO
2009,TRABALHO_DE_CONCLUSAO_DE_CURSO_GRADUACAO,Universidade Federal de São João Del-Rei,Graduação em História,Patrícia Souza Andrade Lício,CO_ORIENTADOR,NAO
2010,TRABALHO_DE_CONCLUSAO_DE_CURSO_GRADUACAO,Universidade Federal de São João Del-Rei,Curso de Música,César Augustus Diniz Silva,CO_ORIENTADOR,NAO
2010,TRABALHO_DE_CONCLUSAO_DE_CURSO_GRADUACAO,Universidade Federal de São João Del-Rei,Curso de Música,Patrícia Silva Rodrigues,CO_ORIENTADOR,NAO
2010,TRABALHO_DE_CONCLUSAO_DE_CURSO_GRADUACAO,Universidade Federal de São João Del-Rei,Curso de Música,Luciana Junqueira Ribeiro,CO_ORIENTADOR,NAO
2010,TRABALHO_DE_CONCLUSAO_DE_CURSO_GRADUACAO,Universidade Federal de São João Del-Rei,Curso de Música,Glaciane de Paulo,CO_ORIENTADOR,NAO
2011,TRABALHO_DE_CONCLUSAO_DE_CURSO_GRADUACAO,Universidade Federal de São João Del-Rei,Curso de Música,FREDERICO ARANTES NABLE,CO_ORIENTADOR,NAO
2012,INICIACAO_CIENTIFICA,Universidade Federal de São João Del-Rei,Música,Daiana Patrícia de Carvalho,CO_ORIENTADOR,NAO
2015,TRABALHO_DE_CONCLUSAO_DE_CURSO_GRADUACAO,Universidade Federal de São João Del-Rei,Música,William Percy Davison,CO_ORIENTADOR,NAO
2006,MONOGRAFIA_DE_CONCLUSAO_DE_CURSO_APERFEICOAMENTO_E_ESPECIALIZACAO,Universidade do Estado de Minas Gerais,especialização Princípios e Recursos Pedagógicos,Cláudia Garcia Araujo,CO_ORIENTADOR,NAO
2017,TRABALHO_DE_CONCLUSAO_DE_CURSO_GRADUACAO,Universidade Federal de São João Del-Rei,Música,PAULO EDUARDO SOUZA DE ALMEIDA,CO_ORIENTADOR,NAO
2019,TRABALHO_DE_CONCLUSAO_DE_CURSO_GRADUACAO,Universidade Federal de São João Del-Rei,Música,CARLOS AUGUSTO SOUPINSKI BATISTELLA,CO_ORIENTADOR,NAO
2020,INICIACAO_CIENTIFICA,Universidade Federal de São João Del-Rei,Música,Maria Rita Morandi Maia,CO_ORIENTADOR,NAO
2019,TRABALHO_DE_CONCLUSAO_DE_CURSO_GRADUACAO,Universidade Federal de São João Del-Rei,Música,JOÃO RAFAEL ROCHA AMORIM,CO_ORIENTADOR,NAO
