YEAR,NATURE,INSTITUTION,COURSE,STUDENT,TYPE,SPONSOR
2020,Dissertação de mestrado,Universidade Federal de Uberlândia,Música,LUCAS ANTUNES MESQUITA,ORIENTADOR_PRINCIPAL,SIM
2021,Dissertação de mestrado,Universidade Federal de Uberlândia,Música,Lorrayne Tomé da Silva,ORIENTADOR_PRINCIPAL,SIM
2004,TRABALHO_DE_CONCLUSAO_DE_CURSO_GRADUACAO,Universidade Federal de Uberlândia,Música - Licenciatura Plena,Jair Lopes de Oliveira,CO_ORIENTADOR,NAO
2005,TRABALHO_DE_CONCLUSAO_DE_CURSO_GRADUACAO,Universidade Federal de Uberlândia,Música - Licenciatura Plena,Alexandre Garcia Bisinotto,CO_ORIENTADOR,NAO
2005,ORIENTACAO-DE-OUTRA-NATUREZA,Universidade Federal de Uberlândia,Música - Licenciatura Plena,Larissa Camargo Santos,CO_ORIENTADOR,NAO
2011,TRABALHO_DE_CONCLUSAO_DE_CURSO_GRADUACAO,Universidade Federal de Uberlândia,Curso de música,Frankciel dos Santos Campos,CO_ORIENTADOR,NAO
2010,TRABALHO_DE_CONCLUSAO_DE_CURSO_GRADUACAO,Universidade Federal de Uberlândia,Curso de música,Gisela de Oliveira Gasque,CO_ORIENTADOR,NAO
2013,TRABALHO_DE_CONCLUSAO_DE_CURSO_GRADUACAO,Universidade Federal de Uberlândia,Curso de música,Daniel Pires de Paula,CO_ORIENTADOR,NAO
2013,TRABALHO_DE_CONCLUSAO_DE_CURSO_GRADUACAO,Universidade Federal de Uberlândia,Curso de música,Gilmar Camargo dos Santos Júnior,CO_ORIENTADOR,NAO
2018,TRABALHO_DE_CONCLUSAO_DE_CURSO_GRADUACAO,Universidade Federal de Uberlândia,Música - Licenciatura Plena,Bruna Alves de Araujo,CO_ORIENTADOR,NAO
2019,TRABALHO_DE_CONCLUSAO_DE_CURSO_GRADUACAO,Universidade Federal de Uberlândia,Música,Thiago Henrique Moreira da Silva,CO_ORIENTADOR,NAO
2019,TRABALHO_DE_CONCLUSAO_DE_CURSO_GRADUACAO,Universidade Federal de Uberlândia,Música,DIEGO JOSÉ DA SILVA,CO_ORIENTADOR,NAO
2022,TRABALHO_DE_CONCLUSAO_DE_CURSO_GRADUACAO,Universidade Federal de Uberlândia,Música - Licenciatura Plena,GUSTAVO DO CARMO MARTINS,CO_ORIENTADOR,NAO
