YEAR,NATURE,INSTITUTION,COURSE,STUDENT,TYPE,SPONSOR
2006,TRABALHO_DE_CONCLUSAO_DE_CURSO_GRADUACAO,Faculdade Integração Zona Oeste,Publicidade e Propaganda,Fábio Parrilha,ORIENTADOR_PRINCIPAL,NAO
2004,TRABALHO_DE_CONCLUSAO_DE_CURSO_GRADUACAO,Faculdade Integração Zona Oeste,Publicidade e Propaganda,Carlos Alberto Bueno Mendonça et al,ORIENTADOR_PRINCIPAL,NAO
2004,TRABALHO_DE_CONCLUSAO_DE_CURSO_GRADUACAO,Faculdade Integração Zona Oeste,Publicidade e Propaganda,Leonardo Rodrigo Funchal Martins et al,ORIENTADOR_PRINCIPAL,NAO
2004,TRABALHO_DE_CONCLUSAO_DE_CURSO_GRADUACAO,Faculdade Integração Zona Oeste,Publicidade e Propaganda,Robson Gonsalves da Silva et al,ORIENTADOR_PRINCIPAL,NAO
2006,TRABALHO_DE_CONCLUSAO_DE_CURSO_GRADUACAO,Faculdade Integração Zona Oeste,Publicidade e Propaganda,Daniela Listorti et al,ORIENTADOR_PRINCIPAL,NAO
2006,TRABALHO_DE_CONCLUSAO_DE_CURSO_GRADUACAO,Faculdade Integração Zona Oeste,Publicidade e Propaganda,Micheli Ferreira,ORIENTADOR_PRINCIPAL,NAO
2007,TRABALHO_DE_CONCLUSAO_DE_CURSO_GRADUACAO,FIZO - Faculdade Integração Zona Oeste,Publicidade &amp; Propaganda,Amanda Neves et al.,CO_ORIENTADOR,NAO
2012,TRABALHO_DE_CONCLUSAO_DE_CURSO_GRADUACAO,Universidade São Judas Tadeu,Comunicação Social - Radialismo (Rádio e Tv),Priscila Arai et all,CO_ORIENTADOR,NAO
2012,TRABALHO_DE_CONCLUSAO_DE_CURSO_GRADUACAO,Universidade São Judas Tadeu,Comunicação Social - Radialismo (Rádio e Tv),Rafael Nestardo et all,CO_ORIENTADOR,NAO
2012,TRABALHO_DE_CONCLUSAO_DE_CURSO_GRADUACAO,Universidade São Judas Tadeu,Comunicação Social - Radialismo (Rádio e Tv),Guilherme Moura Valentim et all,CO_ORIENTADOR,NAO
2012,TRABALHO_DE_CONCLUSAO_DE_CURSO_GRADUACAO,Universidade São Judas Tadeu,Comunicação Social - Radialismo (Rádio e Tv),Yasmin Papeckys et all,CO_ORIENTADOR,NAO
2012,TRABALHO_DE_CONCLUSAO_DE_CURSO_GRADUACAO,Universidade São Judas Tadeu,Comunicação Social - Radialismo (Rádio e Tv),Eder da Silva Fernandes et all,CO_ORIENTADOR,NAO
2012,TRABALHO_DE_CONCLUSAO_DE_CURSO_GRADUACAO,Universidade São Judas Tadeu,Comunicação Social - Radialismo (Rádio e Tv),Carlos Eduardo Lima da Silva et all,CO_ORIENTADOR,NAO
2012,TRABALHO_DE_CONCLUSAO_DE_CURSO_GRADUACAO,Universidade São Judas Tadeu,Comunicação Social - Radialismo (Rádio e Tv),Tatiana Lowenthal et all,CO_ORIENTADOR,NAO
2012,TRABALHO_DE_CONCLUSAO_DE_CURSO_GRADUACAO,Universidade São Judas Tadeu,Comunicação Social - Radialismo (Rádio e Tv),Erick Harada et all,CO_ORIENTADOR,NAO
2012,TRABALHO_DE_CONCLUSAO_DE_CURSO_GRADUACAO,Universidade São Judas Tadeu,Comunicação Social - Radialismo (Rádio e Tv),Agda Santos et all,CO_ORIENTADOR,NAO
2012,TRABALHO_DE_CONCLUSAO_DE_CURSO_GRADUACAO,Pontifícia Universidade Católica de São Paulo,Comunicação Social - Publicidade e Propaganda,Bruno Peceninsky et al,CO_ORIENTADOR,NAO
2012,TRABALHO_DE_CONCLUSAO_DE_CURSO_GRADUACAO,Pontifícia Universidade Católica de São Paulo,Comunicação Social - Publicidade e Propaganda,Cyana Petrin Baranauskas et al,CO_ORIENTADOR,NAO
2012,TRABALHO_DE_CONCLUSAO_DE_CURSO_GRADUACAO,Pontifícia Universidade Católica de São Paulo,Comunicação Social - Publicidade e Propaganda,Juliana Alsberg et al.,CO_ORIENTADOR,NAO
2012,TRABALHO_DE_CONCLUSAO_DE_CURSO_GRADUACAO,Pontifícia Universidade Católica de São Paulo,Comunicação Social - Publicidade e Propaganda,Stefany Angeli,CO_ORIENTADOR,NAO
2012,TRABALHO_DE_CONCLUSAO_DE_CURSO_GRADUACAO,Pontifícia Universidade Católica de São Paulo,Comunicação Social - Publicidade e Propaganda,Alessandra Greiner Dorto,CO_ORIENTADOR,NAO
2012,TRABALHO_DE_CONCLUSAO_DE_CURSO_GRADUACAO,Pontifícia Universidade Católica de São Paulo,Comunicação Social - Publicidade e Propaganda,Bruno Ferreira et al,CO_ORIENTADOR,NAO
2007,TRABALHO_DE_CONCLUSAO_DE_CURSO_GRADUACAO,Universidade Municipal de São Caetano do Sul,Comunicação Social - Publicidade e Propaganda,Fernanda Martins Garuti et al,CO_ORIENTADOR,NAO
2007,TRABALHO_DE_CONCLUSAO_DE_CURSO_GRADUACAO,Universidade Municipal de São Caetano do Sul,Comunicação Social - Publicidade e Propaganda,Natalia Scalise et al.,CO_ORIENTADOR,NAO
2007,TRABALHO_DE_CONCLUSAO_DE_CURSO_GRADUACAO,Universidade Municipal de São Caetano do Sul,Comunicação Social - Publicidade e Propaganda,Paula Penedo et al.,CO_ORIENTADOR,NAO
2007,TRABALHO_DE_CONCLUSAO_DE_CURSO_GRADUACAO,Universidade Municipal de São Caetano do Sul,Comunicação Social - Publicidade e Propaganda,Ricardo Minorance Machado et al.,CO_ORIENTADOR,NAO
2007,TRABALHO_DE_CONCLUSAO_DE_CURSO_GRADUACAO,Universidade Municipal de São Caetano do Sul,Comunicação Social - Publicidade e Propaganda,Erica Sandrini et al.,CO_ORIENTADOR,NAO
2008,TRABALHO_DE_CONCLUSAO_DE_CURSO_GRADUACAO,Universidade Municipal de São Caetano do Sul,Publicidade e Propaganda,Julio Ferracin et al.,CO_ORIENTADOR,NAO
2008,TRABALHO_DE_CONCLUSAO_DE_CURSO_GRADUACAO,Universidade Municipal de São Caetano do Sul,Publicidade e Propaganda,Lara Sabey et al.,CO_ORIENTADOR,NAO
2009,TRABALHO_DE_CONCLUSAO_DE_CURSO_GRADUACAO,Universidade Municipal de São Caetano do Sul,Publicidade &amp; Propaganda,Sara Boffo et al.,CO_ORIENTADOR,NAO
2007,TRABALHO_DE_CONCLUSAO_DE_CURSO_GRADUACAO,Universidade Municipal de São Caetano do Sul,Publicidade e Propaganda,Neslin Carioca et al.,CO_ORIENTADOR,NAO
2008,TRABALHO_DE_CONCLUSAO_DE_CURSO_GRADUACAO,Universidade Municipal de São Caetano do Sul,Publicidade e Propaganda,Erasmo Bussolin et al.,CO_ORIENTADOR,NAO
2009,TRABALHO_DE_CONCLUSAO_DE_CURSO_GRADUACAO,Universidade Municipal de São Caetano do Sul,Publicidade e Propaganda,Ana Carolina B. Camargo et al.,CO_ORIENTADOR,NAO
2009,TRABALHO_DE_CONCLUSAO_DE_CURSO_GRADUACAO,Universidade Municipal de São Caetano do Sul,Publicidade e Propaganda,Marcelo Feitosa et al.,CO_ORIENTADOR,NAO
2009,TRABALHO_DE_CONCLUSAO_DE_CURSO_GRADUACAO,Universidade Municipal de São Caetano do Sul,Publicidade e Propaganda,Bruno Dante de Souza et al.,CO_ORIENTADOR,NAO
2009,TRABALHO_DE_CONCLUSAO_DE_CURSO_GRADUACAO,Universidade Municipal de São Caetano do Sul,Publicidade e Propaganda,Barbara Augusto Padial et al.,CO_ORIENTADOR,NAO
2010,TRABALHO_DE_CONCLUSAO_DE_CURSO_GRADUACAO,Universidade Municipal de São Caetano do Sul,Publicidade e Propaganda,Danilo Fatori Fajani et al.,CO_ORIENTADOR,NAO
2010,TRABALHO_DE_CONCLUSAO_DE_CURSO_GRADUACAO,Universidade Municipal de São Caetano do Sul,Publicidade e Propaganda,Ana Paula Gacek et al.,CO_ORIENTADOR,NAO
2010,TRABALHO_DE_CONCLUSAO_DE_CURSO_GRADUACAO,Universidade Municipal de São Caetano do Sul,Publicidade e Propaganda,Mariana Brizotto et al.,CO_ORIENTADOR,NAO
2008,MONOGRAFIA_DE_CONCLUSAO_DE_CURSO_APERFEICOAMENTO_E_ESPECIALIZACAO,Faculdade Integração Zona Oeste,Didática e Metodologia do Ensino Superior,Carlos Cesar Henriques,CO_ORIENTADOR,NAO
2008,MONOGRAFIA_DE_CONCLUSAO_DE_CURSO_APERFEICOAMENTO_E_ESPECIALIZACAO,Faculdade Integração Zona Oeste,Didática e Metodologia do Ensino Superior,Roberto da Silva Lobo,CO_ORIENTADOR,NAO
2008,MONOGRAFIA_DE_CONCLUSAO_DE_CURSO_APERFEICOAMENTO_E_ESPECIALIZACAO,Faculdade Integração Zona Oeste,Didática e Metodologia do Ensino Superior,Soraia de Salvi Carvalho,CO_ORIENTADOR,NAO
2011,TRABALHO_DE_CONCLUSAO_DE_CURSO_GRADUACAO,Pontifícia Universidade Católica de São Paulo,Comunicação Social - Publicidade e Propaganda,Ana Luiza Rocha de Caso et all.,CO_ORIENTADOR,NAO
2011,TRABALHO_DE_CONCLUSAO_DE_CURSO_GRADUACAO,Pontifícia Universidade Católica de São Paulo,Comunicação Social - Publicidade e Propaganda,Mariana Passos da Costa et all.,CO_ORIENTADOR,NAO
2011,TRABALHO_DE_CONCLUSAO_DE_CURSO_GRADUACAO,Pontifícia Universidade Católica de São Paulo,Comunicação Social - Publicidade e Propaganda,Ana Carolina dos Santos Lima et all.,CO_ORIENTADOR,NAO
2011,TRABALHO_DE_CONCLUSAO_DE_CURSO_GRADUACAO,Pontifícia Universidade Católica de São Paulo,Comunicação Social - Publicidade e Propaganda,Caio Rodrigues Minhoz Martinez et all.,CO_ORIENTADOR,NAO
2011,TRABALHO_DE_CONCLUSAO_DE_CURSO_GRADUACAO,Pontifícia Universidade Católica de São Paulo,Comunicação Social - Publicidade e Propaganda,Carla Pimentel Libanori et all.,CO_ORIENTADOR,NAO
2011,TRABALHO_DE_CONCLUSAO_DE_CURSO_GRADUACAO,Pontifícia Universidade Católica de São Paulo,Comunicação Social - Publicidade e Propaganda,Aline Santos Volf et all,CO_ORIENTADOR,NAO
2011,TRABALHO_DE_CONCLUSAO_DE_CURSO_GRADUACAO,Pontifícia Universidade Católica de São Paulo,Comunicação Social - Publicidade e Propaganda,Camila Laurentino Guedes et all.,CO_ORIENTADOR,NAO
2015,ORIENTACAO-DE-OUTRA-NATUREZA,Universidade Federal de Juiz de Fora,Interdisciplinar em Artes e Design,Matheus Lopes Dutra Dias,CO_ORIENTADOR,NAO
2015,ORIENTACAO-DE-OUTRA-NATUREZA,Universidade Federal de Juiz de Fora,Interdisciplinar em Artes e Design,Amanda Ferreira Fogaça de Souza,CO_ORIENTADOR,NAO
2019,TRABALHO_DE_CONCLUSAO_DE_CURSO_GRADUACAO,Instituto de Artes e Design -UFJF,Cinema e Audiovisual,Laura Helena dos Santos Amorim,CO_ORIENTADOR,NAO
2016,TRABALHO_DE_CONCLUSAO_DE_CURSO_GRADUACAO,Instituto de Artes e Design -UFJF,Cinema e Audiovisual,Mariana Scwartz,CO_ORIENTADOR,NAO
2017,TRABALHO_DE_CONCLUSAO_DE_CURSO_GRADUACAO,Instituto de Artes e Design -UFJF,Cinema e Audiovisual,Julia Aranha Amaral,CO_ORIENTADOR,NAO
2016,TRABALHO_DE_CONCLUSAO_DE_CURSO_GRADUACAO,Instituto de Artes e Design -UFJF,Cinema e Audiovisual,Barbara Maria do Carmo  Silva,CO_ORIENTADOR,NAO
2017,TRABALHO_DE_CONCLUSAO_DE_CURSO_GRADUACAO,Instituto de Artes e Design -UFJF,Cinema e Audiovisual,Mariana Pena Tolentino,CO_ORIENTADOR,NAO
2017,TRABALHO_DE_CONCLUSAO_DE_CURSO_GRADUACAO,Instituto de Artes e Design -UFJF,Cinema e Audiovisual,Fabiana Paninni,CO_ORIENTADOR,NAO
2017,TRABALHO_DE_CONCLUSAO_DE_CURSO_GRADUACAO,Instituto de Artes e Design -UFJF,Cinema e Audiovisual,Gabriel Braga Nunes,CO_ORIENTADOR,NAO
2017,TRABALHO_DE_CONCLUSAO_DE_CURSO_GRADUACAO,Instituto de Artes e Design -UFJF,Cinema e Audiovisual,Altiere Leal,CO_ORIENTADOR,NAO
2019,TRABALHO_DE_CONCLUSAO_DE_CURSO_GRADUACAO,Instituto de Artes e Design -UFJF,Cinema e Audiovisual,Giovanni Viruez Batista Medeiros,CO_ORIENTADOR,NAO
2019,TRABALHO_DE_CONCLUSAO_DE_CURSO_GRADUACAO,Instituto de Artes e Design -UFJF,Cinema e Audiovisual,Verônica Fernandes,CO_ORIENTADOR,NAO
2018,INICIACAO_CIENTIFICA,Instituto de Artes e Design -UFJF,Bacharelado Interdisciplinar em Artes e Design,Beatriz Guarino da Silva,CO_ORIENTADOR,NAO
2011,TRABALHO_DE_CONCLUSAO_DE_CURSO_GRADUACAO,Pontifícia Universidade Católica de São Paulo,Comunicação Social - Publicidade e Propaganda,André Rodrigues Peixoto et all.,CO_ORIENTADOR,NAO
