YEAR,NATURE,INSTITUTION,COURSE,STUDENT,TYPE,SPONSOR
2009,MONOGRAFIA_DE_CONCLUSAO_DE_CURSO_APERFEICOAMENTO_E_ESPECIALIZACAO,Universidade Estadual do Oeste do Paraná,Letras Português / Alemão,Claudete Sirlei Henschel,CO_ORIENTADOR,NAO
2009,MONOGRAFIA_DE_CONCLUSAO_DE_CURSO_APERFEICOAMENTO_E_ESPECIALIZACAO,Universidade Estadual do Oeste do Paraná,Letras Português / Alemão,Fernando Daniel Lunkes,CO_ORIENTADOR,NAO
2007,INICIACAO_CIENTIFICA,Universidade Estadual do Oeste do Paraná,Letras Português Alemão,Adriano Steffler,CO_ORIENTADOR,SIM
2008,INICIACAO_CIENTIFICA,Universidade Estadual do Oeste do Paraná,Letras Português Alemão,Elisangela Redel,CO_ORIENTADOR,SIM
2008,INICIACAO_CIENTIFICA,Universidade Estadual do Oeste do Paraná,Letras Português Alemão,Adriano Steffler,CO_ORIENTADOR,SIM
2012,ORIENTACAO-DE-OUTRA-NATUREZA,Ludwig-Maximilians-Universität München,Sociologia,Alena Miriam Pfeiffer,CO_ORIENTADOR,NAO
2012,ORIENTACAO-DE-OUTRA-NATUREZA,Ludwig-Maximilians-Universität München,Sociologia,Martin Richter,CO_ORIENTADOR,NAO
2012,INICIACAO_CIENTIFICA,Universidade Federal de Uberlândia,Tradução,Flávio de Sousa Freitas,CO_ORIENTADOR,SIM
2015,TRABALHO_DE_CONCLUSAO_DE_CURSO_GRADUACAO,Universidade Federal de Uberlândia,Tradução,Randhal W.F.de S.Santos,CO_ORIENTADOR,NAO
2015,TRABALHO_DE_CONCLUSAO_DE_CURSO_GRADUACAO,Universidade Federal de Uberlândia,Tradução,Marina Choucre Nunes,CO_ORIENTADOR,NAO
2016,TRABALHO_DE_CONCLUSAO_DE_CURSO_GRADUACAO,Universidade Federal de Uberlândia,Tradução,Gustavo Luiz Caixeta Siqueira,CO_ORIENTADOR,NAO
2016,INICIACAO_CIENTIFICA,Universidade Federal de Uberlândia,Tradução,Frederico Oliveira Duarte,CO_ORIENTADOR,SIM
2018,MONOGRAFIA_DE_CONCLUSAO_DE_CURSO_APERFEICOAMENTO_E_ESPECIALIZACAO,Universidade Federal de Uberlândia,Tradução,Victor Mariotto Palma,CO_ORIENTADOR,NAO
2018,MONOGRAFIA_DE_CONCLUSAO_DE_CURSO_APERFEICOAMENTO_E_ESPECIALIZACAO,Universidade Federal de Uberlândia,Tradução,Nilfan Fernandes da Silva Júnior,CO_ORIENTADOR,NAO
2018,INICIACAO_CIENTIFICA,Universidade Federal de Uberlândia,Tradução,Victor Mariotto Palma,CO_ORIENTADOR,NAO
2019,TRABALHO_DE_CONCLUSAO_DE_CURSO_GRADUACAO,Universidade Federal de Uberlândia,Tradução,Poliana Palhares de Resende,CO_ORIENTADOR,NAO
2019,TRABALHO_DE_CONCLUSAO_DE_CURSO_GRADUACAO,Universidade Federal de Uberlândia,Tradução,Luna Radin,CO_ORIENTADOR,NAO
2014,INICIACAO_CIENTIFICA,Universidade Federal de Uberlândia,Tradução,Flávio de Sousa Freitas,CO_ORIENTADOR,SIM
