YEAR,NATURE,INSTITUTION,COURSE,STUDENT,TYPE,SPONSOR
2021,Dissertação de mestrado,Universidade do Estado de Minas Gerais,Mestrado em Artes,Leonardo Rosa Resende,ORIENTADOR_PRINCIPAL,NAO
2019,Dissertação de mestrado,Universidade do Estado de Minas Gerais,Artes,Rita de Cássia Clementa,ORIENTADOR_PRINCIPAL,NAO
2021,Dissertação de mestrado,Universidade do Estado de Minas Gerais,Mestrado em Artes,Leandro Ricardo Wenceslau,ORIENTADOR_PRINCIPAL,NAO
2011,MONOGRAFIA_DE_CONCLUSAO_DE_CURSO_APERFEICOAMENTO_E_ESPECIALIZACAO,Universidade Federal de Minas Gerais,Especialização em Neurociências,Guilherme Francisco Furtado Bragança,CO_ORIENTADOR,NAO
2015,TRABALHO_DE_CONCLUSAO_DE_CURSO_GRADUACAO,Universidade do Estado de Minas Gerais,Psicologia,Luiza Corradi Rodrigues,CO_ORIENTADOR,NAO
2015,TRABALHO_DE_CONCLUSAO_DE_CURSO_GRADUACAO,Universidade do Estado de Minas Gerais,Psicologia,Cristiane Carvalho Moreira Pedrosa,CO_ORIENTADOR,NAO
2015,TRABALHO_DE_CONCLUSAO_DE_CURSO_GRADUACAO,Universidade do Estado de Minas Gerais,Psicologia,Orlando Santos de Oliveira Nolasco,CO_ORIENTADOR,NAO
2015,INICIACAO_CIENTIFICA,Universidade do Estado de Minas Gerais,Psicologia,Aline Aparecida Rocha Caetano,CO_ORIENTADOR,SIM
2015,INICIACAO_CIENTIFICA,Universidade do Estado de Minas Gerais,Psicologia,Thayna Luiza de Araújo Dia,CO_ORIENTADOR,SIM
2012,ORIENTACAO-DE-OUTRA-NATUREZA,Fundação de Saúde Integral Humanística,,Liliane Cristina Moreira,CO_ORIENTADOR,NAO
2017,TRABALHO_DE_CONCLUSAO_DE_CURSO_GRADUACAO,Universidade do Estado de Minas Gerais,Música,Ivânia Marinho Gonçalves,CO_ORIENTADOR,NAO
2018,TRABALHO_DE_CONCLUSAO_DE_CURSO_GRADUACAO,Universidade do Estado de Minas Gerais,Música,Ariel Tamietti Duarte de Souza,CO_ORIENTADOR,NAO
2018,TRABALHO_DE_CONCLUSAO_DE_CURSO_GRADUACAO,Universidade do Estado de Minas Gerais,Música,Sara Oliveira Alves,CO_ORIENTADOR,NAO
2018,INICIACAO_CIENTIFICA,MODUS - REVISTA DA ESCOLA DE MÚSICA DA UEMG,,Ricardo Gomes Rodrigues,CO_ORIENTADOR,SIM
2018,INICIACAO_CIENTIFICA,Universidade do Estado de Minas Gerais,,Leonardo Rosa Resende,CO_ORIENTADOR,NAO
2019,INICIACAO_CIENTIFICA,Universidade do Estado de Minas Gerais,,Ana Raissa da Luz,CO_ORIENTADOR,SIM
2019,INICIACAO_CIENTIFICA,Universidade do Estado de Minas Gerais,,Ricardo Gomes Rodrigues,CO_ORIENTADOR,SIM
2019,TRABALHO_DE_CONCLUSAO_DE_CURSO_GRADUACAO,Universidade do Estado de Minas Gerais,Música,Ana Carolina Barroso Pinto,CO_ORIENTADOR,NAO
2020,TRABALHO_DE_CONCLUSAO_DE_CURSO_GRADUACAO,Universidade do Estado de Minas Gerais,Música,Talita Cristiane Duarte Siqueira,CO_ORIENTADOR,NAO
2020,INICIACAO_CIENTIFICA,Universidade do Estado de Minas Gerais,Música,Silvana Aparecida de Araújo Costa,CO_ORIENTADOR,SIM
2021,TRABALHO_DE_CONCLUSAO_DE_CURSO_GRADUACAO,Universidade do Estado de Minas Gerais,Música,Silvana Aparecida de Araújo Costa,CO_ORIENTADOR,NAO
2021,TRABALHO_DE_CONCLUSAO_DE_CURSO_GRADUACAO,Universidade do Estado de Minas Gerais,Música,Luana Rodrigues dos Santos Venuto,CO_ORIENTADOR,NAO
2021,TRABALHO_DE_CONCLUSAO_DE_CURSO_GRADUACAO,Universidade do Estado de Minas Gerais,Música,Ana Raíssa da Luz,CO_ORIENTADOR,NAO
2021,TRABALHO_DE_CONCLUSAO_DE_CURSO_GRADUACAO,Universidade do Estado de Minas Gerais,Música,Ricardo Gomes Rodrigues,CO_ORIENTADOR,NAO
