YEAR,NATURE,INSTITUTION,COURSE,STUDENT,TYPE,SPONSOR
2012,Dissertação de mestrado,Universidade Federal de Minas Gerais,Artes,Nelyane Gonçalves,ORIENTADOR_PRINCIPAL,SIM
2013,Dissertação de mestrado,Universidade Federal de Minas Gerais,Artes,Joana D'Arc de Jesus Alves,ORIENTADOR_PRINCIPAL,NAO
2015,Dissertação de mestrado,Universidade Federal de Minas Gerais,Artes,Gisele Guedes,ORIENTADOR_PRINCIPAL,NAO
2015,Dissertação de mestrado,Universidade Federal de Minas Gerais,Artes,Leonardo Pereira Maia,ORIENTADOR_PRINCIPAL,NAO
2012,Dissertação de mestrado,Universidade Federal de Minas Gerais,Artes,Ana Luiza Neves,ORIENTADOR_PRINCIPAL,NAO
2013,Tese de doutorado,Universidade Federal de Minas Gerais,Artes,Maria Eneida Feitosa,ORIENTADOR_PRINCIPAL,NAO
2016,Tese de doutorado,Universidade Federal de Minas Gerais,Artes,Nelyane Gonçalves Santos,ORIENTADOR_PRINCIPAL,NAO
2017,Tese de doutorado,Universidade Federal de Minas Gerais,Artes,Maximiliano Henrique Barbosa,ORIENTADOR_PRINCIPAL,NAO
2003,TRABALHO_DE_CONCLUSAO_DE_CURSO_GRADUACAO,Pontifícia Universidade Católica de Minas Gerais,Comunicao,Fernanda Penna,ORIENTADOR_PRINCIPAL,NAO
2003,TRABALHO_DE_CONCLUSAO_DE_CURSO_GRADUACAO,Pontifícia Universidade Católica de Minas Gerais,Comunicao,Alexandre de Souza Milagres,ORIENTADOR_PRINCIPAL,NAO
2005,TRABALHO_DE_CONCLUSAO_DE_CURSO_GRADUACAO,Pontifícia Universidade Católica de Minas Gerais,Comunicao,Vanessa Rodrigues,ORIENTADOR_PRINCIPAL,SIM
2004,TRABALHO_DE_CONCLUSAO_DE_CURSO_GRADUACAO,Puc São Gabriel,Comunicação,Frederico Vieira,ORIENTADOR_PRINCIPAL,NAO
2004,INICIACAO_CIENTIFICA,Puc São Gabriel,Comunicação,Vanessa Rodrigues,ORIENTADOR_PRINCIPAL,NAO
2004,TRABALHO_DE_CONCLUSAO_DE_CURSO_GRADUACAO,Pontifícia Universidade Católica de Minas Gerais,Comunicao,Diego Gandra,ORIENTADOR_PRINCIPAL,NAO
2004,MONOGRAFIA_DE_CONCLUSAO_DE_CURSO_APERFEICOAMENTO_E_ESPECIALIZACAO,Pontifícia Universidade Católica de Minas Gerais,Prepes,Aline Cerqueira,ORIENTADOR_PRINCIPAL,NAO
2004,MONOGRAFIA_DE_CONCLUSAO_DE_CURSO_APERFEICOAMENTO_E_ESPECIALIZACAO,Pontifícia Universidade Católica de Minas Gerais,Prepes,Luciana Chaves,ORIENTADOR_PRINCIPAL,NAO
2003,INICIACAO_CIENTIFICA,Pontifícia Universidade Católica de Minas Gerais,Comunicao,Cristina Horta,ORIENTADOR_PRINCIPAL,NAO
2005,INICIACAO_CIENTIFICA,Pontifícia Universidade Católica de Minas Gerais,Comunicao,Roberta Gomes,ORIENTADOR_PRINCIPAL,SIM
2004,MONOGRAFIA_DE_CONCLUSAO_DE_CURSO_APERFEICOAMENTO_E_ESPECIALIZACAO,Pontifícia Universidade Católica de Minas Gerais,Prepes,Geraldo Augusto,ORIENTADOR_PRINCIPAL,NAO
2009,TRABALHO_DE_CONCLUSAO_DE_CURSO_GRADUACAO,Centro Universitário de Belo Horizonte,Produção Editorial,Rafael Lara,CO_ORIENTADOR,NAO
2010,TRABALHO_DE_CONCLUSAO_DE_CURSO_GRADUACAO,Pontifícia Universidade Católica de Minas Gerais,Comunicao,Silas Aguiar,CO_ORIENTADOR,NAO
2010,ORIENTACAO-DE-OUTRA-NATUREZA,Universidade Federal de Minas Gerais,Artes Plásticas,Marcella Oliveira,CO_ORIENTADOR,SIM
2012,INICIACAO_CIENTIFICA,Universidade Federal de Minas Gerais,Artes Visuais,Leíner Emanuella de Carvalho Hoki,CO_ORIENTADOR,NAO
2012,INICIACAO_CIENTIFICA,Universidade Federal de Minas Gerais,Conservação e Restauração de Bens Culturais Móveis,Márcia Georgina de Assis,CO_ORIENTADOR,NAO
2013,INICIACAO_CIENTIFICA,Universidade Federal de Minas Gerais,Conservação e Restauração de Bens Culturais Móveis,Gisele Guedes Tomaz de Aquino Pessoa,CO_ORIENTADOR,NAO
2013,INICIACAO_CIENTIFICA,Universidade Federal de Minas Gerais,Artes Visuais,Júlia Lacerda Soares Guimarães,CO_ORIENTADOR,SIM
2013,TRABALHO_DE_CONCLUSAO_DE_CURSO_GRADUACAO,Universidade Federal de Minas Gerais,Artes Visuais - Pintura,ALINE HÜBNER FREITAS,CO_ORIENTADOR,NAO
2013,INICIACAO_CIENTIFICA,Universidade Federal de Minas Gerais,Artes Plásticas,Artur Mesquita Bicalho,CO_ORIENTADOR,SIM
2013,INICIACAO_CIENTIFICA,Universidade Federal de Minas Gerais,Conservação e Restauração de Bens Culturais Móveis,STEFANIA DEL GAUDIO SANTOS,CO_ORIENTADOR,SIM
2013,TRABALHO_DE_CONCLUSAO_DE_CURSO_GRADUACAO,Universidade Federal de Minas Gerais,Artes Visuais - Pintura,Flavia Pinheiro Bernardes,CO_ORIENTADOR,NAO
2013,TRABALHO_DE_CONCLUSAO_DE_CURSO_GRADUACAO,Universidade Federal de Minas Gerais,Artes Visuais - Pintura,Flavia Pinheiro Bernardes,CO_ORIENTADOR,NAO
2014,ORIENTACAO-DE-OUTRA-NATUREZA,Universidade Federal de Minas Gerais,Museologia,Tiago Miqueias,CO_ORIENTADOR,NAO
2014,ORIENTACAO-DE-OUTRA-NATUREZA,Universidade Federal de Minas Gerais,Museologia,Alexandre Drummond de Almeida,CO_ORIENTADOR,NAO
2014,ORIENTACAO-DE-OUTRA-NATUREZA,Universidade Federal de Minas Gerais,Conservação e Restauração de Bens Culturais Móveis,Adriano de Souza Bueno,CO_ORIENTADOR,SIM
2014,ORIENTACAO-DE-OUTRA-NATUREZA,Universidade Federal de Minas Gerais,Ciências Sociais,Alice Guimarães Fernandes,CO_ORIENTADOR,SIM
2014,ORIENTACAO-DE-OUTRA-NATUREZA,Universidade Federal de Minas Gerais,Turismo,Ana Lorena Melo Santos,CO_ORIENTADOR,SIM
2014,ORIENTACAO-DE-OUTRA-NATUREZA,Universidade Federal de Minas Gerais,Artes Visuais,Brenno Thetônio de Castro,CO_ORIENTADOR,SIM
2014,ORIENTACAO-DE-OUTRA-NATUREZA,Universidade Federal de Minas Gerais,Teatro,Carlos Eduardo Caetano de Souza,CO_ORIENTADOR,SIM
2014,ORIENTACAO-DE-OUTRA-NATUREZA,Universidade Federal de Minas Gerais,Turismo,Luana do Carmo Pirajá Ferraz Santos,CO_ORIENTADOR,SIM
2014,ORIENTACAO-DE-OUTRA-NATUREZA,Universidade Federal de Minas Gerais,História,Raquel Marques Soares,CO_ORIENTADOR,SIM
2014,ORIENTACAO-DE-OUTRA-NATUREZA,Universidade Federal de Minas Gerais,Museologia,Luan Fernandes Viana,CO_ORIENTADOR,SIM
2014,ORIENTACAO-DE-OUTRA-NATUREZA,Universidade Federal de Minas Gerais,Design,Tainah Medeiros da Silva,CO_ORIENTADOR,SIM
2014,ORIENTACAO-DE-OUTRA-NATUREZA,Universidade Federal de Minas Gerais,Conservação e Restauração de Bens Culturais Móveis,Gilson Camilo de Souza,CO_ORIENTADOR,SIM
2014,ORIENTACAO-DE-OUTRA-NATUREZA,Universidade Federal de Minas Gerais,Artes Visuais,Roberto Ribeiro de Freitas,CO_ORIENTADOR,SIM
2014,ORIENTACAO-DE-OUTRA-NATUREZA,Universidade Federal de Minas Gerais,Conservação e Restauração de Bens Culturais Móveis,Gisele Guedes Tomaz de Aquino Pessoa,CO_ORIENTADOR,SIM
2014,ORIENTACAO-DE-OUTRA-NATUREZA,Universidade Federal de Minas Gerais,Artes Visuais,Lívia Tolentino Amorim,CO_ORIENTADOR,SIM
2014,ORIENTACAO-DE-OUTRA-NATUREZA,Universidade Federal de Minas Gerais,Letras - Português,Laila Maria Oliveira Silva,CO_ORIENTADOR,SIM
2014,ORIENTACAO-DE-OUTRA-NATUREZA,Universidade Federal de Minas Gerais,Artes Visuais,Renan Felipe Belcont de Menezes,CO_ORIENTADOR,SIM
2014,ORIENTACAO-DE-OUTRA-NATUREZA,Universidade Federal de Minas Gerais,Conservação e Restauração de Bens Culturais Móveis,Ana Carolina Assis Fonseca,CO_ORIENTADOR,SIM
2014,ORIENTACAO-DE-OUTRA-NATUREZA,Universidade Federal de Minas Gerais,Teatro,Caroline Oliveira Carvalho,CO_ORIENTADOR,SIM
2014,ORIENTACAO-DE-OUTRA-NATUREZA,Universidade Federal de Minas Gerais,Artes Visuais - Cinema de Animação,Cinthia Campos Procópio,CO_ORIENTADOR,SIM
2014,ORIENTACAO-DE-OUTRA-NATUREZA,Universidade Federal de Minas Gerais,História,Camila Nurs Figueiredo,CO_ORIENTADOR,SIM
2014,ORIENTACAO-DE-OUTRA-NATUREZA,Universidade Federal de Minas Gerais,Letras - Português,Cintia Aparecida Almeida,CO_ORIENTADOR,SIM
2015,ORIENTACAO-DE-OUTRA-NATUREZA,Universidade Federal de Minas Gerais,Teatro,Irati Chapuis Gontijo,CO_ORIENTADOR,SIM
2015,ORIENTACAO-DE-OUTRA-NATUREZA,Universidade Federal de Minas Gerais,Letras - Português,Paula Regina da Silva Santos,CO_ORIENTADOR,SIM
2015,INICIACAO_CIENTIFICA,Universidade Federal de Minas Gerais,História,Lorenna Fonseca,CO_ORIENTADOR,SIM
2015,ORIENTACAO-DE-OUTRA-NATUREZA,Universidade Federal de Minas Gerais,Artes Visuais - Cinema de Animação,Amanda Silva Murta,CO_ORIENTADOR,SIM
2015,ORIENTACAO-DE-OUTRA-NATUREZA,Universidade Federal de Minas Gerais,Museologia,Giovanni Augusto de Oliveira,CO_ORIENTADOR,SIM
2015,ORIENTACAO-DE-OUTRA-NATUREZA,Universidade Federal de Minas Gerais,Museologia,Xenia Josi Quintao,CO_ORIENTADOR,SIM
2015,ORIENTACAO-DE-OUTRA-NATUREZA,Universidade Federal de Minas Gerais,Museologia,Lucas Tadeu Dias Batista,CO_ORIENTADOR,SIM
2015,ORIENTACAO-DE-OUTRA-NATUREZA,Universidade Federal de Minas Gerais,Museologia,Luana do Carmo Piraja Ferraz Santos,CO_ORIENTADOR,SIM
2015,ORIENTACAO-DE-OUTRA-NATUREZA,Universidade Federal de Minas Gerais,Abi - Artes Visuais,Camila Silva Trindade,CO_ORIENTADOR,SIM
2015,ORIENTACAO-DE-OUTRA-NATUREZA,Universidade Federal de Minas Gerais,Museologia,Giovanni Augusto de Oliveira,CO_ORIENTADOR,SIM
2015,ORIENTACAO-DE-OUTRA-NATUREZA,Universidade Federal de Minas Gerais,Abi - História,Lucas Tadeu Dias Batista,CO_ORIENTADOR,SIM
2015,ORIENTACAO-DE-OUTRA-NATUREZA,Universidade Federal de Minas Gerais,Cinema de Animação e Artes Digitais,Amanda Silva Murta,CO_ORIENTADOR,SIM
2015,ORIENTACAO-DE-OUTRA-NATUREZA,Universidade Federal de Minas Gerais,Abi - Artes Visuais,Brenno Theotonio de Castro,CO_ORIENTADOR,SIM
2015,ORIENTACAO-DE-OUTRA-NATUREZA,Universidade Federal de Minas Gerais,Teatro,Irati Chapuis Gontijo,CO_ORIENTADOR,SIM
2015,ORIENTACAO-DE-OUTRA-NATUREZA,Universidade Federal de Minas Gerais,Abi - Letras,Paula Regina da Silva Santos,CO_ORIENTADOR,SIM
2015,ORIENTACAO-DE-OUTRA-NATUREZA,Universidade Federal de Minas Gerais,Design,Tainah Medeiros da Silva,CO_ORIENTADOR,SIM
2015,ORIENTACAO-DE-OUTRA-NATUREZA,Universidade Federal de Minas Gerais,Museologia,Xenia Josi Quintao,CO_ORIENTADOR,SIM
2015,ORIENTACAO-DE-OUTRA-NATUREZA,Universidade Federal de Minas Gerais,Abi - História,Julia Maria Pereira Rodrigues,CO_ORIENTADOR,SIM
2015,ORIENTACAO-DE-OUTRA-NATUREZA,Universidade Federal de Minas Gerais,Museologia,Allysson Fabio Costa da Silva,CO_ORIENTADOR,SIM
2015,ORIENTACAO-DE-OUTRA-NATUREZA,Universidade Federal de Minas Gerais,Museologia,Marcos Paulo Gannam Durans,CO_ORIENTADOR,SIM
2015,ORIENTACAO-DE-OUTRA-NATUREZA,Universidade Federal de Minas Gerais,Abi - Ciências Sociais,Alice Guimaraes Fernandes,CO_ORIENTADOR,SIM
2014,INICIACAO_CIENTIFICA,Universidade Federal de Minas Gerais,Abi - História,Lorenna Fonseca Santos,CO_ORIENTADOR,SIM
2015,ORIENTACAO-DE-OUTRA-NATUREZA,Universidade Federal de Minas Gerais,Abi - Artes Visuais,Renata Soares Ferreira,CO_ORIENTADOR,SIM
2015,ORIENTACAO-DE-OUTRA-NATUREZA,Universidade Federal de Minas Gerais,Museologia,Alexandre Drummond de Almeida,CO_ORIENTADOR,SIM
2015,ORIENTACAO-DE-OUTRA-NATUREZA,Universidade Federal de Minas Gerais,Museologia,Giovanni Augusto de Oliveira,CO_ORIENTADOR,SIM
2015,ORIENTACAO-DE-OUTRA-NATUREZA,Universidade Federal de Minas Gerais,Abi - História,Lorenna Fonseca Santos,CO_ORIENTADOR,SIM
2015,ORIENTACAO-DE-OUTRA-NATUREZA,Universidade Federal de Minas Gerais,Arquitetura e Urbanismo,Felipe Fernandes Costa,CO_ORIENTADOR,SIM
2015,ORIENTACAO-DE-OUTRA-NATUREZA,Universidade Federal de Minas Gerais,Abi - Artes Visuais,Lais da Matta Drummond Araujo,CO_ORIENTADOR,SIM
2015,ORIENTACAO-DE-OUTRA-NATUREZA,Universidade Federal de Minas Gerais,Conservação e Restauração de Bens Móveis e Cultura,Mariana Ribeiro Viana,CO_ORIENTADOR,SIM
2015,ORIENTACAO-DE-OUTRA-NATUREZA,Universidade Federal de Minas Gerais,Abi - Artes Visuais,Nivia Raquel de Souza e Silva,CO_ORIENTADOR,SIM
2015,ORIENTACAO-DE-OUTRA-NATUREZA,Universidade Federal de Minas Gerais,Abi - Artes Visuais,Richard Pongeluppi Andreazzi de Souza,CO_ORIENTADOR,SIM
2015,ORIENTACAO-DE-OUTRA-NATUREZA,Universidade Federal de Minas Gerais,Abi - Artes Visuais,Sophia de Souza Carvalho,CO_ORIENTADOR,SIM
2015,ORIENTACAO-DE-OUTRA-NATUREZA,Universidade Federal de Minas Gerais,Design de Moda,Nivia Lohrane Gomes,CO_ORIENTADOR,SIM
2017,INICIACAO_CIENTIFICA,Universidade Federal de Minas Gerais,Arquitetura e Urbanismo,Aline Maracahipe Rocha,CO_ORIENTADOR,SIM
2016,INICIACAO_CIENTIFICA,Universidade Federal de Minas Gerais,Arquitetura e Urbanismo,Cintya Guedes Ornelas,CO_ORIENTADOR,SIM
2016,INICIACAO_CIENTIFICA,Universidade Federal de Minas Gerais,Abi - Artes Visuais,Henrique Meira de Souza,CO_ORIENTADOR,SIM
2016,INICIACAO_CIENTIFICA,Universidade Federal de Minas Gerais,Museologia,Ana Clara de Souza Antunes,CO_ORIENTADOR,SIM
2016,INICIACAO_CIENTIFICA,Universidade Federal de Minas Gerais,Abi - Artes Visuais,Helen Miriane Ramos de Barros,CO_ORIENTADOR,SIM
2016,INICIACAO_CIENTIFICA,Universidade Federal de Minas Gerais,Design,Jessica Kawaguiski Rodrigues,CO_ORIENTADOR,SIM
2017,ORIENTACAO-DE-OUTRA-NATUREZA,Universidade Federal de Minas Gerais,Abi - Artes Visuais,Camila Duraes Versiani Andrade,CO_ORIENTADOR,SIM
2017,ORIENTACAO-DE-OUTRA-NATUREZA,Universidade Federal de Minas Gerais,Abi - Artes Visuais,Thomas Melgaco Resende Reis,CO_ORIENTADOR,SIM
2017,ORIENTACAO-DE-OUTRA-NATUREZA,Universidade Federal de Minas Gerais,Abi - Artes Visuais,Thais Michelle Matia Zacarias,CO_ORIENTADOR,SIM
2017,ORIENTACAO-DE-OUTRA-NATUREZA,Universidade Federal de Minas Gerais,Abi - Artes Visuais,Lucas Moraes Matos,CO_ORIENTADOR,SIM
2017,ORIENTACAO-DE-OUTRA-NATUREZA,Universidade Federal de Minas Gerais,Abi - Artes Visuais,Marina Coimbra Piquini,CO_ORIENTADOR,SIM
2017,ORIENTACAO-DE-OUTRA-NATUREZA,Universidade Federal de Minas Gerais,Abi - Artes Visuais,Gabriela Miranda de Souza,CO_ORIENTADOR,SIM
2016,ORIENTACAO-DE-OUTRA-NATUREZA,Universidade Federal de Minas Gerais,Abi - Artes Visuais,Aline Aparecida Neves,CO_ORIENTADOR,NAO
2017,ORIENTACAO-DE-OUTRA-NATUREZA,Universidade Federal de Minas Gerais,Abi - Artes Visuais,Dyego Henrique Machado de Souza,CO_ORIENTADOR,SIM
2017,ORIENTACAO-DE-OUTRA-NATUREZA,Universidade Federal de Minas Gerais,Arquitetura e Urbanismo,Maryslane Raissa de Freitas dos Santos,CO_ORIENTADOR,SIM
2016,ORIENTACAO-DE-OUTRA-NATUREZA,Universidade Federal de Minas Gerais,Arquitetura e Urbanismo,Larissa Gusmao dos Santos,CO_ORIENTADOR,SIM
2016,ORIENTACAO-DE-OUTRA-NATUREZA,Universidade Federal de Minas Gerais,Abi - História,Fernanda Alves Martins,CO_ORIENTADOR,SIM
2016,ORIENTACAO-DE-OUTRA-NATUREZA,Universidade Federal de Minas Gerais,Museologia,Lucas Gabriel Ataide da Costa,CO_ORIENTADOR,SIM
2017,ORIENTACAO-DE-OUTRA-NATUREZA,Universidade Federal de Minas Gerais,Abi - Artes Visuais,Leticia Proenca Magalhaes Gomes,CO_ORIENTADOR,SIM
2017,ORIENTACAO-DE-OUTRA-NATUREZA,Universidade Federal de Minas Gerais,Abi - Artes Visuais,Mateus Mageste Semiao,CO_ORIENTADOR,SIM
2017,ORIENTACAO-DE-OUTRA-NATUREZA,Universidade Federal de Minas Gerais,Abi - Artes Visuais,Nubia Maria Rabelo de Oliveira,CO_ORIENTADOR,SIM
2019,ORIENTACAO-DE-OUTRA-NATUREZA,Universidade Federal de Minas Gerais,Abi - Artes Visuais,Lucas Moraes Matos,CO_ORIENTADOR,SIM
2018,ORIENTACAO-DE-OUTRA-NATUREZA,Universidade Federal de Minas Gerais,Conservação e Restauração de Bens Móveis e Cultura,Jessica Domingues Marques,CO_ORIENTADOR,SIM
2018,ORIENTACAO-DE-OUTRA-NATUREZA,Universidade Federal de Minas Gerais,Museologia,Daniela Luisa Fernandes Barbosa,CO_ORIENTADOR,SIM
2019,ORIENTACAO-DE-OUTRA-NATUREZA,Universidade Federal de Minas Gerais,Design,Marina Alcantara Saldanha,CO_ORIENTADOR,SIM
2018,ORIENTACAO-DE-OUTRA-NATUREZA,Universidade Federal de Minas Gerais,Abi - Artes Visuais,Pedro Henrique Resende Moreira,CO_ORIENTADOR,SIM
2018,ORIENTACAO-DE-OUTRA-NATUREZA,Universidade Federal de Minas Gerais,Abi - Artes Visuais,Camila Duraes Versiani Andrade,CO_ORIENTADOR,SIM
2018,ORIENTACAO-DE-OUTRA-NATUREZA,Universidade Federal de Minas Gerais,Abi - Artes Visuais,Thomas Melgaco Resende Reis,CO_ORIENTADOR,SIM
2018,ORIENTACAO-DE-OUTRA-NATUREZA,Universidade Federal de Minas Gerais,Abi - Artes Visuais,Thais Michelle Matia Zacarias,CO_ORIENTADOR,SIM
2018,ORIENTACAO-DE-OUTRA-NATUREZA,Universidade Federal de Minas Gerais,Abi - Artes Visuais,Lucas Moraes Matos,CO_ORIENTADOR,SIM
2018,ORIENTACAO-DE-OUTRA-NATUREZA,Universidade Federal de Minas Gerais,Abi - Artes Visuais,Marina Coimbra Piquini,CO_ORIENTADOR,SIM
2018,ORIENTACAO-DE-OUTRA-NATUREZA,Universidade Federal de Minas Gerais,Abi - Artes Visuais,Gabriela Miranda de Souza,CO_ORIENTADOR,SIM
2019,ORIENTACAO-DE-OUTRA-NATUREZA,Universidade Federal de Minas Gerais,Abi - Filosofia,Marcos Paulo Nunes Gaia,CO_ORIENTADOR,SIM
2018,ORIENTACAO-DE-OUTRA-NATUREZA,Universidade Federal de Minas Gerais,Abi - Artes Visuais,Tilie Andrade Penna Magri,CO_ORIENTADOR,SIM
2018,ORIENTACAO-DE-OUTRA-NATUREZA,Universidade Federal de Minas Gerais,Abi - Artes Visuais,Juliana Cristina Lopes Cavalli,CO_ORIENTADOR,SIM
2018,ORIENTACAO-DE-OUTRA-NATUREZA,Universidade Federal de Minas Gerais,Abi - Artes Visuais,Nathalia Araujo Marques,CO_ORIENTADOR,SIM
2018,ORIENTACAO-DE-OUTRA-NATUREZA,Universidade Federal de Minas Gerais,Comunicação Social,Pedro Henrique da Paixao Rocha,CO_ORIENTADOR,SIM
2019,INICIACAO_CIENTIFICA,Universidade Federal de Minas Gerais,Abi - Artes Visuais,Marina Coimbra Piquini,CO_ORIENTADOR,SIM
2016,INICIACAO_CIENTIFICA,Universidade Federal de Minas Gerais,,Gabriela Miranda Souza,CO_ORIENTADOR,NAO
2016,ORIENTACAO-DE-OUTRA-NATUREZA,Universidade Federal de Minas Gerais,Abi - História,Andre Luis Martins Amaral,CO_ORIENTADOR,SIM
