YEAR,NATURE,INSTITUTION,COURSE,STUDENT,TYPE,SPONSOR
2010,Dissertação de mestrado,Pontifícia Universidade Católica de Minas Gerais,Comunicação Social - Interações Midiáticas,Flávia Costa de Souza,ORIENTADOR_PRINCIPAL,NAO
2010,Dissertação de mestrado,Pontifícia Universidade Católica de Minas Gerais,Comunicação Social - Interações Midiáticas,Maurício Araújo Lima,ORIENTADOR_PRINCIPAL,NAO
2008,Dissertação de mestrado,Universidade Federal da Paraíba,Ciências Jurídicas,Eduardo Pordeus Silva,CO_ORIENTADOR,NAO
2009,Dissertação de mestrado,Pontifícia Universidade Católica de Minas Gerais,Mestrado em Comunicação,Raquel Salomão Utsch de Carvalho,CO_ORIENTADOR,NAO
2012,Dissertação de mestrado,Pontifícia Universidade Católica de Minas Gerais,Comunicação Social - Interações Midiáticas,Carem Cristini Nobre de Abreu,ORIENTADOR_PRINCIPAL,NAO
2012,Dissertação de mestrado,Pontifícia Universidade Católica de Minas Gerais,PPG em Ciências Sociais,Lizziane Melo Barros,CO_ORIENTADOR,NAO
2011,Dissertação de mestrado,Pontifícia Universidade Católica de Minas Gerais,Comunicação Social - Interações Midiáticas,Luana Cavalcanti da Silva,ORIENTADOR_PRINCIPAL,NAO
2012,Dissertação de mestrado,Pontifícia Universidade Católica de Minas Gerais,Comunicação Social - Interações Midiáticas,Roberta de Souza Borato,CO_ORIENTADOR,NAO
2012,Dissertação de mestrado,Pontifícia Universidade Católica de Minas Gerais,Comunicação Social - Interações Midiáticas,Giselle Xavier d'Avila Lucena,ORIENTADOR_PRINCIPAL,SIM
2012,Dissertação de mestrado,Pontifícia Universidade Católica de Minas Gerais,Comunicação Social - Interações Midiáticas,Priscilla D´Agostini,ORIENTADOR_PRINCIPAL,NAO
2014,Dissertação de mestrado,Universidade Federal de Minas Gerais,Curso de Pós Graduação em Sociologia,Janaína de Souza Aredes,CO_ORIENTADOR,SIM
2016,Dissertação de mestrado,Pontifícia Universidade Católica de Minas Gerais,Mestrado em Comunicação,Jose Oliveira Jr,ORIENTADOR_PRINCIPAL,NAO
2016,Dissertação de mestrado,Pontifícia Universidade Católica de Minas Gerais,Comunicação Social - Interações Midiáticas,Paula Lima Gomes,ORIENTADOR_PRINCIPAL,NAO
2017,Dissertação de mestrado,Universidade Federal da Bahia,Cultura e Sociedade,Kátia Maria de Souza Costa,ORIENTADOR_PRINCIPAL,SIM
2017,Dissertação de mestrado,Pontifícia Universidade Católica de Minas Gerais,Comunicação Social: Interações Midiáticas,Pedro Vasconcelos Costa e Silva,ORIENTADOR_PRINCIPAL,SIM
2015,Dissertação de mestrado,Universidade do Estado de Minas Gerais,Mestrado em Artes,Dulce Helena Couto Alves,ORIENTADOR_PRINCIPAL,SIM
2017,Dissertação de mestrado,Pontifícia Universidade Católica de Minas Gerais,Comunicação Social: Interações Midiáticas,Camila de Alvarenga Assis e Silva,ORIENTADOR_PRINCIPAL,SIM
2018,Dissertação de mestrado,Universidade Federal da Bahia,Cultura e Sociedade,Renata Araújo dos Reis,ORIENTADOR_PRINCIPAL,SIM
2018,Dissertação de mestrado,Pontifícia Universidade Católica de Minas Gerais,Comunicação Social - Interações Midiáticas,Carlos Vinícius Pereira Lacerda,ORIENTADOR_PRINCIPAL,SIM
2019,Dissertação de mestrado,Universidade do Estado de Minas Gerais,Mestrado em Artes,Mariana Angelis Ferreira,ORIENTADOR_PRINCIPAL,SIM
2018,Dissertação de mestrado,Universidade do Estado de Minas Gerais,Mestrado em Artes,Pompea Auter Tavares,ORIENTADOR_PRINCIPAL,SIM
2018,Dissertação de mestrado,Universidade do Estado de Minas Gerais,Mestrado em Artes,Mariana Fonseca Laterza,ORIENTADOR_PRINCIPAL,SIM
2020,Dissertação de mestrado,Universidade Federal da Bahia,Cultura e Sociedade,Ellen Melo dos Santos Cruz,ORIENTADOR_PRINCIPAL,NAO
2019,Dissertação de mestrado,Universidade do Estado de Minas Gerais,Artes,Carlo Frederico de Souza Ferrara Marcolino,ORIENTADOR_PRINCIPAL,NAO
2018,Dissertação de mestrado,Universidade do Estado de Minas Gerais,Artes,Talita Rocha Silva,ORIENTADOR_PRINCIPAL,NAO
2020,Dissertação de mestrado,Universidade Federal da Bahia,Cultura e Sociedade,JOICE REIS DE ARAUJO,ORIENTADOR_PRINCIPAL,NAO
2021,Dissertação de mestrado,Universidade do Estado de Minas Gerais,Artes,Talita Rocha da Silva,ORIENTADOR_PRINCIPAL,NAO
2015,Dissertação de mestrado,Pontifícia Universidade Católica de Minas Gerais,Mestrado em Comunicação,Ana Carolina de Lima Pinto,ORIENTADOR_PRINCIPAL,SIM
2012,Tese de doutorado,Universidade Federal da Bahia,Doutorado em Cultura e Sociedade,Stanley Vinicius da Silva Alves,ORIENTADOR_PRINCIPAL,SIM
2017,Tese de doutorado,Universidade Federal da Bahia,Cultura e Sociedade,Giuliana d´El Rei de Sá Kauark,ORIENTADOR_PRINCIPAL,SIM
2018,Tese de doutorado,Universidade Federal da Bahia,Cultura e Sociedade,Renata Nunes Pereira Melo,ORIENTADOR_PRINCIPAL,SIM
2017,Tese de doutorado,Universidade Federal da Bahia,Cultura e Sociedade,Stanley Vinicius da Silva Alves,ORIENTADOR_PRINCIPAL,SIM
2017,Tese de doutorado,Universidade Federal da Bahia,Cultura e Sociedade,Juan Ignácio Brizuela,ORIENTADOR_PRINCIPAL,NAO
2013,Tese de doutorado,Universidade Federal da Bahia,Doutorado em Cultura e Sociedade,Juan Ignacio Brizuela,ORIENTADOR_PRINCIPAL,NAO
1997,TRABALHO_DE_CONCLUSAO_DE_CURSO_GRADUACAO,Pontifícia Universidade Católica de Minas Gerais,Comunicaçâo Social,"Aline Duarte, Gioconda Bretas, Rachel Verano, Vanessa Arce",CO_ORIENTADOR,NAO
1997,TRABALHO_DE_CONCLUSAO_DE_CURSO_GRADUACAO,Pontifícia Universidade Católica de Minas Gerais,Comunicaçâo Social,"Alessandra Yane, Carla Gonçalves, Cristiane Diniz e outros",CO_ORIENTADOR,NAO
1992,TRABALHO_DE_CONCLUSAO_DE_CURSO_GRADUACAO,Pontifícia Universidade Católica de Minas Gerais,Comunicaçâo Social,João Luiz Mendes e Suylan de Almeida Midlej Silva,CO_ORIENTADOR,NAO
2001,TRABALHO_DE_CONCLUSAO_DE_CURSO_GRADUACAO,Pontifícia Universidade Católica de Minas Gerais,Comunicaçâo Social,"Carolina Falci, Christiane de Assis  e outros",CO_ORIENTADOR,NAO
1999,TRABALHO_DE_CONCLUSAO_DE_CURSO_GRADUACAO,Pontifícia Universidade Católica de Minas Gerais,Comunicação Social,Adriana Girão e Fábia Pereira,CO_ORIENTADOR,NAO
1994,TRABALHO_DE_CONCLUSAO_DE_CURSO_GRADUACAO,Pontifícia Universidade Católica de Minas Gerais,Comunicação Social,"Maria das Graças Vilela, Suziane Fonseca e outros",CO_ORIENTADOR,NAO
2001,TRABALHO_DE_CONCLUSAO_DE_CURSO_GRADUACAO,Pontifícia Universidade Católica de Minas Gerais,Comunicação Social,"Naiara Correa, Natalia Chaves, Rachel Oliveira",CO_ORIENTADOR,NAO
2001,TRABALHO_DE_CONCLUSAO_DE_CURSO_GRADUACAO,Pontifícia Universidade Católica de Minas Gerais,Comunicação Social,"Adriana Ribeiro, Pedro Mundim, Marcos Freitas e outros",CO_ORIENTADOR,NAO
2002,TRABALHO_DE_CONCLUSAO_DE_CURSO_GRADUACAO,Pontifícia Universidade Católica de Minas Gerais,Comunicação Social,"Bruno Cançado, Guilherme Woll, Mirthes Ganz e outros",CO_ORIENTADOR,NAO
2003,TRABALHO_DE_CONCLUSAO_DE_CURSO_GRADUACAO,Pontifícia Universidade Católica de Minas Gerais,Comunicação Social,Carolina Minardi; Milene Alves e outros,CO_ORIENTADOR,NAO
2003,TRABALHO_DE_CONCLUSAO_DE_CURSO_GRADUACAO,Pontifícia Universidade Católica de Minas Gerais,Comunicação Social,"Daniel Camargos, Luan Barros, Maria Lutterbach e outros",CO_ORIENTADOR,NAO
2001,MONOGRAFIA_DE_CONCLUSAO_DE_CURSO_APERFEICOAMENTO_E_ESPECIALIZACAO,Escola Guignard - Universidade do Estado de MG,Artes Plásticas e Contempraneidade,Abílio Abdo Lopes/Cinthia Vanessa de Melo e Júnia Flávia Cav,CO_ORIENTADOR,NAO
2002,MONOGRAFIA_DE_CONCLUSAO_DE_CURSO_APERFEICOAMENTO_E_ESPECIALIZACAO,Pontifícia Universidade Católica de Minas Gerais,Comunicação e Gestão Organizacional,"Henrique Celso A. Gonçalves, Larissa Pinto Barbosa e outros",CO_ORIENTADOR,NAO
2004,INICIACAO_CIENTIFICA,Pontifícia Universidade Católica de Minas Gerais,Turismo,Paula Moraes Niquini,CO_ORIENTADOR,SIM
2003,INICIACAO_CIENTIFICA,Pontifícia Universidade Católica de Minas Gerais,Ciências Sociais,Ana Laura Lobato Pinheiro e Tiago Henrique de Pinho Ma,CO_ORIENTADOR,SIM
2005,MONOGRAFIA_DE_CONCLUSAO_DE_CURSO_APERFEICOAMENTO_E_ESPECIALIZACAO,Pontifícia Universidade Católica de Minas Gerais,Comunicação e Gestão Organizacional,Renata Canabrava França,CO_ORIENTADOR,NAO
2005,TRABALHO_DE_CONCLUSAO_DE_CURSO_GRADUACAO,Pontifícia Universidade Católica de Minas Gerais,Comunicação Social,"Bárbara Bof, Daniel Costa, Daniele Lellis, Déborah Minardi .",CO_ORIENTADOR,NAO
2006,INICIACAO_CIENTIFICA,Pontifícia Universidade Católica de Minas Gerais,Ciências Sociais,Ianne Carolina Ferreira da Silva,CO_ORIENTADOR,SIM
2006,MONOGRAFIA_DE_CONCLUSAO_DE_CURSO_APERFEICOAMENTO_E_ESPECIALIZACAO,Pontifícia Universidade Católica de Minas Gerais,Comunicaação e Gestão Organizacional,Anna Cristina Romanelli;  Débora Pace ;Maria Caroline de Alm,CO_ORIENTADOR,NAO
2006,TRABALHO_DE_CONCLUSAO_DE_CURSO_GRADUACAO,Pontifícia Universidade Católica de Minas Gerais,Comunicação Social,Fernanda Castro; Ludmila Honkelmann; Simone Mello,CO_ORIENTADOR,NAO
2006,MONOGRAFIA_DE_CONCLUSAO_DE_CURSO_APERFEICOAMENTO_E_ESPECIALIZACAO,Escola Guignard - Universidade do Estado de MG,"Ensino e Pesquisa no campo da arte,cultura e educ",Ana Patrícia Silva Santos,CO_ORIENTADOR,NAO
2007,MONOGRAFIA_DE_CONCLUSAO_DE_CURSO_APERFEICOAMENTO_E_ESPECIALIZACAO,Escola Guignard - Universidade do Estado de MG,"Ensino e Pesquisa no campo da arte,cultura e educ",Isabel Cristina Silviano Brandão,CO_ORIENTADOR,NAO
2006,MONOGRAFIA_DE_CONCLUSAO_DE_CURSO_APERFEICOAMENTO_E_ESPECIALIZACAO,Escola Guignard - Universidade do Estado de MG,"Ensino e Pesquisa no campo da arte,cultura e educ",Edel Aparecida de Oliveira,CO_ORIENTADOR,NAO
2007,INICIACAO_CIENTIFICA,Pontifícia Universidade Católica de Minas Gerais,Comunicação Social,Ana Carolina Souza C Jacome,CO_ORIENTADOR,SIM
2007,ORIENTACAO-DE-OUTRA-NATUREZA,Pontifícia Universidade Católica de Minas Gerais,Curso de Ciências Sociais,MARCOS MATHEUS DA SILVA  e BRENO TRINDADE DA SILVA,CO_ORIENTADOR,SIM
2007,MONOGRAFIA_DE_CONCLUSAO_DE_CURSO_APERFEICOAMENTO_E_ESPECIALIZACAO,Escola Guignard - Universidade do Estado de MG,"Ensino e Pesquisa no campo da arte,cultura e educ",Sílvia Silva,CO_ORIENTADOR,NAO
2007,MONOGRAFIA_DE_CONCLUSAO_DE_CURSO_APERFEICOAMENTO_E_ESPECIALIZACAO,Universidade de Cuiabá,Curso de Planejamento e Gestão Cultural,Luiza Pereira e Maria Antulia Leventi,CO_ORIENTADOR,NAO
2007,MONOGRAFIA_DE_CONCLUSAO_DE_CURSO_APERFEICOAMENTO_E_ESPECIALIZACAO,Universidade de Cuiabá,Curso de Planejamento e Gestão Cultural,Elisete C. Nunes,CO_ORIENTADOR,NAO
2007,INICIACAO_CIENTIFICA,Pontifícia Universidade Católica de Minas Gerais,Curso de Ciências Sociais,Ianne Carolina Ferreira da Silva,CO_ORIENTADOR,SIM
2007,TRABALHO_DE_CONCLUSAO_DE_CURSO_GRADUACAO,Pontifícia Universidade Católica de Minas Gerais,Ciências Sociais,Marcos Mateus da Silva,CO_ORIENTADOR,NAO
2008,TRABALHO_DE_CONCLUSAO_DE_CURSO_GRADUACAO,Pontifícia Universidade Católica de Minas Gerais,Curso de Ciências Sociais,Vilmar Duarte Pereira,CO_ORIENTADOR,NAO
2008,TRABALHO_DE_CONCLUSAO_DE_CURSO_GRADUACAO,Pontifícia Universidade Católica de Minas Gerais,Comunicaçâo Social,Mariana Alves de Oliveira Cruz; Viviane Colen Furtado,CO_ORIENTADOR,NAO
2007,MONOGRAFIA_DE_CONCLUSAO_DE_CURSO_APERFEICOAMENTO_E_ESPECIALIZACAO,Escola Guignard - Universidade do Estado de MG,"Ensino e Pesquisa no campo da arte,cultura e educ",Lígia Maria Moura de Sant?Anna; Lígia Agostini Monteiro,CO_ORIENTADOR,NAO
2008,MONOGRAFIA_DE_CONCLUSAO_DE_CURSO_APERFEICOAMENTO_E_ESPECIALIZACAO,Centro Universitário UNA,Curso de Especialização em Gestão Cultural,Cristiane Martins Teixeira,CO_ORIENTADOR,NAO
2008,MONOGRAFIA_DE_CONCLUSAO_DE_CURSO_APERFEICOAMENTO_E_ESPECIALIZACAO,Pontifícia Universidade Católica de Minas Gerais,Processos Criativos em palavra e imagem,Luanda Gurgel Faria Silva,CO_ORIENTADOR,NAO
2008,INICIACAO_CIENTIFICA,Pontifícia Universidade Católica de Minas Gerais,Curso de Ciências Sociais,Kenia Caroline Vieira da Silva,CO_ORIENTADOR,SIM
2008,TRABALHO_DE_CONCLUSAO_DE_CURSO_GRADUACAO,Pontifícia Universidade Católica de Minas Gerais,Curso de Ciências Sociais,Amanda Microni,CO_ORIENTADOR,NAO
2008,TRABALHO_DE_CONCLUSAO_DE_CURSO_GRADUACAO,Pontifícia Universidade Católica de Minas Gerais,Curso de Ciências Sociais,Raphael M. Vilaça,CO_ORIENTADOR,NAO
2008,TRABALHO_DE_CONCLUSAO_DE_CURSO_GRADUACAO,Pontifícia Universidade Católica de Minas Gerais,Curso de Ciências Sociais,Ubiratan S F Junior,CO_ORIENTADOR,NAO
2008,MONOGRAFIA_DE_CONCLUSAO_DE_CURSO_APERFEICOAMENTO_E_ESPECIALIZACAO,Escola Guignard - Universidade do Estado de MG,"Ensino e Pesquisa no campo da arte,cultura e educ",Cintia Lopes da Silva  e  Miriam de Freits Barbosa,CO_ORIENTADOR,NAO
2008,MONOGRAFIA_DE_CONCLUSAO_DE_CURSO_APERFEICOAMENTO_E_ESPECIALIZACAO,Escola Guignard - Universidade do Estado de MG,"Ensino e Pesquisa no campo da arte,cultura e educ",Aparecida terezinha Neves Diniz e Luiz Gonçalves da Silva,CO_ORIENTADOR,NAO
2010,TRABALHO_DE_CONCLUSAO_DE_CURSO_GRADUACAO,Pontifícia Universidade Católica de Minas Gerais,Comunicaçâo Social,Mariana Araújo Zanatta e alli,CO_ORIENTADOR,NAO
2009,INICIACAO_CIENTIFICA,Pontifícia Universidade Católica de Minas Gerais,Comunicaçâo Social,Amanda Aparecida Silva,CO_ORIENTADOR,SIM
2010,MONOGRAFIA_DE_CONCLUSAO_DE_CURSO_APERFEICOAMENTO_E_ESPECIALIZACAO,Escola Guignard - Universidade do Estado de MG,"Ensino e Pesquisa no campo da arte,cultura e educ",Maria Cecília Silveira,CO_ORIENTADOR,NAO
2010,INICIACAO_CIENTIFICA,Pontifícia Universidade Católica de Minas Gerais,Curso de Ciências Sociais,Janaína de Souza Aredes,CO_ORIENTADOR,SIM
2010,TRABALHO_DE_CONCLUSAO_DE_CURSO_GRADUACAO,Pontifícia Universidade Católica de Minas Gerais,Curso de Ciências Sociais,Emiliana Pires Normandia,CO_ORIENTADOR,NAO
2010,INICIACAO_CIENTIFICA,Pontifícia Universidade Católica de Minas Gerais,Comunicação Social,Rafael Fonseca Drumond,CO_ORIENTADOR,SIM
2010,TRABALHO_DE_CONCLUSAO_DE_CURSO_GRADUACAO,Pontifícia Universidade Católica de Minas Gerais,Comunicação Social,"Daniela Miranda Garcia, Helen Machado Leão Murta, Raquel Ros",CO_ORIENTADOR,NAO
2010,INICIACAO_CIENTIFICA,Pontifícia Universidade Católica de Minas Gerais,Comunicação Social,Jefferson Ubiratan de Araújo Medeiros,CO_ORIENTADOR,NAO
2010,TRABALHO_DE_CONCLUSAO_DE_CURSO_GRADUACAO,Pontifícia Universidade Católica de Minas Gerais,Comunicação Social,"Clarice Vieira, Flavia Furtado, Gustavo Luciano, Nayara Amar",CO_ORIENTADOR,NAO
2010,TRABALHO_DE_CONCLUSAO_DE_CURSO_GRADUACAO,Pontifícia Universidade Católica de Minas Gerais,Comunicação Social,"Fernanda Laguardia, Isadora Faleiros, Mariana Veloso",CO_ORIENTADOR,NAO
2010,MONOGRAFIA_DE_CONCLUSAO_DE_CURSO_APERFEICOAMENTO_E_ESPECIALIZACAO,Escola Guignard - Universidade do Estado de MG,"Ensino e Pesquisa no campo da arte,cultura e educ",Alessandra de Angelis Barreto do Amaral,CO_ORIENTADOR,NAO
2010,MONOGRAFIA_DE_CONCLUSAO_DE_CURSO_APERFEICOAMENTO_E_ESPECIALIZACAO,Escola Guignard - Universidade do Estado de MG,"Ensino e Pesquisa no campo da arte,cultura e educ",FERNANDA MENDES DE CARVALHO,CO_ORIENTADOR,NAO
2010,TRABALHO_DE_CONCLUSAO_DE_CURSO_GRADUACAO,Pontifícia Universidade Católica de Minas Gerais,Curso de Ciências Sociais,Livia Mara Gomes do Espírito Santo,CO_ORIENTADOR,NAO
2011,TRABALHO_DE_CONCLUSAO_DE_CURSO_GRADUACAO,Pontifícia Universidade Católica de Minas Gerais,Comunicação Social,"Diego Dantas, LUna Gomides, Pâmella Ribeiro, Pedro Parrela S",CO_ORIENTADOR,NAO
2011,TRABALHO_DE_CONCLUSAO_DE_CURSO_GRADUACAO,Pontifícia Universidade Católica de Minas Gerais,Comunicação Social,"Maria Eugenia Monteiro de Souza, Rangel de Oliveira Santos",CO_ORIENTADOR,NAO
2011,TRABALHO_DE_CONCLUSAO_DE_CURSO_GRADUACAO,Escola Guignard - Universidade do Estado de MG,Artes Plásticas,Raíssa Magalhães Angrisano,CO_ORIENTADOR,NAO
2011,TRABALHO_DE_CONCLUSAO_DE_CURSO_GRADUACAO,Escola Guignard - Universidade do Estado de MG,Artes Plásticas,Anne L Souza de Gusmão,CO_ORIENTADOR,NAO
2012,TRABALHO_DE_CONCLUSAO_DE_CURSO_GRADUACAO,Escola Guignard - Universidade do Estado de MG,Artes Plásticas,Rednei Luiz Pinto,CO_ORIENTADOR,NAO
2011,MONOGRAFIA_DE_CONCLUSAO_DE_CURSO_APERFEICOAMENTO_E_ESPECIALIZACAO,Escola Guignard - Universidade do Estado de MG,"Ensino e Pesquisa no campo da arte,cultura e educ",Evandro Nunes de Lima,CO_ORIENTADOR,NAO
2011,MONOGRAFIA_DE_CONCLUSAO_DE_CURSO_APERFEICOAMENTO_E_ESPECIALIZACAO,Pontifícia Universidade Católica de Minas Gerais,Produção e crítica cultural,Giselle Lucena,CO_ORIENTADOR,NAO
2011,INICIACAO_CIENTIFICA,Escola Guignard - Universidade do Estado de MG,Artes Plásticas,Flavia Jaqueira,CO_ORIENTADOR,SIM
2011,MONOGRAFIA_DE_CONCLUSAO_DE_CURSO_APERFEICOAMENTO_E_ESPECIALIZACAO,Escola Guignard - Universidade do Estado de MG,"Ensino e Pesquisa no campo da arte,cultura e educ",Guadalupe Golgane Machado Lage,CO_ORIENTADOR,NAO
2012,TRABALHO_DE_CONCLUSAO_DE_CURSO_GRADUACAO,Pontifícia Universidade Católica de Minas Gerais,Ciências Sociais,Bruna Vieira Bacelete,CO_ORIENTADOR,NAO
2012,MONOGRAFIA_DE_CONCLUSAO_DE_CURSO_APERFEICOAMENTO_E_ESPECIALIZACAO,Escola Guignard - Universidade do Estado de MG,"Mediação em arte,cultura e educação",Ianne Carolina Ferreira da Silva,CO_ORIENTADOR,NAO
2013,MONOGRAFIA_DE_CONCLUSAO_DE_CURSO_APERFEICOAMENTO_E_ESPECIALIZACAO,Fundação Joaquim Nabuco,Curso de Formação de Gestores Culturais dos Estado,EVANI BARBOSA DOS SANTOS,CO_ORIENTADOR,NAO
2013,MONOGRAFIA_DE_CONCLUSAO_DE_CURSO_APERFEICOAMENTO_E_ESPECIALIZACAO,Fundação Joaquim Nabuco,Curso de Formação de Gestores Culturais dos Estado,Luiz Eduardo Pinheiro Sarmento,CO_ORIENTADOR,NAO
2012,MONOGRAFIA_DE_CONCLUSAO_DE_CURSO_APERFEICOAMENTO_E_ESPECIALIZACAO,Fundação Joaquim Nabuco,Curso de Formação de Gestores Culturais dos Estado,ANA CLARA MAIA DE OLIVEIRA,CO_ORIENTADOR,NAO
2013,MONOGRAFIA_DE_CONCLUSAO_DE_CURSO_APERFEICOAMENTO_E_ESPECIALIZACAO,Fundação Joaquim Nabuco,Curso de Formação de Gestores Culturais dos Estado,José de Anchieta Cunha,CO_ORIENTADOR,NAO
2013,MONOGRAFIA_DE_CONCLUSAO_DE_CURSO_APERFEICOAMENTO_E_ESPECIALIZACAO,Fundação Joaquim Nabuco,Curso de Formação de Gestores Culturais dos Estado,FRANCISCO DAS CHAGAS DE CARVALHO CASTRO,CO_ORIENTADOR,NAO
2013,MONOGRAFIA_DE_CONCLUSAO_DE_CURSO_APERFEICOAMENTO_E_ESPECIALIZACAO,Fundação Joaquim Nabuco,Curso de Formação de Gestores Culturais dos Estado,Luís Carlos Machado do Vale,CO_ORIENTADOR,NAO
2013,TRABALHO_DE_CONCLUSAO_DE_CURSO_GRADUACAO,Fundação Joaquim Nabuco,Curso de Formação de Gestores Culturais dos Estado,PAULA GONÇALVES DA SILVA,CO_ORIENTADOR,NAO
2013,MONOGRAFIA_DE_CONCLUSAO_DE_CURSO_APERFEICOAMENTO_E_ESPECIALIZACAO,Escola Guignard - Universidade do Estado de MG,"Mediação em arte,cultura e educação",Warley Fabiano dos Santos,CO_ORIENTADOR,NAO
2013,TRABALHO_DE_CONCLUSAO_DE_CURSO_GRADUACAO,Pontifícia Universidade Católica de Minas Gerais,Ciências Sociais,Yuri Bernard Louzada Menezes,CO_ORIENTADOR,NAO
2013,MONOGRAFIA_DE_CONCLUSAO_DE_CURSO_APERFEICOAMENTO_E_ESPECIALIZACAO,Escola Guignard - Universidade do Estado de MG,"Mediação em arte,cultura e educação",Juliana da Silva Sardinha Pinto,CO_ORIENTADOR,NAO
2013,MONOGRAFIA_DE_CONCLUSAO_DE_CURSO_APERFEICOAMENTO_E_ESPECIALIZACAO,Escola Guignard - Universidade do Estado de MG,"Mediação em arte,cultura e educação",Carolina Oliveira Barros,CO_ORIENTADOR,NAO
2013,MONOGRAFIA_DE_CONCLUSAO_DE_CURSO_APERFEICOAMENTO_E_ESPECIALIZACAO,Escola Guignard - Universidade do Estado de MG,"Mediação em arte,cultura e educação",Patricia Borges Chavda,CO_ORIENTADOR,NAO
2013,MONOGRAFIA_DE_CONCLUSAO_DE_CURSO_APERFEICOAMENTO_E_ESPECIALIZACAO,Escola Guignard - Universidade do Estado de MG,"Mediação em arte,cultura e educação",Juliana da Silva Sardinha  Pinto,CO_ORIENTADOR,NAO
2013,TRABALHO_DE_CONCLUSAO_DE_CURSO_GRADUACAO,Pontifícia Universidade Católica de Minas Gerais,Comunicaçâo Social,"Ana Viana, Larissa Gonzaga, Mariana Angelis, Mauro Fernandes",CO_ORIENTADOR,NAO
2013,TRABALHO_DE_CONCLUSAO_DE_CURSO_GRADUACAO,Pontifícia Universidade Católica de Minas Gerais,Comunicaçâo Social,"Ana Viana, Larissa Gonzaga, Mariana Angelis, Mauro Fernandes",CO_ORIENTADOR,NAO
2014,TRABALHO_DE_CONCLUSAO_DE_CURSO_GRADUACAO,Pontifícia Universidade Católica de Minas Gerais,Comunicaçâo Social,"Luiza Therezo, Maria Fernanda Chicre e Natália Meire",CO_ORIENTADOR,NAO
2014,TRABALHO_DE_CONCLUSAO_DE_CURSO_GRADUACAO,Pontifícia Universidade Católica de Minas Gerais,Comunicaçâo Social,Bruna Luiza; Camila Guedes e outros,CO_ORIENTADOR,NAO
2014,INICIACAO_CIENTIFICA,Universidade do Estado de Minas Gerais,Gestão das Organizações do Terceiro Setor,Camila de Alvarenga Assis e Silva,CO_ORIENTADOR,SIM
2014,MONOGRAFIA_DE_CONCLUSAO_DE_CURSO_APERFEICOAMENTO_E_ESPECIALIZACAO,Universidade Federal da Bahia,Gestão Cultural,Camila  Cestari Cerreti,CO_ORIENTADOR,NAO
2014,MONOGRAFIA_DE_CONCLUSAO_DE_CURSO_APERFEICOAMENTO_E_ESPECIALIZACAO,Universidade Federal da Bahia,Gestão Cultural,Nilton Oliveira Valença,CO_ORIENTADOR,NAO
2014,MONOGRAFIA_DE_CONCLUSAO_DE_CURSO_APERFEICOAMENTO_E_ESPECIALIZACAO,Universidade Federal da Bahia,Gestão Cultural,Carlos Alberto de Paiva Campos,CO_ORIENTADOR,NAO
2014,MONOGRAFIA_DE_CONCLUSAO_DE_CURSO_APERFEICOAMENTO_E_ESPECIALIZACAO,Universidade Federal da Bahia,Gestão Cultural,Maitê dos Santos Rangel,CO_ORIENTADOR,NAO
2014,MONOGRAFIA_DE_CONCLUSAO_DE_CURSO_APERFEICOAMENTO_E_ESPECIALIZACAO,Universidade Federal da Bahia,Gestão Cultural,Luisa Coelho Netto Galiza,CO_ORIENTADOR,NAO
2014,MONOGRAFIA_DE_CONCLUSAO_DE_CURSO_APERFEICOAMENTO_E_ESPECIALIZACAO,Universidade Federal da Bahia,Gestão Cultural,Claudia Houara de Castro,CO_ORIENTADOR,NAO
2016,TRABALHO_DE_CONCLUSAO_DE_CURSO_GRADUACAO,Pontifícia Universidade Católica de Minas Gerais,Comunicação Social,"Guilherme Cambraia, Guilherme Frossard, José Victor Fantoni,",CO_ORIENTADOR,NAO
2016,TRABALHO_DE_CONCLUSAO_DE_CURSO_GRADUACAO,Pontifícia Universidade Católica de Minas Gerais,Comunicação Social - Relações Públicas,Amanda Maia Moreira dos Santos,CO_ORIENTADOR,NAO
2017,TRABALHO_DE_CONCLUSAO_DE_CURSO_GRADUACAO,Pontifícia Universidade Católica de Minas Gerais,Comunicação Social - Jornalismo,"Ana Clara Carvalho, Flora Silberschneider, Mirna de Moura",CO_ORIENTADOR,NAO
2016,MONOGRAFIA_DE_CONCLUSAO_DE_CURSO_APERFEICOAMENTO_E_ESPECIALIZACAO,Universidade do Estado de Minas Gerais,Especialização em Gestão Cultural,"Paloma Assis da Matta Machado, Priscila Soares de Paiva",CO_ORIENTADOR,NAO
2016,MONOGRAFIA_DE_CONCLUSAO_DE_CURSO_APERFEICOAMENTO_E_ESPECIALIZACAO,Universidade do Estado de Minas Gerais,Especialização em Gestão Cultural,Luciana Braga Silveira,CO_ORIENTADOR,NAO
2016,MONOGRAFIA_DE_CONCLUSAO_DE_CURSO_APERFEICOAMENTO_E_ESPECIALIZACAO,Universidade do Estado de Minas Gerais,Especialização em Gestão Cultural,Tagiane Luiza Trojahn,CO_ORIENTADOR,NAO
2016,MONOGRAFIA_DE_CONCLUSAO_DE_CURSO_APERFEICOAMENTO_E_ESPECIALIZACAO,Universidade do Estado de Minas Gerais,Especialização em Gestão Cultural,Gabriel Miranda Coelho,CO_ORIENTADOR,NAO
2016,TRABALHO_DE_CONCLUSAO_DE_CURSO_GRADUACAO,Universidade do Estado de Minas Gerais,Música,João Marcos de Almeida Pinto,CO_ORIENTADOR,NAO
2017,TRABALHO_DE_CONCLUSAO_DE_CURSO_GRADUACAO,Pontifícia Universidade Católica de Minas Gerais,Publicidade e Propaganda,Caio Vieira Clara Duarte Deborah Conde Gabriel Cota Hugo Cal,CO_ORIENTADOR,NAO
2017,TRABALHO_DE_CONCLUSAO_DE_CURSO_GRADUACAO,Pontifícia Universidade Católica de Minas Gerais,Jornalismo,Thaís Milani Lage Gonçalves,CO_ORIENTADOR,NAO
2017,TRABALHO_DE_CONCLUSAO_DE_CURSO_GRADUACAO,Pontifícia Universidade Católica de Minas Gerais,Jornalismo,"Débora Assis, Thiago Carminate",CO_ORIENTADOR,NAO
2017,TRABALHO_DE_CONCLUSAO_DE_CURSO_GRADUACAO,Pontifícia Universidade Católica de Minas Gerais,Comunicação Social - Jornalismo,Luiza Prates Corrieri,CO_ORIENTADOR,NAO
2018,TRABALHO_DE_CONCLUSAO_DE_CURSO_GRADUACAO,Pontifícia Universidade Católica de Minas Gerais,Relações Públicas,"Arianne Viana, Daniela Soares; Flavia Puccini; Wenddy Dias",CO_ORIENTADOR,NAO
2018,TRABALHO_DE_CONCLUSAO_DE_CURSO_GRADUACAO,Pontifícia Universidade Católica de Minas Gerais,Relações Públicas,Ana Lúcia Mendonça Gustavo Henrique Cruz Giulia Crispim Marc,CO_ORIENTADOR,NAO
2018,TRABALHO_DE_CONCLUSAO_DE_CURSO_GRADUACAO,Pontifícia Universidade Católica de Minas Gerais,Jornalismo,Ana G. Vaz Martins; Ayana C. Moraes Braga; Bárbara C. Ferrei,CO_ORIENTADOR,NAO
2019,TRABALHO_DE_CONCLUSAO_DE_CURSO_GRADUACAO,Universidade do Estado de Minas Gerais,Música,Clayton Tadeu Homem,CO_ORIENTADOR,NAO
2019,TRABALHO_DE_CONCLUSAO_DE_CURSO_GRADUACAO,Pontifícia Universidade Católica de Minas Gerais,Comunicação Social - Jornalismo,Debora Matos Vilar Drumond   e  Thales Ribeiro Senhorito,CO_ORIENTADOR,NAO
2019,TRABALHO_DE_CONCLUSAO_DE_CURSO_GRADUACAO,Pontifícia Universidade Católica de Minas Gerais,Comunicação Social - Jornalismo,Matheus Reis Leão,CO_ORIENTADOR,NAO
2020,TRABALHO_DE_CONCLUSAO_DE_CURSO_GRADUACAO,Pontifícia Universidade Católica de Minas Gerais,Comunicação Social - Cinema e Audiovisual,Adhemar Soares Lage,CO_ORIENTADOR,NAO
2021,TRABALHO_DE_CONCLUSAO_DE_CURSO_GRADUACAO,Universidade do Estado de Minas Gerais,Música,Glaydson Flavio Benevenuto,CO_ORIENTADOR,NAO
2021,TRABALHO_DE_CONCLUSAO_DE_CURSO_GRADUACAO,Pontifícia Universidade Católica de Minas Gerais,Jornalismo,"Gabriel Ribeiro,João Coelho,Luiza Lanza, Marcela G, Paula Na",CO_ORIENTADOR,NAO
2020,TRABALHO_DE_CONCLUSAO_DE_CURSO_GRADUACAO,Pontifícia Universidade Católica de Minas Gerais,Jornalismo,"Esther A Silva,Júlia B Valadares, Lucas Costa, Pamela T",CO_ORIENTADOR,NAO
2022,TRABALHO_DE_CONCLUSAO_DE_CURSO_GRADUACAO,Pontifícia Universidade Católica de Minas Gerais,Jornalismo,Caio Brandão Seraphim Carolina Fonseca Saldanha Catarina de,CO_ORIENTADOR,NAO
2016,MONOGRAFIA_DE_CONCLUSAO_DE_CURSO_APERFEICOAMENTO_E_ESPECIALIZACAO,Universidade do Estado de Minas Gerais,Especialização em Gestão Cultural,Larissa Batista Leite Tredezini,CO_ORIENTADOR,NAO
