YEAR,NATURE,INSTITUTION,COURSE,STUDENT,TYPE,SPONSOR
2002,Dissertação de mestrado,Universidade Federal de Minas Gerais,Artes,Luciana Bonadio,ORIENTADOR_PRINCIPAL,SIM
2003,Dissertação de mestrado,Universidade Federal de Minas Gerais,,Edna Mara de Moura Nunes,ORIENTADOR_PRINCIPAL,NAO
2003,Dissertação de mestrado,Universidade Federal de Minas Gerais,,Fernando Pedro da Silva,ORIENTADOR_PRINCIPAL,NAO
2005,Dissertação de mestrado,Universidade Federal de Minas Gerais,,Flávia Dutra Cordeiro,ORIENTADOR_PRINCIPAL,SIM
2006,Dissertação de mestrado,Universidade Federal de Minas Gerais,Mestrado em Artes,Tânia de Castro Araújo,ORIENTADOR_PRINCIPAL,NAO
2006,Dissertação de mestrado,Universidade Federal de Minas Gerais,Mestrado em Artes,Getúlio José Moreira,ORIENTADOR_PRINCIPAL,SIM
2006,Dissertação de mestrado,Universidade Federal de Minas Gerais,Mestrado em Artes,Maria Luiza Dias Viana,ORIENTADOR_PRINCIPAL,NAO
2010,Dissertação de mestrado,Universidade Federal de Minas Gerais,Mestrado em Artes,Virgínia Cândida Ribeiro,ORIENTADOR_PRINCIPAL,NAO
2007,Dissertação de mestrado,Universidade Federal de Minas Gerais,Mestrado em Artes,Gislane Gomes Neto,ORIENTADOR_PRINCIPAL,NAO
2007,Dissertação de mestrado,Universidade Federal de Minas Gerais,Mestrado em Artes,Letícia Crespo Grandinetti,ORIENTADOR_PRINCIPAL,SIM
2007,Dissertação de mestrado,Universidade Federal de Minas Gerais,Mestrado em Artes,Joice Saturnino de Oliveira,ORIENTADOR_PRINCIPAL,NAO
2008,Dissertação de mestrado,Universidade Federal de Minas Gerais,Mestrado em Artes,Claudia Renault,ORIENTADOR_PRINCIPAL,NAO
2010,Dissertação de mestrado,Universidade Federal de Minas Gerais,Mestrado em Artes,Marcelo de Carvalho Borges,ORIENTADOR_PRINCIPAL,NAO
2009,Dissertação de mestrado,Universidade Federal de Minas Gerais,Mestrado em Artes,Rodrigo Freitas Rodrigues,ORIENTADOR_PRINCIPAL,SIM
2009,Dissertação de mestrado,Universidade Federal de Minas Gerais,Mestrado em Artes,Jorge Rafael Cabrera Gómez,ORIENTADOR_PRINCIPAL,SIM
2010,Dissertação de mestrado,Universidade Federal de Minas Gerais,Artes,Camila Otto Diniz Ferreira,ORIENTADOR_PRINCIPAL,NAO
2013,Dissertação de mestrado,Universidade Federal de Minas Gerais,Artes,Tales Bedeschi Faria,ORIENTADOR_PRINCIPAL,NAO
2014,Dissertação de mestrado,Universidade Federal de Minas Gerais,Mestrado em Artes,Adriana Gomes Penido,ORIENTADOR_PRINCIPAL,SIM
2014,Dissertação de mestrado,Universidade Federal de Minas Gerais,Mestrado em Artes,Ricardo Miranda Burgarelli,ORIENTADOR_PRINCIPAL,SIM
2015,Dissertação de mestrado,Universidade Federal de Minas Gerais,Mestrado em Artes,Rubens Rangel,ORIENTADOR_PRINCIPAL,SIM
2016,Dissertação de mestrado,Universidade Federal de Minas Gerais,Mestrado em Artes,Fernanda Cecília Campos Coimbra,ORIENTADOR_PRINCIPAL,NAO
2016,Dissertação de mestrado,Universidade Federal de Minas Gerais,Artes,Ricardo Miranda Burgarelli,ORIENTADOR_PRINCIPAL,SIM
2020,Dissertação de mestrado,Universidade Federal de Minas Gerais,Mestrado em Artes,Luíza Costa Manhães,ORIENTADOR_PRINCIPAL,NAO
2010,Dissertação de mestrado,Universidade Federal de Minas Gerais,Mestrado em Artes,Carlos Eduardo Bitu Cassundé,ORIENTADOR_PRINCIPAL,NAO
2007,Tese de doutorado,Universidade Federal de Minas Gerais,Doutorado em Artes,Deborah Lopes Pennachin,ORIENTADOR_PRINCIPAL,SIM
2012,Tese de doutorado,Universidade Federal de Minas Gerais,Doutorado em Artes,Amir Brito Cadôr,ORIENTADOR_PRINCIPAL,SIM
2008,Tese de doutorado,Universidade Federal de Minas Gerais,Doutorado em Artes,Frederico Silva Santos,ORIENTADOR_PRINCIPAL,NAO
2014,Tese de doutorado,Universidade Federal de Minas Gerais,Doutorado em Artes,Francisco Sebastiao de Paula,ORIENTADOR_PRINCIPAL,SIM
2016,Tese de doutorado,Universidade Federal de Minas Gerais,Artes,Tânia de Castro Araújo,ORIENTADOR_PRINCIPAL,NAO
2014,Tese de doutorado,Universidade Federal de Minas Gerais,Artes,Daniela Goulart Peres,ORIENTADOR_PRINCIPAL,SIM
2011,Tese de doutorado,Universidade Federal de Minas Gerais,Doutorado em Artes,Deborah Lopes Pennachin,ORIENTADOR_PRINCIPAL,NAO
2019,Tese de doutorado,Universidade Federal de Minas Gerais,Artes,Chantal Herskovic,ORIENTADOR_PRINCIPAL,SIM
2015,Tese de doutorado,Universidade Federal de Minas Gerais,Doutorado em Artes,Luiz Henrique Vieira,ORIENTADOR_PRINCIPAL,NAO
2021,Tese de doutorado,Universidade Federal de Minas Gerais,Doutorado em Artes,Clara Albinati,ORIENTADOR_PRINCIPAL,NAO
2017,Tese de doutorado,Universidade de Coimbra,Doutoramento em Arte Contemporânea,Jorge Cabrera Gómez,CO_ORIENTADOR,NAO
2019,Tese de doutorado,Universidade Federal de Minas Gerais,doutorado em educação,Marilene Oliveira Almeida,CO_ORIENTADOR,NAO
2020,Tese de doutorado,Universidade Federal de Minas Gerais,Doutorado em Artes,Adriana Gomes Penido,ORIENTADOR_PRINCIPAL,SIM
1999,INICIACAO_CIENTIFICA,Universidade Federal de Minas Gerais,,Ana Martins Marques,CO_ORIENTADOR,SIM
2000,INICIACAO_CIENTIFICA,Universidade Federal de Minas Gerais,,Ana Martins Marques,CO_ORIENTADOR,SIM
2000,INICIACAO_CIENTIFICA,Universidade Federal de Minas Gerais,,William Rezende Quintal,CO_ORIENTADOR,SIM
1995,INICIACAO_CIENTIFICA,Universidade Federal de Minas Gerais,,Gisele de Moura Siqueira,CO_ORIENTADOR,SIM
1994,INICIACAO_CIENTIFICA,Universidade Federal de Minas Gerais,,Edson Vilela de Freitas,CO_ORIENTADOR,SIM
2002,INICIACAO_CIENTIFICA,Universidade Federal de Minas Gerais,,Rafael Martins Ferreira,CO_ORIENTADOR,SIM
2003,INICIACAO_CIENTIFICA,Universidade Federal de Minas Gerais,,Paulo Rogério Dias Ferreira,CO_ORIENTADOR,SIM
2003,INICIACAO_CIENTIFICA,Universidade Federal de Minas Gerais,,Rafael Martins Ferreira,CO_ORIENTADOR,SIM
2003,INICIACAO_CIENTIFICA,Universidade Federal de Minas Gerais,,Afrânio Angelo do Prado Ornelas,CO_ORIENTADOR,SIM
2008,INICIACAO_CIENTIFICA,Universidade Federal de Minas Gerais,Artes Visuais,Barbara Ahouagi,CO_ORIENTADOR,SIM
2008,INICIACAO_CIENTIFICA,Universidade Federal de Minas Gerais,Artes Visuais,Clarice Gontijo Lacerda,CO_ORIENTADOR,SIM
2008,TRABALHO_DE_CONCLUSAO_DE_CURSO_GRADUACAO,Universidade Federal de Minas Gerais,Artes Visuais,Marina Siqueira Damasceno,CO_ORIENTADOR,NAO
2007,TRABALHO_DE_CONCLUSAO_DE_CURSO_GRADUACAO,Universidade Federal de Minas Gerais,Artes Visuais,José Luiz Moreira,CO_ORIENTADOR,NAO
2008,TRABALHO_DE_CONCLUSAO_DE_CURSO_GRADUACAO,Universidade Federal de Minas Gerais,Artes Visuais,Lucas Dupin,CO_ORIENTADOR,NAO
2008,TRABALHO_DE_CONCLUSAO_DE_CURSO_GRADUACAO,Universidade Federal de Minas Gerais,Artes Visuais,Bárbara de Oliveira Arhouahi,CO_ORIENTADOR,NAO
2008,MONOGRAFIA_DE_CONCLUSAO_DE_CURSO_APERFEICOAMENTO_E_ESPECIALIZACAO,Universidade do Estado de Minas Gerais,Especialização em Arte e Cultura,Regina Giffoni Lima,CO_ORIENTADOR,NAO
2010,INICIACAO_CIENTIFICA,Universidade Federal de Minas Gerais,Artes Visuais,Pedro Lima Reis,CO_ORIENTADOR,SIM
2010,INICIACAO_CIENTIFICA,Universidade Federal de Minas Gerais,Artes Visuais,Hortência Nunes Abreu,CO_ORIENTADOR,SIM
2011,TRABALHO_DE_CONCLUSAO_DE_CURSO_GRADUACAO,Universidade Federal de Minas Gerais,Artes Visuais,Fernanda Cecílias Campos Coimbra,CO_ORIENTADOR,NAO
2011,TRABALHO_DE_CONCLUSAO_DE_CURSO_GRADUACAO,Universidade Federal de Minas Gerais,Artes Visuais,Pedro Augusto Lima Reis,CO_ORIENTADOR,NAO
2014,TRABALHO_DE_CONCLUSAO_DE_CURSO_GRADUACAO,Universidade Federal de Minas Gerais,Abi - Artes Visuais,Leonardo Alves Rodrigues,CO_ORIENTADOR,NAO
2014,ORIENTACAO-DE-OUTRA-NATUREZA,Universidade de Coimbra,Doutorado em Arte Contemporânea,Cláudia Tamm Renault,CO_ORIENTADOR,SIM
2015,INICIACAO_CIENTIFICA,Universidade Federal de Minas Gerais,Abi - Artes Visuais,Julia Bernardes Lacerda,CO_ORIENTADOR,SIM
2016,INICIACAO_CIENTIFICA,Universidade Federal de Minas Gerais,Ciência da Informação,Olívia Gutierrez,CO_ORIENTADOR,SIM
2016,INICIACAO_CIENTIFICA,Universidade Federal de Minas Gerais,Abi - Artes Visuais,Sônia Burgarelli,CO_ORIENTADOR,NAO
2017,TRABALHO_DE_CONCLUSAO_DE_CURSO_GRADUACAO,Universidade Federal de Minas Gerais,Artes Visuais,Adriano Bandeira de Melo,CO_ORIENTADOR,NAO
2017,TRABALHO_DE_CONCLUSAO_DE_CURSO_GRADUACAO,Universidade Federal de Minas Gerais,Abi - Artes Visuais,Stephanie Joyce Correa Cunha,CO_ORIENTADOR,NAO
2021,INICIACAO_CIENTIFICA,Universidade Federal de Minas Gerais,Abi - Artes Visuais,Alice Machado Barcelos,CO_ORIENTADOR,SIM
2020,TRABALHO_DE_CONCLUSAO_DE_CURSO_GRADUACAO,Universidade Federal de Minas Gerais,Abi - Artes Visuais,Júlia S Cardoso de Souza,CO_ORIENTADOR,NAO
2003,INICIACAO_CIENTIFICA,Universidade Federal de Minas Gerais,,Marcelo Lourenço de Oliveira Filho,CO_ORIENTADOR,SIM
