YEAR,NATURE,INSTITUTION,COURSE,STUDENT,TYPE,SPONSOR
2020,Dissertação de mestrado,Universidade Federal de Minas Gerais,Música,"Rodrigo Pardini Corrêa (PARDINI, R.)",CO_ORIENTADOR,SIM
2011,TRABALHO_DE_CONCLUSAO_DE_CURSO_GRADUACAO,Fundação de Apoio à Universidade Federal de São João Del Rei,Música - Licenciatura,CONCEIÇÃO IMACULADA DE SOUZA HONORATO,CO_ORIENTADOR,NAO
2013,ORIENTACAO-DE-OUTRA-NATUREZA,Universidade Federal de São João Del-Rei,Música,Jéssica Aparecida Severino,CO_ORIENTADOR,SIM
2013,ORIENTACAO-DE-OUTRA-NATUREZA,Universidade Federal de São João Del-Rei,Música,Wallace Gabriel Moura da Silva,CO_ORIENTADOR,SIM
2013,TRABALHO_DE_CONCLUSAO_DE_CURSO_GRADUACAO,Universidade Federal de São João Del-Rei,Música,Luana Michele Chaves Costa e Luis Gustavo de Souza Silva,CO_ORIENTADOR,NAO
2013,TRABALHO_DE_CONCLUSAO_DE_CURSO_GRADUACAO,Universidade Federal de São João Del-Rei,Música,André Turquetti Marques,CO_ORIENTADOR,NAO
2013,TRABALHO_DE_CONCLUSAO_DE_CURSO_GRADUACAO,Universidade Federal de São João Del-Rei,Música,Samuel Lopes da Silva,CO_ORIENTADOR,NAO
2011,TRABALHO_DE_CONCLUSAO_DE_CURSO_GRADUACAO,Universidade Federal de São João Del-Rei,Música,Diemes Evandro dos Santos e Viviane Kellenn Fonseca Nascimen,CO_ORIENTADOR,NAO
2012,TRABALHO_DE_CONCLUSAO_DE_CURSO_GRADUACAO,Universidade Federal de São João Del-Rei,Música,Danillo José Porto e Silva,CO_ORIENTADOR,NAO
2014,TRABALHO_DE_CONCLUSAO_DE_CURSO_GRADUACAO,Universidade Federal de São João Del-Rei,Música,Adailton Aparecido Corrêa,CO_ORIENTADOR,NAO
2014,INICIACAO_CIENTIFICA,Universidade Federal de São João Del-Rei,Música,"Silas de Lelis Silva Freitas,",CO_ORIENTADOR,NAO
2014,INICIACAO_CIENTIFICA,Universidade Federal de São João Del-Rei,Música,Henrique Nascimento Rohrmann,CO_ORIENTADOR,NAO
2014,TRABALHO_DE_CONCLUSAO_DE_CURSO_GRADUACAO,Universidade Federal de São João Del-Rei,Música,Christy Alvarenga Cal,CO_ORIENTADOR,NAO
2014,TRABALHO_DE_CONCLUSAO_DE_CURSO_GRADUACAO,Universidade Federal de São João Del-Rei,Música,Mariza Helena Mateiro Vieira,CO_ORIENTADOR,NAO
2014,ORIENTACAO-DE-OUTRA-NATUREZA,Universidade Federal de São João Del-Rei,Música,Otávio Castro Pieve de Freitas,CO_ORIENTADOR,SIM
2014,ORIENTACAO-DE-OUTRA-NATUREZA,Universidade Federal de São João Del-Rei,Música,Natasha Fernandes Tibães,CO_ORIENTADOR,SIM
2014,ORIENTACAO-DE-OUTRA-NATUREZA,Universidade Federal de São João Del-Rei,Música,Yuri Brigagao de Franco,CO_ORIENTADOR,SIM
2014,ORIENTACAO-DE-OUTRA-NATUREZA,Universidade Federal de São João Del-Rei,Música,Helder Puiatti Souza Campos,CO_ORIENTADOR,SIM
2017,TRABALHO_DE_CONCLUSAO_DE_CURSO_GRADUACAO,Universidade Federal de São João Del-Rei,Música,Helder Puiatti de Souza Campos,CO_ORIENTADOR,NAO
2017,TRABALHO_DE_CONCLUSAO_DE_CURSO_GRADUACAO,Universidade Federal de São João Del-Rei,Música,Alexsandro Aurélio de Oliveira,CO_ORIENTADOR,NAO
2017,INICIACAO_CIENTIFICA,Universidade Federal de São João Del-Rei,Música,Antônio Tenório Sobrinho Filho,CO_ORIENTADOR,NAO
2017,TRABALHO_DE_CONCLUSAO_DE_CURSO_GRADUACAO,Universidade Federal de São João Del-Rei,Música,"Rodrigo Pardini Corrêa (CORRÊA, R. P.)",CO_ORIENTADOR,NAO
2011,TRABALHO_DE_CONCLUSAO_DE_CURSO_GRADUACAO,Universidade Federal de São João Del-Rei,Música,PAMELA CAETANO LOPES,CO_ORIENTADOR,NAO
