YEAR,NATURE,INSTITUTION,COURSE,STUDENT,TYPE,SPONSOR
2015,Dissertação de mestrado,Universidade Federal de Minas Gerais,Artes,Hortência Campos Maia,CO_ORIENTADOR,SIM
2019,Dissertação de mestrado,Universidade Federal de Minas Gerais,Artes,Charles Valadares,ORIENTADOR_PRINCIPAL,SIM
2018,Dissertação de mestrado,Universidade Federal de Minas Gerais,Artes,Bruno David Adamy Guimarães,ORIENTADOR_PRINCIPAL,NAO
2019,Dissertação de mestrado,Universidade Federal de Minas Gerais,Artes,Francisco Falabella Rocha,ORIENTADOR_PRINCIPAL,SIM
2015,Dissertação de mestrado,Universidade Federal de Minas Gerais,Artes,Luciana Cezário Milagres de Melo,ORIENTADOR_PRINCIPAL,SIM
2021,Tese de doutorado,Universidade Federal de Minas Gerais,Artes,Adélia Carvalho,ORIENTADOR_PRINCIPAL,NAO
2018,Tese de doutorado,Universidade Federal de Minas Gerais,Artes,Violeta Penna,ORIENTADOR_PRINCIPAL,NAO
2011,MONOGRAFIA_DE_CONCLUSAO_DE_CURSO_APERFEICOAMENTO_E_ESPECIALIZACAO,Universidade de São Paulo,Curso de Especialização em Linguagens da Arte,Alexandre da Silva Velloso,CO_ORIENTADOR,NAO
2011,MONOGRAFIA_DE_CONCLUSAO_DE_CURSO_APERFEICOAMENTO_E_ESPECIALIZACAO,Universidade de São Paulo,Curso de Especialização em Linguagens da Arte,Amanda da Silva Ferraz,CO_ORIENTADOR,NAO
2011,MONOGRAFIA_DE_CONCLUSAO_DE_CURSO_APERFEICOAMENTO_E_ESPECIALIZACAO,Universidade de São Paulo,Curso de Especialização em Linguagens da Arte,Debora Naso,CO_ORIENTADOR,NAO
2011,MONOGRAFIA_DE_CONCLUSAO_DE_CURSO_APERFEICOAMENTO_E_ESPECIALIZACAO,Universidade de São Paulo,Curso de Especialização em Linguagens da Arte,Dilma Angela da Silva,CO_ORIENTADOR,NAO
2011,MONOGRAFIA_DE_CONCLUSAO_DE_CURSO_APERFEICOAMENTO_E_ESPECIALIZACAO,Universidade de São Paulo,Curso de Especialização em Linguagens da Arte,Marlene Aparecida da Silva,CO_ORIENTADOR,NAO
2011,MONOGRAFIA_DE_CONCLUSAO_DE_CURSO_APERFEICOAMENTO_E_ESPECIALIZACAO,Universidade de São Paulo,Curso de Especialização em Linguagens da Arte,Geovana Cleres do Nascimento Silva,CO_ORIENTADOR,NAO
2011,MONOGRAFIA_DE_CONCLUSAO_DE_CURSO_APERFEICOAMENTO_E_ESPECIALIZACAO,Universidade de São Paulo,Curso de Especialização em Linguagens da Arte,Ruth Maeda,CO_ORIENTADOR,NAO
2011,MONOGRAFIA_DE_CONCLUSAO_DE_CURSO_APERFEICOAMENTO_E_ESPECIALIZACAO,Universidade de São Paulo,Curso de Especialização em Linguagens da Arte,Sabrina Simião Santos,CO_ORIENTADOR,NAO
2011,MONOGRAFIA_DE_CONCLUSAO_DE_CURSO_APERFEICOAMENTO_E_ESPECIALIZACAO,Universidade de São Paulo,Curso de Especialização em Linguagens da Arte,Solange de Araújo Gonçalves,CO_ORIENTADOR,NAO
2011,MONOGRAFIA_DE_CONCLUSAO_DE_CURSO_APERFEICOAMENTO_E_ESPECIALIZACAO,Universidade de São Paulo,Curso de Especialização em Linguagens da Arte,Vitor Janei Neto,CO_ORIENTADOR,NAO
2011,MONOGRAFIA_DE_CONCLUSAO_DE_CURSO_APERFEICOAMENTO_E_ESPECIALIZACAO,Universidade de São Paulo,Curso de Especialização em Linguagens da Arte,Daniela Renzo de Oliveira,CO_ORIENTADOR,NAO
2012,MONOGRAFIA_DE_CONCLUSAO_DE_CURSO_APERFEICOAMENTO_E_ESPECIALIZACAO,Centro Universitário das Faculdades Metropolitanas Unidas,Especialização em Educação Infantil,Tatiana Chagas Carneiro,CO_ORIENTADOR,NAO
2013,TRABALHO_DE_CONCLUSAO_DE_CURSO_GRADUACAO,Universidade Federal de Minas Gerais,Teatro,Vânia Pereira Silvério,CO_ORIENTADOR,NAO
2013,TRABALHO_DE_CONCLUSAO_DE_CURSO_GRADUACAO,Universidade Federal de Minas Gerais,Teatro,Ana Luiza Arantes Zocrato,CO_ORIENTADOR,NAO
2013,TRABALHO_DE_CONCLUSAO_DE_CURSO_GRADUACAO,Universidade Federal de Minas Gerais,Teatro,Rafaela Kênia Alves,CO_ORIENTADOR,NAO
2014,TRABALHO_DE_CONCLUSAO_DE_CURSO_GRADUACAO,Universidade Federal de Minas Gerais,Teatro,Charles Valadares Tomaz de Araujo,CO_ORIENTADOR,NAO
2014,TRABALHO_DE_CONCLUSAO_DE_CURSO_GRADUACAO,Universidade Federal de Minas Gerais,Teatro,Raísa Campos Pinheiro,CO_ORIENTADOR,NAO
2014,TRABALHO_DE_CONCLUSAO_DE_CURSO_GRADUACAO,Universidade Federal de Minas Gerais,Teatro,Lucas Fabricio Silva Araujo,CO_ORIENTADOR,NAO
2014,TRABALHO_DE_CONCLUSAO_DE_CURSO_GRADUACAO,Universidade Federal de Minas Gerais,Teatro,Raysner de Paula Silva,CO_ORIENTADOR,NAO
2014,TRABALHO_DE_CONCLUSAO_DE_CURSO_GRADUACAO,Universidade Federal de Minas Gerais,Teatro,Marcos Aurélio Diogo dos Santos,CO_ORIENTADOR,NAO
2014,TRABALHO_DE_CONCLUSAO_DE_CURSO_GRADUACAO,Universidade Federal de Minas Gerais,Teatro,Luísa Bahia da Fonseca Silva,CO_ORIENTADOR,NAO
2015,TRABALHO_DE_CONCLUSAO_DE_CURSO_GRADUACAO,Universidade Federal de Minas Gerais,Teatro,Francisco de Assis Soares de Aguiar,CO_ORIENTADOR,NAO
2015,MONOGRAFIA_DE_CONCLUSAO_DE_CURSO_APERFEICOAMENTO_E_ESPECIALIZACAO,Universidade Federal de Minas Gerais,DOCEI,Denise Ferreira de Almeida,CO_ORIENTADOR,NAO
2015,MONOGRAFIA_DE_CONCLUSAO_DE_CURSO_APERFEICOAMENTO_E_ESPECIALIZACAO,Universidade Federal de Minas Gerais,DOCEI,Márcia Valéria Mendes dos Santos,CO_ORIENTADOR,NAO
2015,MONOGRAFIA_DE_CONCLUSAO_DE_CURSO_APERFEICOAMENTO_E_ESPECIALIZACAO,Universidade Federal de Minas Gerais,DOCEI,Estefania Adriana Pessoa de Sant'Anna,CO_ORIENTADOR,NAO
2015,MONOGRAFIA_DE_CONCLUSAO_DE_CURSO_APERFEICOAMENTO_E_ESPECIALIZACAO,Universidade Federal de Minas Gerais,DOCEI,Emanuela Noronha Selles Bonutti,CO_ORIENTADOR,NAO
2015,MONOGRAFIA_DE_CONCLUSAO_DE_CURSO_APERFEICOAMENTO_E_ESPECIALIZACAO,Universidade Federal de Minas Gerais,DOCEI,Geórgia Izabella Vilarinhos Nunes Anastácio,CO_ORIENTADOR,NAO
2015,TRABALHO_DE_CONCLUSAO_DE_CURSO_GRADUACAO,Universidade Federal de Minas Gerais,Teatro,Alice Vieira de Souza,CO_ORIENTADOR,NAO
2017,TRABALHO_DE_CONCLUSAO_DE_CURSO_GRADUACAO,Universidade Federal de Minas Gerais,Teatro,Janaína Juliani Gomes,CO_ORIENTADOR,NAO
2018,TRABALHO_DE_CONCLUSAO_DE_CURSO_GRADUACAO,Universidade Federal de Minas Gerais,Teatro,Lucas Emanuel Silva Araújo,CO_ORIENTADOR,NAO
2018,TRABALHO_DE_CONCLUSAO_DE_CURSO_GRADUACAO,Universidade Federal de Minas Gerais,Teatro,Raiane de Oliveira,CO_ORIENTADOR,NAO
2019,TRABALHO_DE_CONCLUSAO_DE_CURSO_GRADUACAO,Universidade Federal de Minas Gerais,Teatro,Danilo Lacerda da Mata,CO_ORIENTADOR,NAO
2019,TRABALHO_DE_CONCLUSAO_DE_CURSO_GRADUACAO,Universidade Federal de Minas Gerais,Teatro,Felipe Antonio Rodrigues de Olveira,CO_ORIENTADOR,NAO
2022,TRABALHO_DE_CONCLUSAO_DE_CURSO_GRADUACAO,Universidade Federal de Minas Gerais,Teatro,Erika Rohlfs Paiva,CO_ORIENTADOR,NAO
2015,INICIACAO_CIENTIFICA,Universidade Federal de Minas Gerais,Teatro,Cleuves Emanuel Freire Dias,CO_ORIENTADOR,SIM
