YEAR,NATURE,INSTITUTION,COURSE,STUDENT,TYPE,SPONSOR
2010,Dissertação de mestrado,Universidade Federal de Uberlândia,Artes,Aline Rosa Macedo,ORIENTADOR_PRINCIPAL,NAO
2012,Dissertação de mestrado,Universidade Federal de Uberlândia,Artes,Bruna Bellinazzi Peres,ORIENTADOR_PRINCIPAL,NAO
2013,Dissertação de mestrado,Universidade Federal de Uberlândia,Artes,Kalassa Lemos de Brito,ORIENTADOR_PRINCIPAL,NAO
2014,Dissertação de mestrado,Universidade Federal de Uberlândia,PPGA,Fernando Alves Rocha,ORIENTADOR_PRINCIPAL,NAO
2016,Dissertação de mestrado,Universidade Federal de Uberlândia,Artes,Maria Claudia S Lopes,ORIENTADOR_PRINCIPAL,NAO
2017,Dissertação de mestrado,Universidade Federal de Uberlândia,Programa de Pós-Graduação em Artes Cênicas,Thiago Xavier Ferreira,ORIENTADOR_PRINCIPAL,SIM
2019,Dissertação de mestrado,Universidade Federal de Uberlândia,Programa de Pós-Graduação em Artes Cênicas,Valéria Cristina Machado Rocha,ORIENTADOR_PRINCIPAL,NAO
2019,Dissertação de mestrado,Universidade Federal de Uberlândia,Programa de Pós-Graduação em Artes Cênicas,Renata Alessandra Weber,ORIENTADOR_PRINCIPAL,NAO
2015,Dissertação de mestrado,Universidade Federal de Uberlândia,Artes,Marli Fernandes Magalhães,ORIENTADOR_PRINCIPAL,NAO
2008,ORIENTACAO-DE-OUTRA-NATUREZA,Universidade Federal de Uberlândia,Curso de Teatro,Daiana Soares da Silva,CO_ORIENTADOR,NAO
2009,INICIACAO_CIENTIFICA,Universidade Federal de Uberlândia,Curso de Teatro,Luciene Aparecida de Andrade,CO_ORIENTADOR,SIM
2009,INICIACAO_CIENTIFICA,Universidade Federal de Uberlândia,Curso de Teatro,Marly Fernandes Magalhães,CO_ORIENTADOR,SIM
2004,ORIENTACAO-DE-OUTRA-NATUREZA,Universidade Estadual de Campinas,Ciências Sociais,Camila Rocha Firmino,CO_ORIENTADOR,SIM
2004,ORIENTACAO-DE-OUTRA-NATUREZA,SAE UNICAMP,Artes Cênicas,Carlos Eduardo Canhameiro,CO_ORIENTADOR,SIM
2004,ORIENTACAO-DE-OUTRA-NATUREZA,Universidade Estadual de Campinas,Artes Cênicas,Rudson Marcelo Duarte,CO_ORIENTADOR,SIM
2003,ORIENTACAO-DE-OUTRA-NATUREZA,Universidade Estadual de Campinas,Ciências Sociais,Adriana do Amaral,CO_ORIENTADOR,SIM
2010,TRABALHO_DE_CONCLUSAO_DE_CURSO_GRADUACAO,Universidade Federal de Uberlândia,Curso de Teatro,Luana Pedrosa Rodovalho,CO_ORIENTADOR,NAO
2009,ORIENTACAO-DE-OUTRA-NATUREZA,Universidade Federal de Uberlândia,Curso de Teatro,Nádia YoshiI Ribeiro Higa,CO_ORIENTADOR,SIM
2009,ORIENTACAO-DE-OUTRA-NATUREZA,Universidade Federal de Uberlândia,Curso de Teatro,Priscilla Kelly Silva Vieira,CO_ORIENTADOR,NAO
2010,INICIACAO_CIENTIFICA,Universidade Federal de Uberlândia,Curso de Teatro,Luciene Aparecida de Andrade,CO_ORIENTADOR,SIM
2010,INICIACAO_CIENTIFICA,Universidade Federal de Uberlândia,Curso de Teatro,Maria Cláudia Santos Lopes,CO_ORIENTADOR,SIM
2010,ORIENTACAO-DE-OUTRA-NATUREZA,Universidade Federal de Uberlândia,Curso de Teatro,Felipe Brognoni Casati,CO_ORIENTADOR,SIM
2010,TRABALHO_DE_CONCLUSAO_DE_CURSO_GRADUACAO,Universidade Federal de Uberlândia,Curso de Teatro,Darlene Maria Medeiros Garcês,CO_ORIENTADOR,NAO
2012,TRABALHO_DE_CONCLUSAO_DE_CURSO_GRADUACAO,Universidade Federal de Uberlândia,Curso de Teatro,Wesley dos Santos Melo,CO_ORIENTADOR,NAO
2013,TRABALHO_DE_CONCLUSAO_DE_CURSO_GRADUACAO,Universidade Federal de Uberlândia,Curso de Teatro,Amanda Barbosa Vieira,CO_ORIENTADOR,NAO
2010,ORIENTACAO-DE-OUTRA-NATUREZA,Universidade Federal de Uberlândia,Curso de Teatro,Jordana Aparecida Abreu Alves,CO_ORIENTADOR,SIM
2011,INICIACAO_CIENTIFICA,Universidade Federal de Uberlândia,Curso de Teatro,Renata Mendonça Sanchez,CO_ORIENTADOR,SIM
2010,ORIENTACAO-DE-OUTRA-NATUREZA,Universidade Federal de Uberlândia,Curso de Teatro,Tauana Silveira Barbosa,CO_ORIENTADOR,SIM
2010,ORIENTACAO-DE-OUTRA-NATUREZA,Universidade Federal de Uberlândia,Curso de Teatro,Felipe Brognoni Casati,CO_ORIENTADOR,SIM
2011,ORIENTACAO-DE-OUTRA-NATUREZA,Universidade Federal de Uberlândia,Curso de Teatro,Marli Fernandes Magalhães,CO_ORIENTADOR,SIM
2011,INICIACAO_CIENTIFICA,Universidade Federal de Uberlândia,Curso de Teatro,Maria Cláudia Santos Lopes,CO_ORIENTADOR,SIM
2012,ORIENTACAO-DE-OUTRA-NATUREZA,UFU - PROEX,,Lais Batista Costa,CO_ORIENTADOR,SIM
2012,ORIENTACAO-DE-OUTRA-NATUREZA,UFU - PROEX,,Thiago da Costa Farias Pereira Lima,CO_ORIENTADOR,SIM
2012,ORIENTACAO-DE-OUTRA-NATUREZA,UFU - PROEX,,Mariana Dias Pereira de Lima,CO_ORIENTADOR,SIM
2012,ORIENTACAO-DE-OUTRA-NATUREZA,UFU - PROEX,,Bruna Ribeiro Fernandes de Almeida,CO_ORIENTADOR,SIM
2012,ORIENTACAO-DE-OUTRA-NATUREZA,UFU - PROEX,,Welerson Freitas Filho,CO_ORIENTADOR,SIM
2012,ORIENTACAO-DE-OUTRA-NATUREZA,UFU - PROEX,,Juliana Maria Alves Ladeira,CO_ORIENTADOR,SIM
2012,ORIENTACAO-DE-OUTRA-NATUREZA,UFU - PROEX,,Marli Fernandes Magalhães,CO_ORIENTADOR,SIM
2012,ORIENTACAO-DE-OUTRA-NATUREZA,UFU - PROEX,,Diego Pereira Nobre,CO_ORIENTADOR,SIM
2012,ORIENTACAO-DE-OUTRA-NATUREZA,UFU - PROEX,,Fernando Cardoso Rezende Alves,CO_ORIENTADOR,SIM
2012,ORIENTACAO-DE-OUTRA-NATUREZA,UFU - PROEX,,Paula Poltroniere,CO_ORIENTADOR,SIM
2012,ORIENTACAO-DE-OUTRA-NATUREZA,UFU - PROEX,,Sheyna Raquel,CO_ORIENTADOR,SIM
2012,ORIENTACAO-DE-OUTRA-NATUREZA,UFU - PROEX,,Luciene Aparecida de Andrade,CO_ORIENTADOR,SIM
2012,INICIACAO_CIENTIFICA,Universidade Federal de Uberlândia,,Renata Mendonça Sanchez,CO_ORIENTADOR,SIM
2013,INICIACAO_CIENTIFICA,Universidade Federal de Uberlândia,Teatro,Tatiane Pereira Teodoro Morais,CO_ORIENTADOR,SIM
2012,TRABALHO_DE_CONCLUSAO_DE_CURSO_GRADUACAO,Universidade Federal de Uberlândia,Teatro - Licenciatura Ou Bacharelado,Damonnylle Carneiro Nogueira,CO_ORIENTADOR,NAO
2012,TRABALHO_DE_CONCLUSAO_DE_CURSO_GRADUACAO,Universidade Federal de Uberlândia,Teatro - Licenciatura Ou Bacharelado,Tauana Barbosa,CO_ORIENTADOR,NAO
2012,TRABALHO_DE_CONCLUSAO_DE_CURSO_GRADUACAO,Universidade Federal de Uberlândia,Teatro - Licenciatura Ou Bacharelado,Marli Fernandes Magalhães,CO_ORIENTADOR,NAO
2014,TRABALHO_DE_CONCLUSAO_DE_CURSO_GRADUACAO,Universidade Federal de Uberlândia,Teatro - Licenciatura Ou Bacharelado,Renata Mendonça Sanchez,CO_ORIENTADOR,NAO
2012,ORIENTACAO-DE-OUTRA-NATUREZA,Universidade Federal de Uberlândia,Teatro - Licenciatura Ou Bacharelado,Ana Beatriz Miranda,CO_ORIENTADOR,SIM
2013,INICIACAO_CIENTIFICA,Universidade Federal de Uberlândia,Teatro - Licenciatura Ou Bacharelado,Wanderlei de Souza Portela Filho,CO_ORIENTADOR,SIM
2014,INICIACAO_CIENTIFICA,Universidade Federal de Uberlândia,Teatro,Karen Marry Quintal,CO_ORIENTADOR,SIM
2013,INICIACAO_CIENTIFICA,Universidade Federal de Uberlândia,,Renata Mendonça Sanchez,CO_ORIENTADOR,SIM
2014,INICIACAO_CIENTIFICA,Universidade Federal de Uberlândia,Teatro,Deivid Ferreira Santana,CO_ORIENTADOR,SIM
2014,ORIENTACAO-DE-OUTRA-NATUREZA,Universidade Federal de Uberlândia,Teatro,Camila Amuy Silva,CO_ORIENTADOR,SIM
2014,ORIENTACAO-DE-OUTRA-NATUREZA,Universidade Federal de Uberlândia,Teatro,Célio Alberto de Ávila Freitas,CO_ORIENTADOR,SIM
2014,ORIENTACAO-DE-OUTRA-NATUREZA,Universidade Federal de Uberlândia,Teatro,Giovanna Caroline Dominical Parra,CO_ORIENTADOR,SIM
2014,ORIENTACAO-DE-OUTRA-NATUREZA,Universidade Federal de Uberlândia,,Guilherme Rodrigues Pereira,CO_ORIENTADOR,SIM
2014,ORIENTACAO-DE-OUTRA-NATUREZA,Universidade Federal de Uberlândia,Teatro,Katia Lourenço Alves,CO_ORIENTADOR,SIM
2014,ORIENTACAO-DE-OUTRA-NATUREZA,Universidade Federal de Uberlândia,Teatro,Luís Manuel Lima de Araújo,CO_ORIENTADOR,SIM
2014,ORIENTACAO-DE-OUTRA-NATUREZA,Universidade Federal de Uberlândia,Teatro,Mario Lucio Cortes Junior,CO_ORIENTADOR,SIM
2014,ORIENTACAO-DE-OUTRA-NATUREZA,Universidade Federal de Uberlândia,Teatro - Licenciatura Ou Bacharelado,Marcelo de Souza Camargo,CO_ORIENTADOR,SIM
2014,TRABALHO_DE_CONCLUSAO_DE_CURSO_GRADUACAO,Universidade Federal de Uberlândia,Teatro - Licenciatura Ou Bacharelado,Katia Lourenço Alves,CO_ORIENTADOR,NAO
2014,TRABALHO_DE_CONCLUSAO_DE_CURSO_GRADUACAO,Universidade Federal de Uberlândia,Curso de Teatro,Maria Cláudia Santos Lopes,CO_ORIENTADOR,NAO
2017,ORIENTACAO-DE-OUTRA-NATUREZA,Universidade Federal de Uberlândia,Teatro,Mario Leonardo da Silva Marques,CO_ORIENTADOR,SIM
2018,ORIENTACAO-DE-OUTRA-NATUREZA,Universidade Federal de Uberlândia,Teatro - Licenciatura Ou Bacharelado,Beatriz Pereira Assis Gomes,CO_ORIENTADOR,SIM
2019,ORIENTACAO-DE-OUTRA-NATUREZA,Universidade Federal de Uberlândia,Teatro,Isabella da Graça Coitinho Milsoni,CO_ORIENTADOR,SIM
2019,ORIENTACAO-DE-OUTRA-NATUREZA,Universidade Federal de Uberlândia,Teatro,Felipe Augusto Lemes,CO_ORIENTADOR,SIM
2020,INICIACAO_CIENTIFICA,Universidade Federal de Uberlândia,Teatro - Licenciatura Ou Bacharelado,Sara Bernardes Alves Mota,CO_ORIENTADOR,SIM
2021,TRABALHO_DE_CONCLUSAO_DE_CURSO_GRADUACAO,Universidade Federal de Uberlândia,Teatro - Licenciatura Ou Bacharelado,Maite Maximo Prado Furlaneto,CO_ORIENTADOR,NAO
2020,TRABALHO_DE_CONCLUSAO_DE_CURSO_GRADUACAO,Universidade Federal de Uberlândia,Teatro - Licenciatura Ou Bacharelado,Maria Letícia Venâncio Resende,CO_ORIENTADOR,NAO
2012,ORIENTACAO-DE-OUTRA-NATUREZA,Universidade Federal de Uberlândia,Teatro - Licenciatura Ou Bacharelado,Marli Fernandes Magalhães,CO_ORIENTADOR,SIM
