INSTITUTION,YEAR_INI,YEAR_FIN,MONTH_INI,MONTH_FIN,COURSE,TYPE,DISC
Universidade Estadual de Campinas,2002,7,7,7,,OUTRO,['Disciplinas de Arte e de Ética e Cidadania']
Centro de Formação Artística da Fundação Clóvis Salgado,2002,8,8,8,,OUTRO,['Expressão Vocal']
Secretaria Municipal de Cultura Esporte e Turismo,2002,2,2,2,,OUTRO,['Jogos teatrais']
Secretaria Municipal de Assistëncia Social,2003,3,3,3,,OUTRO,['Jogos Teatrais']
Universidade Federal de Uberlândia,2008,12,12,12,Curso de Teatro,GRADUACAO,"['Consciência Vocal; Interpretaçção IV; Ética, Legislação, Produção e Gestão Teatral']"
Universidade Federal de Uberlândia,2008,,ATUAL,ATUAL,Curso de Teatro,GRADUACAO,"['Consciência Vocal; Ténica Vocal I e II; Interpretação I, III, IV, V; Estágio Suervisionado de Atuação II.']"
