YEAR,NATURE,INSTITUTION,COURSE,STUDENT,TYPE,SPONSOR
2008,Dissertação de mestrado,Universidade Federal de Minas Gerais,Artes,Ana Martins Panisset,ORIENTADOR_PRINCIPAL,NAO
2010,Dissertação de mestrado,Universidade Federal de Minas Gerais,Programa de pós graduação em artes,Iaci Iara Cordovil de Melo,ORIENTADOR_PRINCIPAL,SIM
2011,Dissertação de mestrado,Escola de Belas Artes- UFMG,mestrado,Ana Martins Panisset,ORIENTADOR_PRINCIPAL,SIM
2012,Dissertação de mestrado,Escola de Belas Artes- UFMG,mestrado,Iaci Iara Cordovil de Melo,ORIENTADOR_PRINCIPAL,SIM
2013,Dissertação de mestrado,Universidade Federal de Minas Gerais,Programa de pós graduação em artes,Thiago Pinho Botelho,ORIENTADOR_PRINCIPAL,SIM
2014,Dissertação de mestrado,Programa de Pós Graduação em Artes Escola de Belas Artes UFMG,Programa de Pós Graduação em Artes da Escola de Be,Lia Sipaúba Proença Brusadin,ORIENTADOR_PRINCIPAL,SIM
2019,Dissertação de mestrado,Universidade Federal de Minas Gerais,Programa de pós graduação em artes,Vanessa Taveira de Souza,ORIENTADOR_PRINCIPAL,SIM
2019,Dissertação de mestrado,Universidade Federal de Minas Gerais,Programa de pós graduação em artes,Ana Carolina Rodrigues,ORIENTADOR_PRINCIPAL,NAO
2019,Dissertação de mestrado,Universidade Federal de Minas Gerais,Programa de pós graduação em artes,Agesilau Neiva Almada,ORIENTADOR_PRINCIPAL,NAO
2021,Dissertação de mestrado,Universidade Federal de Minas Gerais,Artes,Ana Carolina de Souza Cruz,ORIENTADOR_PRINCIPAL,NAO
2020,Dissertação de mestrado,Universidade Federal de Minas Gerais,Programa de pós graduação em artes,Fabio Mendes Zarattini,ORIENTADOR_PRINCIPAL,SIM
2012,Dissertação de mestrado,Escola de Belas Artes- UFMG,mestrado,Lia Sipaúba Proença de Moraes,ORIENTADOR_PRINCIPAL,NAO
2016,Tese de doutorado,Universidade Federal de Minas Gerais,Artes,Isis Molinari,ORIENTADOR_PRINCIPAL,NAO
2017,Tese de doutorado,Escola de Belas Artes- UFMG,Programa de Pos graduação em Artes,Otilia Aparecida Silva Souza,ORIENTADOR_PRINCIPAL,SIM
2017,Tese de doutorado,Universidade Federal de Minas Gerais,Programa de Pos-graduação em Artes,Idanise Sant'Ana Azevedo Hamoy,ORIENTADOR_PRINCIPAL,NAO
2019,Tese de doutorado,Universidade Federal de Minas Gerais,Programa de Pos-graduação em Artes,Lia Sipauba Proença Brusadin,ORIENTADOR_PRINCIPAL,SIM
2020,Tese de doutorado,Universidade Federal de Minas Gerais,Programa de Pos-graduação em Artes,Isis Antunes Molinari,ORIENTADOR_PRINCIPAL,NAO
2017,Tese de doutorado,Universidade Federal do Rio de Janeiro,Programa de Pos graduação em História Social - UFRJ,Fuviane Galdino Moreira,CO_ORIENTADOR,NAO
1994,MONOGRAFIA_DE_CONCLUSAO_DE_CURSO_APERFEICOAMENTO_E_ESPECIALIZACAO,Universidade Federal de Minas Gerais,Curso de Especialização em Conservação Restauração,Gilca Flores de Medeiros,ORIENTADOR_PRINCIPAL,SIM
1994,MONOGRAFIA_DE_CONCLUSAO_DE_CURSO_APERFEICOAMENTO_E_ESPECIALIZACAO,Universidade Federal de Minas Gerais,Curso de Especialização em Conservação Restauração,Marilene Correa Maia,ORIENTADOR_PRINCIPAL,SIM
1994,MONOGRAFIA_DE_CONCLUSAO_DE_CURSO_APERFEICOAMENTO_E_ESPECIALIZACAO,Universidade Federal de Minas Gerais,Curso de Especialização em Conservação Restauração,Maria Cecília de Paula Drummond,ORIENTADOR_PRINCIPAL,SIM
1994,MONOGRAFIA_DE_CONCLUSAO_DE_CURSO_APERFEICOAMENTO_E_ESPECIALIZACAO,Universidade Federal de Minas Gerais,Curso de Especialização em Conservação Restauração,Ana Claudia Vasconcelos Magalhães,ORIENTADOR_PRINCIPAL,SIM
1996,MONOGRAFIA_DE_CONCLUSAO_DE_CURSO_APERFEICOAMENTO_E_ESPECIALIZACAO,Universidade Federal de Minas Gerais,Curso de Especialização em Conservação Restauração,Isolda Florencio Coutinho,ORIENTADOR_PRINCIPAL,SIM
1996,MONOGRAFIA_DE_CONCLUSAO_DE_CURSO_APERFEICOAMENTO_E_ESPECIALIZACAO,Universidade Federal de Minas Gerais,Curso de Especialização em Conservação Restauração,Cláudia Aparecida Rangel,ORIENTADOR_PRINCIPAL,SIM
1996,MONOGRAFIA_DE_CONCLUSAO_DE_CURSO_APERFEICOAMENTO_E_ESPECIALIZACAO,Universidade Federal de Minas Gerais,Curso de Especialização em Conservação Restauração,Neila de Freitas Campos,ORIENTADOR_PRINCIPAL,SIM
1996,MONOGRAFIA_DE_CONCLUSAO_DE_CURSO_APERFEICOAMENTO_E_ESPECIALIZACAO,Universidade Federal de Minas Gerais,Curso de Especialização em Conservação Restauração,Ana Paula Malafaia,ORIENTADOR_PRINCIPAL,SIM
1998,MONOGRAFIA_DE_CONCLUSAO_DE_CURSO_APERFEICOAMENTO_E_ESPECIALIZACAO,Universidade Federal de Minas Gerais,Curso de Especialização em Conservação Restauração,Maria Helena Rezende Costa,ORIENTADOR_PRINCIPAL,NAO
1998,MONOGRAFIA_DE_CONCLUSAO_DE_CURSO_APERFEICOAMENTO_E_ESPECIALIZACAO,Universidade Federal de Minas Gerais,Curso de Especialização em Conservação Restauração,Renata da Costa Maués,ORIENTADOR_PRINCIPAL,NAO
1998,MONOGRAFIA_DE_CONCLUSAO_DE_CURSO_APERFEICOAMENTO_E_ESPECIALIZACAO,Universidade Federal de Minas Gerais,Curso de Especialização em Conservação Restauração,Nireibi Deyanira Herrera,ORIENTADOR_PRINCIPAL,SIM
1998,MONOGRAFIA_DE_CONCLUSAO_DE_CURSO_APERFEICOAMENTO_E_ESPECIALIZACAO,Universidade Federal de Minas Gerais,Curso de Especialização em Conservação Restauração,Linniane Cecilia dos Santos,ORIENTADOR_PRINCIPAL,SIM
1998,MONOGRAFIA_DE_CONCLUSAO_DE_CURSO_APERFEICOAMENTO_E_ESPECIALIZACAO,Universidade Federal de Minas Gerais,Curso de Especialização em Conservação Restauração,Rosie Cruz sanches,ORIENTADOR_PRINCIPAL,SIM
2001,MONOGRAFIA_DE_CONCLUSAO_DE_CURSO_APERFEICOAMENTO_E_ESPECIALIZACAO,Universidade Federal de Minas Gerais,Curso de Especialização em Conservação Restauração,Lucienne Maria de Almeida Elias,ORIENTADOR_PRINCIPAL,NAO
2001,MONOGRAFIA_DE_CONCLUSAO_DE_CURSO_APERFEICOAMENTO_E_ESPECIALIZACAO,Escola de Belas artes,Curso de Especialização em Conservação Restauração,Susana Mattoso Lemos,CO_ORIENTADOR,NAO
2001,MONOGRAFIA_DE_CONCLUSAO_DE_CURSO_APERFEICOAMENTO_E_ESPECIALIZACAO,Escola de Belas artes,Curso de Especialização em Conservação Restauração,Edmilson Barreto Marques,CO_ORIENTADOR,NAO
2000,INICIACAO_CIENTIFICA,Escola de Belas artes,Bacharelado em Artes Plasticas,Elaine Dias Mattos do Carmo,CO_ORIENTADOR,SIM
1998,INICIACAO_CIENTIFICA,Escola de Belas artes,Bacharelado em Artes Plasticas,Soraya Copolla,CO_ORIENTADOR,SIM
1995,INICIACAO_CIENTIFICA,Escola de Belas artes,Bacharelado em Artes Plasticas,Tatiana Lucia Costa Santos,CO_ORIENTADOR,SIM
2002,INICIACAO_CIENTIFICA,Faculdade de Filosofia e Ciencias Humanas,História,Luciano da Silva Moreira,CO_ORIENTADOR,SIM
2002,MONOGRAFIA_DE_CONCLUSAO_DE_CURSO_APERFEICOAMENTO_E_ESPECIALIZACAO,Universidade Federal de Minas Gerais,Conservacao/Restauracao de Bens Culturais Moveis,Raquel Teixeira,CO_ORIENTADOR,NAO
2003,MONOGRAFIA_DE_CONCLUSAO_DE_CURSO_APERFEICOAMENTO_E_ESPECIALIZACAO,Universidade Federal de Minas Gerais,Conservacao/Restauracao de Bens Culturais Moveis,Denise Lampert,CO_ORIENTADOR,NAO
2002,MONOGRAFIA_DE_CONCLUSAO_DE_CURSO_APERFEICOAMENTO_E_ESPECIALIZACAO,Universidade Federal de Minas Gerais,Conservacao/Restauracao de Bens Culturais Moveis,Alessandra Rosato,CO_ORIENTADOR,NAO
2003,MONOGRAFIA_DE_CONCLUSAO_DE_CURSO_APERFEICOAMENTO_E_ESPECIALIZACAO,Universidade Federal de Minas Gerais,Conservacao/Restauracao de Bens Culturais Moveis,Carlos Magno de Araujo,CO_ORIENTADOR,NAO
2005,MONOGRAFIA_DE_CONCLUSAO_DE_CURSO_APERFEICOAMENTO_E_ESPECIALIZACAO,Universidade Federal de Minas Gerais,Conservacao/Restauracao de Bens Culturais Moveis,Rosangela Meger,CO_ORIENTADOR,NAO
2005,MONOGRAFIA_DE_CONCLUSAO_DE_CURSO_APERFEICOAMENTO_E_ESPECIALIZACAO,Universidade Federal de Minas Gerais,Conservacao/Restauracao de Bens Culturais Moveis,Gabriela Werner,CO_ORIENTADOR,NAO
2007,MONOGRAFIA_DE_CONCLUSAO_DE_CURSO_APERFEICOAMENTO_E_ESPECIALIZACAO,Escola de Belas Artes- UFMG,Curso de Especialização em Conservação Restauração,Keli Cristina Scolari,CO_ORIENTADOR,NAO
2007,MONOGRAFIA_DE_CONCLUSAO_DE_CURSO_APERFEICOAMENTO_E_ESPECIALIZACAO,Escola de Belas Artes- UFMG,Curso de Especialização em Conservação Restauração,Renata Domit,CO_ORIENTADOR,NAO
2007,MONOGRAFIA_DE_CONCLUSAO_DE_CURSO_APERFEICOAMENTO_E_ESPECIALIZACAO,Escola de Belas Artes- UFMG,Curso de Especialização em Conservação Restauração,Leticia Dale Munhoz,CO_ORIENTADOR,NAO
2007,ORIENTACAO-DE-OUTRA-NATUREZA,Universidade Federal do Espírito Santo,Mestrado em Artes,Andrea Aparecida Della Valentina,CO_ORIENTADOR,NAO
2008,INICIACAO_CIENTIFICA,Escola de Belas Artes- UFMG,Curso de Artes Visuais,Ellen Nayumi,CO_ORIENTADOR,SIM
2008,MONOGRAFIA_DE_CONCLUSAO_DE_CURSO_APERFEICOAMENTO_E_ESPECIALIZACAO,Universidade Federal de Minas Gerais,Conservacao/Restauracao de Bens Culturais Moveis,Manuela Pita Santos,CO_ORIENTADOR,NAO
2009,INICIACAO_CIENTIFICA,Escola de Belas Artes- UFMG,Conservação-Restauração de Bens Culturais Móveis,Gerusa  de Alkmim Radicchi,CO_ORIENTADOR,SIM
2010,INICIACAO_CIENTIFICA,Escola de Belas Artes- UFMG,Curso de conservação-restauração de bens culturais,Elaine Belomo Galetti,CO_ORIENTADOR,SIM
2011,INICIACAO_CIENTIFICA,Escola de Belas Artes- UFMG,Curso de conservação-restauração de bens culturais,Gerusa Alkimim Radichi,CO_ORIENTADOR,SIM
2011,INICIACAO_CIENTIFICA,Escola de Belas Artes- UFMG,Conservação-Restauração de Bens Culturais Móveis,Nelyane Santos,CO_ORIENTADOR,SIM
2011,TRABALHO_DE_CONCLUSAO_DE_CURSO_GRADUACAO,Escola de Belas Artes- UFMG,Curso de conservação-restauração de bens culturais,Amanda Cristina Alves Cordeiro,CO_ORIENTADOR,NAO
2012,TRABALHO_DE_CONCLUSAO_DE_CURSO_GRADUACAO,Escola de Belas Artes- UFMG,Curso de conservação-restauração de bens culturais,Otavio Augusto Borges Rodrigue,CO_ORIENTADOR,NAO
2012,TRABALHO_DE_CONCLUSAO_DE_CURSO_GRADUACAO,Escola de Belas Artes- UFMG,Curso de conservação-restauração de bens culturais,Vanessa Taveira de Souza,CO_ORIENTADOR,NAO
2013,TRABALHO_DE_CONCLUSAO_DE_CURSO_GRADUACAO,Escola de Belas Artes- UFMG,Curso de conservação-restauração de bens culturais,Florence Lodo Costa,CO_ORIENTADOR,NAO
2013,INICIACAO_CIENTIFICA,Escola de Belas Artes- UFMG,,FABIO MENDES ZARATTINI,CO_ORIENTADOR,NAO
2012,INICIACAO_CIENTIFICA,Escola de Belas Artes- UFMG,Curso de conservação-restauração de bens culturais,ALINE CRISTINA GOMES RAMOS,CO_ORIENTADOR,SIM
2013,TRABALHO_DE_CONCLUSAO_DE_CURSO_GRADUACAO,Escola de Belas Artes- UFMG,Curso de conservação-restauração de bens culturais,Grasiela Nolasco Ferreira,CO_ORIENTADOR,NAO
2013,TRABALHO_DE_CONCLUSAO_DE_CURSO_GRADUACAO,Escola de Belas Artes- UFMG,Conservação-Restauração de Bens Culturais Móveis,Cristina Neres da Silva,CO_ORIENTADOR,NAO
2013,TRABALHO_DE_CONCLUSAO_DE_CURSO_GRADUACAO,Escola de Belas Artes- UFMG,Curso de conservação-restauração de bens culturais,Margarida Pinto de Souza,CO_ORIENTADOR,NAO
2013,MONOGRAFIA_DE_CONCLUSAO_DE_CURSO_APERFEICOAMENTO_E_ESPECIALIZACAO,Universidade Federal de Ouro Preto,Especialização em cultura e arte barroca,Lia Sipaúba proença Brusadin,CO_ORIENTADOR,NAO
2013,TRABALHO_DE_CONCLUSAO_DE_CURSO_GRADUACAO,Escola de Belas Artes- UFMG,Curso de conservação-restauração de bens culturais,Walquiria de Oliveira Silva,CO_ORIENTADOR,NAO
2013,ORIENTACAO-DE-OUTRA-NATUREZA,Centro de Conservação Restauração de Bens Culturais Móveis,conservação restauração,Jussara Maria Rocha Alves,CO_ORIENTADOR,NAO
2013,ORIENTACAO-DE-OUTRA-NATUREZA,Centro de Conservação Restauração de Bens Culturais Móveis,conservação restauração,Luzia Marta,CO_ORIENTADOR,NAO
2013,ORIENTACAO-DE-OUTRA-NATUREZA,Centro de Conservação Restauração de Bens Culturais Móveis,conservação restauração,Letícia Carvalho Diniz,CO_ORIENTADOR,NAO
2013,INICIACAO_CIENTIFICA,Escola de Belas Artes- UFMG,Curso de conservação-restauração de bens culturais,Aline Cristina Gomes Ramos,CO_ORIENTADOR,NAO
2013,INICIACAO_CIENTIFICA,Escola de Belas Artes- UFMG,Curso de conservação-restauração de bens culturais,Fábio Mendes Zaratini,CO_ORIENTADOR,NAO
2013,INICIACAO_CIENTIFICA,Escola de Belas Artes- UFMG,Curso de conservação-restauração de bens culturais,Maria Clara de Assis,CO_ORIENTADOR,SIM
2014,TRABALHO_DE_CONCLUSAO_DE_CURSO_GRADUACAO,Escola de Belas Artes UFMG,Conservação restauração de Bens CUlturais,Jussara Maria Rocha Alves,CO_ORIENTADOR,NAO
2014,TRABALHO_DE_CONCLUSAO_DE_CURSO_GRADUACAO,Escola de Belas Artes- UFMG,Curso de conservação-restauração de bens culturais,Luzia Marta Marques Gonçalves,CO_ORIENTADOR,NAO
2014,INICIACAO_CIENTIFICA,Universidade Federal de Minas Gerais,Conservação e Restauração de Bens Culturais Móveis,Silvana Mary Bettio,CO_ORIENTADOR,NAO
2015,TRABALHO_DE_CONCLUSAO_DE_CURSO_GRADUACAO,Universidade Federal de Minas Gerais,Conservação e Restauração de Bens Culturais Móveis,Ruy Caldeira Alvarenga,CO_ORIENTADOR,NAO
2017,INICIACAO_CIENTIFICA,Universidade Federal de Minas Gerais,Conservação e Restauração de Bens Culturais Móveis,Aline Cristina Gomes Ramos,CO_ORIENTADOR,NAO
2017,TRABALHO_DE_CONCLUSAO_DE_CURSO_GRADUACAO,Universidade Federal de Minas Gerais,Conservação e Restauração de Bens Culturais Móveis,Marina Mayumi de Souza,CO_ORIENTADOR,NAO
2017,TRABALHO_DE_CONCLUSAO_DE_CURSO_GRADUACAO,Escola de Belas Artes- UFMG,Curso de conservação-restauração de bens culturais,Soraia Neves Gonçalves Freitas,CO_ORIENTADOR,NAO
2017,TRABALHO_DE_CONCLUSAO_DE_CURSO_GRADUACAO,Universidade Federal de Minas Gerais,Conservação e Restauração de Bens Culturais Móveis,Thomas Andre Silva Santos,CO_ORIENTADOR,NAO
2017,TRABALHO_DE_CONCLUSAO_DE_CURSO_GRADUACAO,Universidade Federal de Minas Gerais,Conservação e Restauração de Bens Culturais Móveis,Aline Cristina Gomes Ramos,CO_ORIENTADOR,NAO
2017,TRABALHO_DE_CONCLUSAO_DE_CURSO_GRADUACAO,Universidade Federal de Minas Gerais,Conservação e Restauração de Bens Culturais Móveis,Sandra Aparecida de Souza,CO_ORIENTADOR,NAO
2018,INICIACAO_CIENTIFICA,Universidade Federal de Minas Gerais,Conservação e Restauração de Bens Culturais Móveis,Mariana de Paula Corrêa Silva,CO_ORIENTADOR,SIM
2018,INICIACAO_CIENTIFICA,Universidade Federal de Minas Gerais,Conservação e Restauração de Bens Culturais Móveis,Laura Fonseca Fiorini,CO_ORIENTADOR,SIM
2017,ORIENTACAO-DE-OUTRA-NATUREZA,Universidade Federal de Minas Gerais,Conservação e Restauração de Bens Culturais Móveis,Aline Cristina Gomes Ramos,CO_ORIENTADOR,SIM
2016,INICIACAO_CIENTIFICA,Escola de Belas Artes- UFMG,Curso de conservação-restauração de bens culturais,Silvana Bettio,CO_ORIENTADOR,SIM
2018,INICIACAO_CIENTIFICA,Universidade Federal de Minas Gerais,Conservação e Restauração de Bens Culturais Móveis,Silvana Bettio,CO_ORIENTADOR,NAO
2018,ORIENTACAO-DE-OUTRA-NATUREZA,Centro de Conservação Restauração de Bens Culturais Móveis,Curso de graduação em conservação-restauração de Bens Culturais Móveis,Tereza Moura,CO_ORIENTADOR,SIM
2018,TRABALHO_DE_CONCLUSAO_DE_CURSO_GRADUACAO,Universidade Federal de Minas Gerais,Conservação e Restauração de Bens Culturais Móveis,Silvana Mary Bettio,CO_ORIENTADOR,NAO
2018,TRABALHO_DE_CONCLUSAO_DE_CURSO_GRADUACAO,Universidade Federal de Minas Gerais,Conservação e Restauração de Bens Culturais Móveis,Adrezza Conde Araujo,CO_ORIENTADOR,NAO
2016,INICIACAO_CIENTIFICA,Escola de Belas Artes- UFMG,Curso de conservação-restauração de bens culturais,Silvana Bettio,CO_ORIENTADOR,SIM
