TITLE,YEAR,LANG,EDITORA,AUTHOR,ORDER,ORDER_OK
Escultura Processional: técnica construtiva e conservação,2007,Português,UFMG,"['Maria Regina Emery Quites', 'Liliza Mendes', 'Stéphane Huchet', 'Maria Angélica Melendi', 'Carlos Antônio Leite Brandão', 'Alcebíades Diniz Miguel', 'Heitor Capuzzo', 'Marcos Hill', 'Elisa Campos', 'Hélio Fervenza']","['1', '10', '2', '3', '4', '5', '6', '7', '8', '9']",['1']
Escultura colonial mineira: história técnica e preservação,2015,Português,Secretaria de Estado da Cultura de Minas Gerais,"['Rosado, Alessandra', 'Maria Regina Emery Quites']","['1', '2']",['2']
Tecnologia radiológica,2019,Português,MEDBOOK,"['Beatriz Ramos de Vasconcelos Coelho', 'Maria Regina Emery Quites', 'Alessandra Rosado', 'Alexandre Leao', 'Luiz Antônio Cruz Souza']","['1', '2', '3', '4', '5']",['2']
Laudo Técnico de São Francisco de Paula- CEIB,2004,Português,,"['Maria Regina Emery Quites', 'Beatriz Ramos de Vasconcelos Coelho', 'Helena David dec Oliveira Castelo Branco']","['1', '2', '3']",['1']
