TITLE,YEAR,LANG,EDITORA,AUTHOR,ORDER,ORDER_OK
Proposta para curso de graduacao: conservacao- restauracao de bens culturais moveis,2000,Português,VAZIO,"['Bethania Reis Veloso', 'Maria Regina Emery Quites', 'Beatriz Ramos de Vasconcelos Coelhc', 'Anamaria Ruegger Almeida Neves', 'Luiz Antônio Cruz Souza', 'Leonardo Barci Castriota']","['1', '2', '3', '4', '5', '6']",['2']
IMAGEM BRASILEIRA,2003,Português,VAZIO,"['Beatriz Ramos de Vasconcelos Coelhc', 'Carolina Maria Proença Nardi', 'Helena David dec Oliveira Castelo Branco', 'Claudina Moresi', 'Maria Regina Emery Quites']","['1', '2', '3', '4', '5']",['5']
Estudo da Escultura Devocional em Madeira,2014,Português,VAZIO,"['Beatriz Ramos de Vasconcelos Coelhc', 'Maria Regina Emery Quites']","['1', '2']",['2']
"História , Arte e Preservação do Patrimonio Cultural: A imaginária da Paixão de Cristo da Ordem Terceira do Carmo de Ouro Preto",2017,Português,VAZIO,"['Lia Sipauba Proença Brusadin', 'Maria Regina Emery Quites']","['1', '2']",['2']
Esculturas Devocionais: reflexões sobre critérios de conservação-restauração,2019,Português,VAZIO,['Maria Regina Emery Quites'],['1'],['1']
IMAGEM BRASILEIRA,2001,Português,VAZIO,"['Beatriz Ramos de Vasconcelos Coelhc', 'Helena David dec Oliveira Castelo Branco', 'Maria Regina Emery Quites']","['1', '2', '3']",['3']
