YEAR,NATURE,INSTITUTION,COURSE,STUDENT,TYPE,SPONSOR
2007,TRABALHO_DE_CONCLUSAO_DE_CURSO_GRADUACAO,Fundação Universidade Regional de Blumenau,Artes - Bacharelado em Teatro,Rafael Koehler,CO_ORIENTADOR,NAO
2007,TRABALHO_DE_CONCLUSAO_DE_CURSO_GRADUACAO,Fundação Universidade Regional de Blumenau,Artes - Bacharelado em Teatro,Sabrina de Moura e Joanna Oliari Macoppi,CO_ORIENTADOR,NAO
2007,TRABALHO_DE_CONCLUSAO_DE_CURSO_GRADUACAO,Fundação Universidade Regional de Blumenau,Artes - Bacharelado em Teatro,Kátia Jaíne Meyer,CO_ORIENTADOR,NAO
2008,TRABALHO_DE_CONCLUSAO_DE_CURSO_GRADUACAO,Fundação Universidade Regional de Blumenau,Artes,Jaqueline da Silva e Walkiria Emanuelle Barbaresco,CO_ORIENTADOR,NAO
2009,INICIACAO_CIENTIFICA,Fundação Universidade Regional de Blumenau,Artes - Bacharelado em Teatro,Jéssica Volles de Oliveira,CO_ORIENTADOR,SIM
2009,TRABALHO_DE_CONCLUSAO_DE_CURSO_GRADUACAO,Fundação Universidade Regional de Blumenau,Artes,Renata Rissardi Proencio,CO_ORIENTADOR,NAO
2010,TRABALHO_DE_CONCLUSAO_DE_CURSO_GRADUACAO,Fundação Universidade Regional de Blumenau,Artes,Kethlin Luana Gusawa,CO_ORIENTADOR,NAO
2010,TRABALHO_DE_CONCLUSAO_DE_CURSO_GRADUACAO,Fundação Universidade Regional de Blumenau,Artes,Angelene Lazzareti,CO_ORIENTADOR,NAO
2010,TRABALHO_DE_CONCLUSAO_DE_CURSO_GRADUACAO,Fundação Universidade Regional de Blumenau,Artes,Suellen Verônica Junkes,CO_ORIENTADOR,NAO
2010,TRABALHO_DE_CONCLUSAO_DE_CURSO_GRADUACAO,Fundação Universidade Regional de Blumenau,Artes,Kriséven Campana,CO_ORIENTADOR,NAO
2012,INICIACAO_CIENTIFICA,Fundação Universidade Regional de Blumenau,Artes,Sidney Michael Dietrich,CO_ORIENTADOR,SIM
2012,INICIACAO_CIENTIFICA,Fundação Universidade Regional de Blumenau,Artes,Helena Zanin,CO_ORIENTADOR,NAO
2012,INICIACAO_CIENTIFICA,Fundação Universidade Regional de Blumenau,Artes,Timóteo Elias,CO_ORIENTADOR,SIM
2012,TRABALHO_DE_CONCLUSAO_DE_CURSO_GRADUACAO,Fundação Universidade Regional de Blumenau,Pedagogia,Nara Priscilla Schmit,CO_ORIENTADOR,NAO
2014,TRABALHO_DE_CONCLUSAO_DE_CURSO_GRADUACAO,Fundação Universidade Regional de Blumenau,Artes,CÍNTIA DANIELA GALZ,CO_ORIENTADOR,NAO
2014,INICIACAO_CIENTIFICA,Fundação Universidade Regional de Blumenau,Artes,Timóteo Elias,CO_ORIENTADOR,NAO
2019,INICIACAO_CIENTIFICA,Universidade Federal de Sergipe,Teatro,Yasmin Brenda Primo Rabelo,CO_ORIENTADOR,NAO
2019,TRABALHO_DE_CONCLUSAO_DE_CURSO_GRADUACAO,Universidade Federal de Sergipe,Teatro,Luany Santos,CO_ORIENTADOR,NAO
2020,ORIENTACAO-DE-OUTRA-NATUREZA,Universidade Federal de Sergipe,,Carlos Roberto dos Santos,CO_ORIENTADOR,NAO
2020,INICIACAO_CIENTIFICA,Universidade Federal de Sergipe,Teatro,Graziela Menezes Alves,CO_ORIENTADOR,NAO
2021,TRABALHO_DE_CONCLUSAO_DE_CURSO_GRADUACAO,Universidade Federal de Sergipe,Teatro,Tifanny Jaira Raiol Matos,CO_ORIENTADOR,NAO
2020,TRABALHO_DE_CONCLUSAO_DE_CURSO_GRADUACAO,Universidade Federal de Sergipe,Teatro,Halames Wagner da Silva Filho,CO_ORIENTADOR,NAO
2020,ORIENTACAO-DE-OUTRA-NATUREZA,Universidade Federal de Sergipe,Teatro,Josimario Cesar Silva Bispo,CO_ORIENTADOR,NAO
2020,ORIENTACAO-DE-OUTRA-NATUREZA,Universidade Federal de Sergipe,Teatro,Lúcio de Oliveira Costa,CO_ORIENTADOR,NAO
2020,ORIENTACAO-DE-OUTRA-NATUREZA,Universidade Federal de Sergipe,Teatro,José Francisco Gomes dos Santos Junior,CO_ORIENTADOR,NAO
2020,ORIENTACAO-DE-OUTRA-NATUREZA,Universidade Federal de Sergipe,Teatro,Marvi Oliveira,CO_ORIENTADOR,NAO
2021,TRABALHO_DE_CONCLUSAO_DE_CURSO_GRADUACAO,Universidade Federal de Sergipe,Teatro,Michel Fontes Santos,CO_ORIENTADOR,NAO
2021,INICIACAO_CIENTIFICA,Universidade Federal de Sergipe,Teatro,Josimario Cesar Silva Bispo,CO_ORIENTADOR,SIM
2021,TRABALHO_DE_CONCLUSAO_DE_CURSO_GRADUACAO,Universidade Federal de Sergipe,Teatro,Nayara Santos Rodrigues,CO_ORIENTADOR,NAO
2021,ORIENTACAO-DE-OUTRA-NATUREZA,Universidade Federal de Sergipe,Teatro,Leticia Franco Santos,CO_ORIENTADOR,NAO
2021,ORIENTACAO-DE-OUTRA-NATUREZA,Universidade Federal de Sergipe,Teatro,Helen Augusta Alves dos Santos,CO_ORIENTADOR,NAO
2021,ORIENTACAO-DE-OUTRA-NATUREZA,Universidade Federal de Sergipe,Teatro,José Francisco Gomes dos Santos Junior,CO_ORIENTADOR,NAO
2021,ORIENTACAO-DE-OUTRA-NATUREZA,Universidade Federal de Sergipe,Teatro,Halames Wagner da Silva Filho,CO_ORIENTADOR,SIM
2019,ORIENTACAO-DE-OUTRA-NATUREZA,Universidade Federal de Sergipe,Teatro,Halames Wagner da Silva Filho,CO_ORIENTADOR,SIM
2021,ORIENTACAO-DE-OUTRA-NATUREZA,Universidade Federal de Sergipe,Teatro,Victor Silveira Ferreira Alves,CO_ORIENTADOR,NAO
