YEAR,NATURE,INSTITUTION,COURSE,STUDENT,TYPE,SPONSOR
2017,Dissertação de mestrado,Universidade Federal de Minas Gerais,Artes,Bárbara Tavares Schiavon Machado,ORIENTADOR_PRINCIPAL,SIM
2020,Dissertação de mestrado,Universidade Federal de Minas Gerais,Artes,Flávio Vignoli Cordeiro,ORIENTADOR_PRINCIPAL,NAO
2020,Dissertação de mestrado,Universidade Federal de Minas Gerais,Artes,Ana Paula Garcia Costa,ORIENTADOR_PRINCIPAL,NAO
2021,Dissertação de mestrado,Universidade Federal de Minas Gerais,Artes,Isabella Beneduci Assad,ORIENTADOR_PRINCIPAL,SIM
2021,Dissertação de mestrado,Universidade Federal de Minas Gerais,Artes,Felipe Aguiar Chimicatti,ORIENTADOR_PRINCIPAL,SIM
2019,Dissertação de mestrado,Universidade Federal de Minas Gerais,Artes,Sergio Augusto Medeiros,ORIENTADOR_PRINCIPAL,SIM
2010,MONOGRAFIA_DE_CONCLUSAO_DE_CURSO_APERFEICOAMENTO_E_ESPECIALIZACAO,Universidade Federal de Minas Gerais,Curso de Especialização em Ensino de Artes Visuais,Pollyana Vilas Bôas Pedrosa,CO_ORIENTADOR,NAO
2010,MONOGRAFIA_DE_CONCLUSAO_DE_CURSO_APERFEICOAMENTO_E_ESPECIALIZACAO,Universidade Federal de Minas Gerais,Curso de Especialização em Ensino de Artes Visuais,Marcelena Tomaz da Silva,CO_ORIENTADOR,NAO
2010,MONOGRAFIA_DE_CONCLUSAO_DE_CURSO_APERFEICOAMENTO_E_ESPECIALIZACAO,Universidade Federal de Minas Gerais,Curso de Especialização em Ensino de Artes Visuais,Eliane Lívia de Moura Chaban,CO_ORIENTADOR,NAO
2010,MONOGRAFIA_DE_CONCLUSAO_DE_CURSO_APERFEICOAMENTO_E_ESPECIALIZACAO,Universidade Federal de Minas Gerais,Curso de Especialização em Ensino de Artes Visuais,Josina Rita Pereira Veloso,CO_ORIENTADOR,NAO
2010,TRABALHO_DE_CONCLUSAO_DE_CURSO_GRADUACAO,Universidade Federal de Minas Gerais,Artes Visuais,Christiane Silva Costa,CO_ORIENTADOR,NAO
2011,TRABALHO_DE_CONCLUSAO_DE_CURSO_GRADUACAO,Universidade Federal de Minas Gerais,Artes Visuais,Naiara Rocha,CO_ORIENTADOR,NAO
2011,TRABALHO_DE_CONCLUSAO_DE_CURSO_GRADUACAO,Universidade Federal de Minas Gerais,Artes Visuais,Aline Fernandes Pires,CO_ORIENTADOR,NAO
2011,MONOGRAFIA_DE_CONCLUSAO_DE_CURSO_APERFEICOAMENTO_E_ESPECIALIZACAO,Universidade Federal de Minas Gerais,Curso de Especialização em Ensino de Artes Visuais,Leandro José Ferreira,CO_ORIENTADOR,NAO
2011,MONOGRAFIA_DE_CONCLUSAO_DE_CURSO_APERFEICOAMENTO_E_ESPECIALIZACAO,Universidade Federal de Minas Gerais,Curso de Especialização em Ensino de Artes Visuais,Letícia Carvalho da Silva de Oliveira,CO_ORIENTADOR,NAO
2011,MONOGRAFIA_DE_CONCLUSAO_DE_CURSO_APERFEICOAMENTO_E_ESPECIALIZACAO,Universidade Federal de Minas Gerais,Curso de Especialização em Ensino de Artes Visuais,Thales Manoel Coelho,CO_ORIENTADOR,NAO
2011,MONOGRAFIA_DE_CONCLUSAO_DE_CURSO_APERFEICOAMENTO_E_ESPECIALIZACAO,Universidade Federal de Minas Gerais,Curso de Especialização em Ensino de Artes Visuais,Regiane Aparecida da Silva,CO_ORIENTADOR,NAO
2011,MONOGRAFIA_DE_CONCLUSAO_DE_CURSO_APERFEICOAMENTO_E_ESPECIALIZACAO,Universidade Federal de Minas Gerais,Curso de Especialização em Ensino de Artes Visuais,Paulo Henrique Rosestolato,CO_ORIENTADOR,NAO
2012,INICIACAO_CIENTIFICA,Universidade Federal de Minas Gerais,Artes Visuais,Bárbara Tavares Schiavon Machado,CO_ORIENTADOR,SIM
2011,TRABALHO_DE_CONCLUSAO_DE_CURSO_GRADUACAO,Universidade Federal de Minas Gerais,Artes Visuais,Rita de Cássia Teixeira Viana,CO_ORIENTADOR,NAO
2012,TRABALHO_DE_CONCLUSAO_DE_CURSO_GRADUACAO,Universidade Federal de Minas Gerais,Artes Visuais - Artes Gráficas,Luiz Fernando Ferreira,CO_ORIENTADOR,NAO
2012,TRABALHO_DE_CONCLUSAO_DE_CURSO_GRADUACAO,Universidade Federal de Minas Gerais,Artes Visuais - Artes Gráficas,Bruno de Morais Oliveira,CO_ORIENTADOR,NAO
2014,INICIACAO_CIENTIFICA,Universidade Federal de Minas Gerais,Artes Visuais,Fernanda Oliveira Borges e Melo,CO_ORIENTADOR,SIM
2014,INICIACAO_CIENTIFICA,Universidade Federal de Minas Gerais,Artes Visuais - Artes Gráficas,Erica Si,CO_ORIENTADOR,SIM
2014,INICIACAO_CIENTIFICA,Universidade Federal de Minas Gerais,Artes Visuais - Artes Gráficas,Clara Mendes de Oliveira Cesar,CO_ORIENTADOR,SIM
2013,TRABALHO_DE_CONCLUSAO_DE_CURSO_GRADUACAO,Universidade Federal de Minas Gerais,Artes Visuais - Artes Gráficas,José Messias Rodrigues,CO_ORIENTADOR,NAO
2013,TRABALHO_DE_CONCLUSAO_DE_CURSO_GRADUACAO,Universidade Federal de Minas Gerais,Artes Visuais - Artes Gráficas,Samuel Henrique Wenceslau,CO_ORIENTADOR,NAO
2013,TRABALHO_DE_CONCLUSAO_DE_CURSO_GRADUACAO,Universidade Federal de Minas Gerais,Artes Visuais - Artes Gráficas,Werlayne Júlia Santos Silva,CO_ORIENTADOR,NAO
2013,TRABALHO_DE_CONCLUSAO_DE_CURSO_GRADUACAO,Universidade Federal de Minas Gerais,Artes Visuais - Artes Gráficas,Taiane Fernandes da Costa,CO_ORIENTADOR,NAO
2013,TRABALHO_DE_CONCLUSAO_DE_CURSO_GRADUACAO,Universidade Federal de Minas Gerais,Artes Visuais - Cinema de Animação,Romel Costa,CO_ORIENTADOR,NAO
2013,MONOGRAFIA_DE_CONCLUSAO_DE_CURSO_APERFEICOAMENTO_E_ESPECIALIZACAO,Universidade Federal de Minas Gerais,Curso de Especialização em Ensino de Artes Visuais,Graziely Cecilia da Mota,CO_ORIENTADOR,NAO
2014,TRABALHO_DE_CONCLUSAO_DE_CURSO_GRADUACAO,Universidade Federal de Minas Gerais,Artes Visuais - Desenho,Antonio Beirão Xavier,CO_ORIENTADOR,NAO
2016,INICIACAO_CIENTIFICA,Universidade Federal de Minas Gerais,Ciências Sociais,Laura Belisario de Almeida Camargo,CO_ORIENTADOR,SIM
2015,INICIACAO_CIENTIFICA,Universidade Federal de Minas Gerais,Artes Visuais - Artes Gráficas,Erica Si,CO_ORIENTADOR,SIM
2015,INICIACAO_CIENTIFICA,Universidade Federal de Minas Gerais,Artes Visuais,Wagner Tulio Paulino,CO_ORIENTADOR,SIM
2016,INICIACAO_CIENTIFICA,Universidade Federal de Minas Gerais,Artes Visuais - Artes Gráficas,Marco Aurelio Silva Chagas,CO_ORIENTADOR,NAO
2015,TRABALHO_DE_CONCLUSAO_DE_CURSO_GRADUACAO,Universidade Federal de Minas Gerais,Artes Visuais - Desenho,Eduardo Lopes Prota,CO_ORIENTADOR,NAO
2015,TRABALHO_DE_CONCLUSAO_DE_CURSO_GRADUACAO,Universidade Federal de Minas Gerais,Abi - Artes Visuais,Carolina Merlo,CO_ORIENTADOR,NAO
2015,TRABALHO_DE_CONCLUSAO_DE_CURSO_GRADUACAO,Universidade Federal de Minas Gerais,Letras,Samira Vilela Florindo,CO_ORIENTADOR,NAO
2015,INICIACAO_CIENTIFICA,Universidade Federal de Minas Gerais,Abi - Artes Visuais,Marina Maluf Tasca,CO_ORIENTADOR,NAO
2015,INICIACAO_CIENTIFICA,Universidade Federal de Minas Gerais,Abi - Artes Visuais,Artur Mesquita Bicalho,CO_ORIENTADOR,SIM
2015,TRABALHO_DE_CONCLUSAO_DE_CURSO_GRADUACAO,Universidade Federal de Minas Gerais,Abi - Artes Visuais,Marcelo Dolabella de Amorim,CO_ORIENTADOR,NAO
2017,INICIACAO_CIENTIFICA,Universidade Federal de Minas Gerais,Abi - Artes Visuais,Maira Lima Publio,CO_ORIENTADOR,SIM
2017,INICIACAO_CIENTIFICA,Universidade Federal de Minas Gerais,Abi - Artes Visuais,Camilla Costa Fidelis,CO_ORIENTADOR,NAO
2016,INICIACAO_CIENTIFICA,Universidade Federal de Minas Gerais,Abi - Artes Visuais,Marina Medef Torres de Carvalho,CO_ORIENTADOR,NAO
2016,TRABALHO_DE_CONCLUSAO_DE_CURSO_GRADUACAO,Universidade Federal de Minas Gerais,Abi - Artes Visuais,Sara Ramos de Oliveira,CO_ORIENTADOR,NAO
2017,TRABALHO_DE_CONCLUSAO_DE_CURSO_GRADUACAO,Universidade Federal de Minas Gerais,Abi - Artes Visuais,Marcus Paulo Marques Medeiros,CO_ORIENTADOR,NAO
2017,TRABALHO_DE_CONCLUSAO_DE_CURSO_GRADUACAO,Universidade Federal de Minas Gerais,Abi - Artes Visuais,Gustavo Tadeu Vieira de Almeida,CO_ORIENTADOR,NAO
2017,INICIACAO_CIENTIFICA,Universidade Federal de Minas Gerais,Abi - Artes Visuais,Nathaly Ferreira Silva,CO_ORIENTADOR,SIM
2018,INICIACAO_CIENTIFICA,Universidade Federal de Minas Gerais,Abi - Artes Visuais,Wagner Tulio Paulino,CO_ORIENTADOR,SIM
2017,TRABALHO_DE_CONCLUSAO_DE_CURSO_GRADUACAO,Universidade Federal de Minas Gerais,Abi - Artes Visuais,Artur Mesquita Bicalho,CO_ORIENTADOR,NAO
2016,INICIACAO_CIENTIFICA,Universidade Federal de Minas Gerais,Abi - Artes Visuais,Artur Mesquita Bicalho,CO_ORIENTADOR,SIM
2016,INICIACAO_CIENTIFICA,Universidade Federal de Minas Gerais,Abi - Artes Visuais,Marina Maluf Tasca,CO_ORIENTADOR,NAO
2018,INICIACAO_CIENTIFICA,Universidade Federal de Minas Gerais,Abi - Artes Visuais,Maria Beatriz Mendes Queiroz,CO_ORIENTADOR,NAO
2018,INICIACAO_CIENTIFICA,Universidade Federal de Minas Gerais,Abi - Artes Visuais,Luiza Poeiras Amorim,CO_ORIENTADOR,NAO
2016,INICIACAO_CIENTIFICA,Universidade Federal de Minas Gerais,Abi - Artes Visuais,Julia Bernardes Lacerda,CO_ORIENTADOR,NAO
2020,INICIACAO_CIENTIFICA,Universidade Federal de Minas Gerais,Museologia,Isac Daniel Santana,CO_ORIENTADOR,SIM
2019,TRABALHO_DE_CONCLUSAO_DE_CURSO_GRADUACAO,Universidade Federal de Minas Gerais,Abi - Artes Visuais,Marco Aurélio Silva Chagas,CO_ORIENTADOR,NAO
2020,TRABALHO_DE_CONCLUSAO_DE_CURSO_GRADUACAO,Universidade Federal de Minas Gerais,Abi - Artes Visuais,Pedro Augusto Anzolin Nicola,CO_ORIENTADOR,NAO
2020,TRABALHO_DE_CONCLUSAO_DE_CURSO_GRADUACAO,Universidade Federal de Minas Gerais,Abi - Artes Visuais,Ramon Kennedy Monteiro de Lima,CO_ORIENTADOR,NAO
2018,ORIENTACAO-DE-OUTRA-NATUREZA,Universidade Federal de Minas Gerais,Abi - Artes Visuais,Gyeongmi Ma,CO_ORIENTADOR,NAO
2018,ORIENTACAO-DE-OUTRA-NATUREZA,Universidade Federal de Minas Gerais,Abi - Artes Visuais,Maria Beatriz Mendes Queiroz,CO_ORIENTADOR,SIM
2015,ORIENTACAO-DE-OUTRA-NATUREZA,Universidade Federal de Minas Gerais,Abi - Artes Visuais,Camila Storck Leroy,CO_ORIENTADOR,SIM
2017,ORIENTACAO-DE-OUTRA-NATUREZA,Centro Federal de Educação Tecnológica de Minas Gerais,Letras,Marina Ribeiro Mattar,CO_ORIENTADOR,NAO
2019,TRABALHO_DE_CONCLUSAO_DE_CURSO_GRADUACAO,Universidade Federal de Minas Gerais,Abi - Artes Visuais,Marianne Machado,CO_ORIENTADOR,NAO
2021,TRABALHO_DE_CONCLUSAO_DE_CURSO_GRADUACAO,Universidade Federal de Minas Gerais,Abi - Artes Visuais,Hayra Maria de Almeida,CO_ORIENTADOR,NAO
2021,TRABALHO_DE_CONCLUSAO_DE_CURSO_GRADUACAO,Universidade Federal de Minas Gerais,Abi - Artes Visuais,Vitor Fernandes de Souza Moreira,CO_ORIENTADOR,NAO
2020,INICIACAO_CIENTIFICA,Universidade Federal de Minas Gerais,Abi - Artes Visuais,Maria Beatriz Mendes Queiroz,CO_ORIENTADOR,SIM
2017,INICIACAO_CIENTIFICA,Universidade Federal de Minas Gerais,Abi - Artes Visuais,Wagner Tulio Paulino,CO_ORIENTADOR,SIM
2016,INICIACAO_CIENTIFICA,Universidade Federal de Minas Gerais,Abi - Artes Visuais,Ausiane de Oliveira Costa,CO_ORIENTADOR,NAO
