YEAR,NATURE,INSTITUTION,COURSE,STUDENT,TYPE,SPONSOR
2017,Dissertação de mestrado,Universidade Federal de Goiás,Música,Kemuel Kesley Ferreira dos Santos,ORIENTADOR_PRINCIPAL,SIM
2019,Dissertação de mestrado,Universidade Federal de Minas Gerais,Música,Érica Pereira de Sá,ORIENTADOR_PRINCIPAL,SIM
2020,Dissertação de mestrado,Universidade Federal de Minas Gerais,Música,Juliana Gonçalves Marin,ORIENTADOR_PRINCIPAL,NAO
2018,INICIACAO_CIENTIFICA,Universidade Federal de Minas Gerais,Abi - Música,Douglas Rafael dos Santos,CO_ORIENTADOR,SIM
2019,INICIACAO_CIENTIFICA,Universidade Federal de Minas Gerais,Design,Tiago Alexandre Silva,CO_ORIENTADOR,SIM
2019,INICIACAO_CIENTIFICA,Universidade Federal de Minas Gerais,Abi - Música,Douglas Rafael dos Santos,CO_ORIENTADOR,SIM
2020,INICIACAO_CIENTIFICA,Universidade Federal de Minas Gerais,Abi - Música,Alex Victor Della Cruz,CO_ORIENTADOR,SIM
2016,TRABALHO_DE_CONCLUSAO_DE_CURSO_GRADUACAO,Universidade Federal de Minas Gerais,Abi - Música,Alex Fraga,CO_ORIENTADOR,NAO
2019,TRABALHO_DE_CONCLUSAO_DE_CURSO_GRADUACAO,Universidade Federal de Minas Gerais,Abi - Música,Talles Bibiano,CO_ORIENTADOR,NAO
2013,TRABALHO_DE_CONCLUSAO_DE_CURSO_GRADUACAO,Universidade Estadual Paulista Júlio de Mesquita Filho,Música - Bacharelado em Percussão,Bruno Oliveira,CO_ORIENTADOR,NAO
2013,TRABALHO_DE_CONCLUSAO_DE_CURSO_GRADUACAO,Universidade Estadual Paulista Júlio de Mesquita Filho,Música - Bacharelado em Percussão,Fernando Miranda,CO_ORIENTADOR,NAO
2013,TRABALHO_DE_CONCLUSAO_DE_CURSO_GRADUACAO,Universidade Estadual Paulista Júlio de Mesquita Filho,Música - Bacharelado em Percussão,Daniela Oliveira,CO_ORIENTADOR,NAO
2019,TRABALHO_DE_CONCLUSAO_DE_CURSO_GRADUACAO,Universidade Federal de Minas Gerais,Música,Rafael Zeringota,CO_ORIENTADOR,NAO
2020,INICIACAO_CIENTIFICA,Universidade Federal de Minas Gerais,Design,Tiago Alexandre Silva,CO_ORIENTADOR,SIM
2019,ORIENTACAO-DE-OUTRA-NATUREZA,Universidade Federal de Minas Gerais,Abi - Música,Kerson Lucio Freitas dos Santos,CO_ORIENTADOR,SIM
2019,ORIENTACAO-DE-OUTRA-NATUREZA,Universidade Federal de Minas Gerais,Abi - Música,Victor Antonio do Nascimento,CO_ORIENTADOR,SIM
2015,TRABALHO_DE_CONCLUSAO_DE_CURSO_GRADUACAO,"Instituto Federal de Educação, Ciência e Tecnologia de Goiás",Música,Claudio Marcelo Bezerra Maia,CO_ORIENTADOR,NAO
