YEAR,NATURE,INSTITUTION,COURSE,STUDENT,TYPE,SPONSOR
2017,Dissertação de mestrado,Universidade do Estado de Minas Gerais,Mestrado em Artes,João Paulo Andrade da Silva,ORIENTADOR_PRINCIPAL,SIM
2019,Dissertação de mestrado,Universidade do Estado de Minas Gerais,Mestrado em Artes,Ana Carolina de Vasconcelos Ministério,ORIENTADOR_PRINCIPAL,NAO
2017,Dissertação de mestrado,Universidade do Estado de Minas Gerais,Mestrado em Educação,Frederico Luiz Moreira,CO_ORIENTADOR,NAO
2020,Dissertação de mestrado,Universidade do Estado de Minas Gerais,Mestrado em Artes,Letícia Reis Arrigui Cerqueira,ORIENTADOR_PRINCIPAL,SIM
2020,Dissertação de mestrado,Universidade do Estado de Minas Gerais,Mestrado em Educação,Isabel Alves Corrêa de Abreu,CO_ORIENTADOR,SIM
2021,Dissertação de mestrado,Universidade Federal de Minas Gerais,"Programa de Pós-Graduação em Educação: Conhecimento e inclusão social, da F",Liza Iole da Silva Caetano,CO_ORIENTADOR,NAO
2018,Dissertação de mestrado,Universidade do Estado de Minas Gerais,Mestrado em Artes,Gerson Aquiles Mendes de Melo,ORIENTADOR_PRINCIPAL,SIM
2002,MONOGRAFIA_DE_CONCLUSAO_DE_CURSO_APERFEICOAMENTO_E_ESPECIALIZACAO,Universidade do Estado de Minas Gerais,Pesquisa e Ensino das Artes Plásticas,Ivânia Linhares de Almeida,CO_ORIENTADOR,NAO
2002,MONOGRAFIA_DE_CONCLUSAO_DE_CURSO_APERFEICOAMENTO_E_ESPECIALIZACAO,Universidade do Estado de Minas Gerais,Pesquisa e Ensino das Artes Plásticas,Maria da Conceição Faria Vilela,CO_ORIENTADOR,NAO
2013,MONOGRAFIA_DE_CONCLUSAO_DE_CURSO_APERFEICOAMENTO_E_ESPECIALIZACAO,Universidade do Estado de Minas Gerais,"Mediação em Arte, Cultura e Educação",Marilane Carvalhar Damasceno de Assis,CO_ORIENTADOR,NAO
2013,MONOGRAFIA_DE_CONCLUSAO_DE_CURSO_APERFEICOAMENTO_E_ESPECIALIZACAO,Universidade do Estado de Minas Gerais,"Mediação em Arte, Cultura e Educação",Denise Magalhães Ursine,CO_ORIENTADOR,NAO
2013,MONOGRAFIA_DE_CONCLUSAO_DE_CURSO_APERFEICOAMENTO_E_ESPECIALIZACAO,Universidade do Estado de Minas Gerais,Artes Plásticas e Contemporaneidade,Bárbara Gonçalves Fonseca,CO_ORIENTADOR,NAO
2013,MONOGRAFIA_DE_CONCLUSAO_DE_CURSO_APERFEICOAMENTO_E_ESPECIALIZACAO,Universidade do Estado de Minas Gerais,Artes Plásticas e Contemporaneidade,Gabriella Fernanda Navarro Antoniazzi,CO_ORIENTADOR,NAO
2012,INICIACAO_CIENTIFICA,Universidade do Estado de Minas Gerais,Educação Artística,Helga Maria Costa Freitas Pompeu,CO_ORIENTADOR,SIM
2014,INICIACAO_CIENTIFICA,Universidade do Estado de Minas Gerais,Educação Artística,Andrea Avelina Vieira Santos,CO_ORIENTADOR,SIM
2014,MONOGRAFIA_DE_CONCLUSAO_DE_CURSO_APERFEICOAMENTO_E_ESPECIALIZACAO,Universidade do Estado de Minas Gerais,"Mediação em Arte, Cultura e Educação",Dorá Sá,CO_ORIENTADOR,NAO
2014,MONOGRAFIA_DE_CONCLUSAO_DE_CURSO_APERFEICOAMENTO_E_ESPECIALIZACAO,Universidade do Estado de Minas Gerais,"Mediação em Arte, Cultura e Educação",Fabrícia Melo das Neves,CO_ORIENTADOR,NAO
2014,MONOGRAFIA_DE_CONCLUSAO_DE_CURSO_APERFEICOAMENTO_E_ESPECIALIZACAO,Universidade do Estado de Minas Gerais,"Mediação em Arte, Cultura e Educação",Juliana Cardoso de Carvalho Marinho,CO_ORIENTADOR,NAO
2002,MONOGRAFIA_DE_CONCLUSAO_DE_CURSO_APERFEICOAMENTO_E_ESPECIALIZACAO,Universidade do Estado de Minas Gerais,Pesquisa e Ensino das Artes Plásticas,Janice Maria de Oliveira Reis,CO_ORIENTADOR,NAO
2015,TRABALHO_DE_CONCLUSAO_DE_CURSO_GRADUACAO,Universidade do Estado de Minas Gerais,Educação Artística,Raquel Jacqueline Emerenciana de Rezende,CO_ORIENTADOR,NAO
2014,TRABALHO_DE_CONCLUSAO_DE_CURSO_GRADUACAO,Universidade do Estado de Minas Gerais,Licenciatura em artes plásticas,Kelly Fonseca Reis Silva,CO_ORIENTADOR,NAO
2014,TRABALHO_DE_CONCLUSAO_DE_CURSO_GRADUACAO,Universidade do Estado de Minas Gerais,Licenciatura em artes plásticas,Angélica Gomes de Oliveira,CO_ORIENTADOR,NAO
2014,TRABALHO_DE_CONCLUSAO_DE_CURSO_GRADUACAO,Universidade do Estado de Minas Gerais,Licenciatura em artes plásticas,Mayra Marvila Pereira Campos,CO_ORIENTADOR,NAO
2014,TRABALHO_DE_CONCLUSAO_DE_CURSO_GRADUACAO,Universidade do Estado de Minas Gerais,Licenciatura em artes plásticas,Talita da Silva Moreau,CO_ORIENTADOR,NAO
2014,INICIACAO_CIENTIFICA,Universidade do Estado de Minas Gerais,Educação Artística,Raquel Jacqueline Emerenciana de Rezende,CO_ORIENTADOR,SIM
2015,INICIACAO_CIENTIFICA,Universidade do Estado de Minas Gerais,Educação Artística,Andrea Adelina Vieira Santos,CO_ORIENTADOR,SIM
2015,TRABALHO_DE_CONCLUSAO_DE_CURSO_GRADUACAO,Universidade do Estado de Minas Gerais,Licenciatura em artes plásticas,Andrea Adelina Vieira Santos,CO_ORIENTADOR,NAO
2015,INICIACAO_CIENTIFICA,Universidade do Estado de Minas Gerais,Licenciatura em artes plásticas,Pedro Henrique Lopes Frias Vimieiro de Medeiros,CO_ORIENTADOR,SIM
2015,INICIACAO_CIENTIFICA,Universidade do Estado de Minas Gerais,Educação Artística,Raquel Jacqueline Emerenciana de Rezende,CO_ORIENTADOR,SIM
2017,INICIACAO_CIENTIFICA,Universidade do Estado de Minas Gerais,Artes Plásticas,Letícia Reis Arrighi Reis,CO_ORIENTADOR,SIM
2016,INICIACAO_CIENTIFICA,Universidade do Estado de Minas Gerais,Licenciatura em artes plásticas,Isabel Alves Correa Abreu,CO_ORIENTADOR,SIM
2016,INICIACAO_CIENTIFICA,Universidade do Estado de Minas Gerais,Licenciatura em artes plásticas,Daise de Oliveira Rodrigues,CO_ORIENTADOR,SIM
2016,TRABALHO_DE_CONCLUSAO_DE_CURSO_GRADUACAO,Universidade do Estado de Minas Gerais,Licenciatura em artes plásticas,Nereu Simões Moreau,CO_ORIENTADOR,NAO
2017,ORIENTACAO-DE-OUTRA-NATUREZA,Universidade do Estado de Minas Gerais,Artes Plásticas,Eraldo Leandro de Moraes Júnior,CO_ORIENTADOR,SIM
2017,ORIENTACAO-DE-OUTRA-NATUREZA,Universidade do Estado de Minas Gerais,Artes Plásticas,Isabel Alves Correa de Abreu,CO_ORIENTADOR,SIM
2017,INICIACAO_CIENTIFICA,Universidade do Estado de Minas Gerais,Artes Plásticas,Daise de Oliveira Rodrigues,CO_ORIENTADOR,SIM
2017,TRABALHO_DE_CONCLUSAO_DE_CURSO_GRADUACAO,Universidade do Estado de Minas Gerais,Licenciatura em artes plásticas,Eraldo Leandro de Moraes Junior,CO_ORIENTADOR,SIM
2017,TRABALHO_DE_CONCLUSAO_DE_CURSO_GRADUACAO,Universidade do Estado de Minas Gerais,Licenciatura em artes plásticas,Letícia Reis Arrighi Cerqueira,CO_ORIENTADOR,NAO
2017,ORIENTACAO-DE-OUTRA-NATUREZA,Universidade do Estado de Minas Gerais,Artes Plásticas,Ana Carolina Neves,CO_ORIENTADOR,SIM
2017,ORIENTACAO-DE-OUTRA-NATUREZA,Universidade do Estado de Minas Gerais,Licenciatura em artes plásticas,Juan Pablo Grifone,CO_ORIENTADOR,SIM
2016,ORIENTACAO-DE-OUTRA-NATUREZA,Universidade do Estado de Minas Gerais,,Rita Flávia Gomes Carvalho,CO_ORIENTADOR,SIM
2018,TRABALHO_DE_CONCLUSAO_DE_CURSO_GRADUACAO,Universidade do Estado de Minas Gerais,Licenciatura em artes plásticas,Daise de Oliveira Rodrigues,CO_ORIENTADOR,NAO
2018,TRABALHO_DE_CONCLUSAO_DE_CURSO_GRADUACAO,Universidade do Estado de Minas Gerais,Licenciatura em artes plásticas,Isabel Alves Corrêa de Abreu,CO_ORIENTADOR,NAO
2018,TRABALHO_DE_CONCLUSAO_DE_CURSO_GRADUACAO,Universidade do Estado de Minas Gerais,Licenciatura em artes plásticas,Giselle Martins Pacífico,CO_ORIENTADOR,NAO
2018,INICIACAO_CIENTIFICA,Universidade do Estado de Minas Gerais,Licenciatura em artes plásticas,Lucimar Aparecida Rocha Lizardo,CO_ORIENTADOR,SIM
2018,ORIENTACAO-DE-OUTRA-NATUREZA,Universidade do Estado de Minas Gerais,Pedagogia,Ana Luiza Fontoura Pinheiro,CO_ORIENTADOR,SIM
2018,INICIACAO_CIENTIFICA,Universidade do Estado de Minas Gerais,Licenciatura em artes plásticas,Daise de Oliveira Rodrigues,CO_ORIENTADOR,SIM
2019,ORIENTACAO-DE-OUTRA-NATUREZA,Universidade do Estado de Minas Gerais,Artes Plásticas,Cleverson Gonçalves de Andrade,CO_ORIENTADOR,SIM
2019,INICIACAO_CIENTIFICA,Universidade do Estado de Minas Gerais,Artes Plásticas,Luma Rossi Diniz Souza,CO_ORIENTADOR,SIM
2018,INICIACAO_CIENTIFICA,Universidade do Estado de Minas Gerais,Artes Plásticas,Gabriela Clemente de Oliveira,CO_ORIENTADOR,SIM
2018,ORIENTACAO-DE-OUTRA-NATUREZA,Universidade do Estado de Minas Gerais,Licenciatura em artes plásticas,Cleverson Gonçalves de Andrade,CO_ORIENTADOR,SIM
