TITLE,YEAR,LANG,EDITORA,AUTHOR,ORDER,ORDER_OK
"Um parceiro, um encontro: possíveis criações de uma clínica poética",2012,Português,Zagodoni,['Juliana Soares Bom-Tempo'],['1'],['1']
Imagens em Performance: vazamentos urbanos na produção de uma educação por afetos,2016,Português,CRV,['Juliana Soares Bom-Tempo'],['1'],['1']
"O esgotamento do possível, uma experimentação político-literária deleuze-guattariana entre Kafka e Melville",2017,Português,"Ed. ANPOF,","['Juliana Soares Bom-Tempo', 'Humberto Aparecido de Oliveira Guido']","['1', '2']",['1']
O que podem os corpos quando não há amanhã?,2021,Português,Pedro &amp; João Editores,['Juliana Soares Bom-Tempo'],['1'],['1']
"O atendimento on-line na plataforma Proteger-se, você não está só",2022,Português,Ed. dos autores,"['Juliana Soares Bom-Tempo', 'Karine Santana de Azevedo Zago', 'Fabíola Alves Gomes', 'Eminéa Aparecida Vinhais Lima', 'Daniela Aparecida de Sousa Moreira Ramos', 'Tatiana Benevides Magalhães Braga', 'Fernanda Nogueira Campos Rizzi', 'Ricardo Wagner Machado da Silveira']","['1', '2', '3', '4', '5', '6', '7', '8']",['1']
"Plantão Proteger-se: Humanização, interprofissionalidade e cartografia clínica como promoção da saúde",2022,Português,Ed. dos autores,"['Juliana Soares Bom-Tempo', 'Tatiana Benevides Magalhães Braga']","['1', '2']",['1']
O corpo e a micropolítica dos afectos,2013,Português,DP et Alii; ALB; CAPES,"['Juliana Soares Bom-Tempo', 'Angela Vieira']","['1', '2']",['1']
