YEAR,NATURE,INSTITUTION,COURSE,STUDENT,TYPE,SPONSOR
2017,Dissertação de mestrado,Universidade Federal de Uberlândia,Artes,Camila Cunha de Paula,ORIENTADOR_PRINCIPAL,NAO
2018,Dissertação de mestrado,Universidade Federal de Uberlândia,Artes Cênicas,Juscelino Ferreira Mendes Junior,ORIENTADOR_PRINCIPAL,SIM
2018,Dissertação de mestrado,Universidade Federal de Uberlândia,Artes Cênicas,Keila Sírio Campaneli,ORIENTADOR_PRINCIPAL,SIM
2019,Dissertação de mestrado,Universidade Federal de Uberlândia,Artes Cênicas,Aline Pinheiro Salmin,ORIENTADOR_PRINCIPAL,SIM
2010,TRABALHO_DE_CONCLUSAO_DE_CURSO_GRADUACAO,Universidade de Rio Verde,Psicologia,Fabiana Rodrigues Lopes,CO_ORIENTADOR,NAO
2009,TRABALHO_DE_CONCLUSAO_DE_CURSO_GRADUACAO,Universidade de Rio Verde,Psicologia,Michelly de carvalho O. Camilo,CO_ORIENTADOR,NAO
2011,TRABALHO_DE_CONCLUSAO_DE_CURSO_GRADUACAO,Universidade de Rio Verde,Psicologia,Nathália Campos Matos,CO_ORIENTADOR,NAO
2010,TRABALHO_DE_CONCLUSAO_DE_CURSO_GRADUACAO,Universidade de Rio Verde,Psicologia,Keila Aparecida Alves,CO_ORIENTADOR,NAO
2009,TRABALHO_DE_CONCLUSAO_DE_CURSO_GRADUACAO,Universidade de Rio Verde,Psicologia,Larissa Costa Bueno,CO_ORIENTADOR,NAO
2009,TRABALHO_DE_CONCLUSAO_DE_CURSO_GRADUACAO,Universidade de Rio Verde,Psicologia,Camila Pire Milhomem,CO_ORIENTADOR,NAO
2009,TRABALHO_DE_CONCLUSAO_DE_CURSO_GRADUACAO,Universidade de Rio Verde,Psicologia,Danieli Fernanda Peretto Cibulski,CO_ORIENTADOR,NAO
2009,TRABALHO_DE_CONCLUSAO_DE_CURSO_GRADUACAO,Universidade de Rio Verde,Psicologia,Fabiano Souza Mariano,CO_ORIENTADOR,NAO
2010,TRABALHO_DE_CONCLUSAO_DE_CURSO_GRADUACAO,Universidade de Rio Verde,Psicologia,LORRANA SIQUEIRA GOULART,CO_ORIENTADOR,NAO
2012,TRABALHO_DE_CONCLUSAO_DE_CURSO_GRADUACAO,Faculdade Jaguariúna,Psicologia,Daniele,CO_ORIENTADOR,NAO
2012,TRABALHO_DE_CONCLUSAO_DE_CURSO_GRADUACAO,Faculdade Jaguariúna,Psicologia,Antonia,CO_ORIENTADOR,NAO
2012,TRABALHO_DE_CONCLUSAO_DE_CURSO_GRADUACAO,Faculdade Jaguariúna,Psicologia,Melissa,CO_ORIENTADOR,NAO
2017,TRABALHO_DE_CONCLUSAO_DE_CURSO_GRADUACAO,Universidade Federal de Uberlândia,Dança,Wesley César Claudino,CO_ORIENTADOR,NAO
2016,TRABALHO_DE_CONCLUSAO_DE_CURSO_GRADUACAO,Universidade Federal de Uberlândia,Dança,Maria Alice Araújo Prado Lopes,CO_ORIENTADOR,NAO
2016,INICIACAO_CIENTIFICA,Universidade Federal de Uberlândia,Dança,Artur Rezende Fontes Ayroso,CO_ORIENTADOR,NAO
2016,INICIACAO_CIENTIFICA,Universidade Federal de Uberlândia,Dança,Aline Pinheiro Salmin,CO_ORIENTADOR,SIM
2017,INICIACAO_CIENTIFICA,Universidade Federal de Uberlândia,Dança,Raphael Gonçalves de Faria,CO_ORIENTADOR,SIM
2018,INICIACAO_CIENTIFICA,Universidade Federal de Uberlândia,Artes Visuais,Raphael Gonçalves de Faria,CO_ORIENTADOR,SIM
2020,ORIENTACAO-DE-OUTRA-NATUREZA,Universidade Federal de Uberlândia,Residência Multiprofissional em Saúde Mental,Pedro Arthur Vieira da Silva,CO_ORIENTADOR,NAO
2013,TRABALHO_DE_CONCLUSAO_DE_CURSO_GRADUACAO,Faculdade Jaguariúna,Psicologia,Fernanda Vitti,CO_ORIENTADOR,NAO
