YEAR,NATURE,INSTITUTION,COURSE,STUDENT,TYPE,SPONSOR
2015,TRABALHO_DE_CONCLUSAO_DE_CURSO_GRADUACAO,Universidade do Estado do Rio de Janeiro,Artes Visuais,Gustavo Deslandes de Almeida Moutinho,CO_ORIENTADOR,NAO
2016,MONOGRAFIA_DE_CONCLUSAO_DE_CURSO_APERFEICOAMENTO_E_ESPECIALIZACAO,Universidade do Estado do Rio de Janeiro,Especialização em Ensino da Arte,Rodrigo Maia Barbosa Lima,CO_ORIENTADOR,NAO
2016,MONOGRAFIA_DE_CONCLUSAO_DE_CURSO_APERFEICOAMENTO_E_ESPECIALIZACAO,Universidade do Estado do Rio de Janeiro,Especialização em Ensino da Arte,Luzinete Mantovani Espíndola Pessôa,CO_ORIENTADOR,NAO
2016,MONOGRAFIA_DE_CONCLUSAO_DE_CURSO_APERFEICOAMENTO_E_ESPECIALIZACAO,Universidade do Estado do Rio de Janeiro,Especialização em Ensino da Arte,Erisvaldo Souza dos Santos,CO_ORIENTADOR,NAO
2013,ORIENTACAO-DE-OUTRA-NATUREZA,Universidade Federal Fluminense,Artes,Fernanda Gouvea Costa dos Santos,CO_ORIENTADOR,NAO
2015,ORIENTACAO-DE-OUTRA-NATUREZA,Universidade do Estado do Rio de Janeiro,Artes Visuais,Maria Clara Soares Monteiro de Barros,CO_ORIENTADOR,SIM
2016,ORIENTACAO-DE-OUTRA-NATUREZA,Universidade do Estado do Rio de Janeiro,Artes Visuais,Nathan Braga Motta de Paula,CO_ORIENTADOR,SIM
2017,ORIENTACAO-DE-OUTRA-NATUREZA,Universidade do Estado do Rio de Janeiro,Artes Visuais,Candida Maria Bessa da Costa,CO_ORIENTADOR,SIM
2017,ORIENTACAO-DE-OUTRA-NATUREZA,Universidade do Estado do Rio de Janeiro,Licenciatura em Artes Visuais,Thatiana Moreira Montenegro da Costa,CO_ORIENTADOR,SIM
2016,INICIACAO_CIENTIFICA,Universidade do Estado do Rio de Janeiro,História da Arte,Mariana Brum Geraldes,CO_ORIENTADOR,SIM
2016,ORIENTACAO-DE-OUTRA-NATUREZA,Universidade do Estado do Rio de Janeiro,História da Arte,Vitor Rocha Farah Gomes,CO_ORIENTADOR,SIM
2016,ORIENTACAO-DE-OUTRA-NATUREZA,Universidade do Estado do Rio de Janeiro,Licenciatura em Artes Visuais,Izabel Maria Sussekind Rocha Pires,CO_ORIENTADOR,SIM
2016,ORIENTACAO-DE-OUTRA-NATUREZA,Universidade do Estado do Rio de Janeiro,História da Arte,Mariana Brum Geraldes,CO_ORIENTADOR,SIM
2017,ORIENTACAO-DE-OUTRA-NATUREZA,Universidade do Estado do Rio de Janeiro,Licenciatura em Artes Visuais,Thatiana Moreira Montenegro da Costa,CO_ORIENTADOR,SIM
2017,ORIENTACAO-DE-OUTRA-NATUREZA,Universidade do Estado do Rio de Janeiro,Licenciatura em Artes Visuais,Ana Carolina Mascarenha Fernandes,CO_ORIENTADOR,SIM
2017,ORIENTACAO-DE-OUTRA-NATUREZA,Universidade do Estado do Rio de Janeiro,Artes Visuais,Matheus Freitas Souza,CO_ORIENTADOR,SIM
2017,ORIENTACAO-DE-OUTRA-NATUREZA,Universidade do Estado do Rio de Janeiro,Artes Visuais,Gustavo da Silva Ferrer,CO_ORIENTADOR,SIM
2017,ORIENTACAO-DE-OUTRA-NATUREZA,Universidade do Estado do Rio de Janeiro,Artes Visuais,Mayara Gomes Louzada,CO_ORIENTADOR,SIM
2018,TRABALHO_DE_CONCLUSAO_DE_CURSO_GRADUACAO,Universidade Federal do Sul da Bahia,Interdisciplinar em Artes e Suas Tecnologias,Leonardo Pereira Holanda,CO_ORIENTADOR,NAO
2019,TRABALHO_DE_CONCLUSAO_DE_CURSO_GRADUACAO,Universidade Federal do Sul da Bahia,Interdisciplinar em Artes e Suas Tecnologias,Dhonata Melo da Silva,CO_ORIENTADOR,NAO
2021,MONOGRAFIA_DE_CONCLUSAO_DE_CURSO_APERFEICOAMENTO_E_ESPECIALIZACAO,Universidade Federal do Sul da Bahia,Especialização Pedagogias das Artes: linguagens artísticas e ação cultural,Ana Cássia Caldas de Jesus,CO_ORIENTADOR,NAO
2021,MONOGRAFIA_DE_CONCLUSAO_DE_CURSO_APERFEICOAMENTO_E_ESPECIALIZACAO,Universidade Federal do Sul da Bahia,Especialização Pedagogias das Artes: linguagens artísticas e ação cultural,Cláudio Monteiro Benfica,CO_ORIENTADOR,NAO
2019,INICIACAO_CIENTIFICA,Universidade Federal do Sul da Bahia,"Som, Imagem e Movimento",Breno dos Santos Franca,CO_ORIENTADOR,SIM
2017,INICIACAO_CIENTIFICA,Universidade do Estado do Rio de Janeiro,História da Arte,Mariana Brum Geraldes,CO_ORIENTADOR,SIM
2016,ORIENTACAO-DE-OUTRA-NATUREZA,Universidade do Estado do Rio de Janeiro,Artes Visuais,Yago Toscano Rodrigues Pinto,CO_ORIENTADOR,SIM
