YEAR,NATURE,INSTITUTION,COURSE,STUDENT,TYPE,SPONSOR
2007,ORIENTACAO-DE-OUTRA-NATUREZA,Universidade do Estado de Santa Catarina,Artes Cênicas,Evandro Luis Teixeira,CO_ORIENTADOR,NAO
2007,ORIENTACAO-DE-OUTRA-NATUREZA,Universidade do Estado de Santa Catarina,Artes Cênicas,Fernanda Macedo de Andrade,CO_ORIENTADOR,NAO
2007,ORIENTACAO-DE-OUTRA-NATUREZA,Universidade do Estado de Santa Catarina,Artes Cênicas,Gilbas Piva Junior,CO_ORIENTADOR,NAO
2007,ORIENTACAO-DE-OUTRA-NATUREZA,Universidade do Estado de Santa Catarina,Artes Cênicas,Joana Barreto Pontes,CO_ORIENTADOR,NAO
2007,ORIENTACAO-DE-OUTRA-NATUREZA,Universidade do Estado de Santa Catarina,Artes Cênicas,Júlia Fernandes Lacerda e Luana Tavano Garcia,CO_ORIENTADOR,NAO
2007,ORIENTACAO-DE-OUTRA-NATUREZA,Universidade do Estado de Santa Catarina,Artes Cênicas,Karina de Paula Silva,CO_ORIENTADOR,NAO
2007,ORIENTACAO-DE-OUTRA-NATUREZA,Universidade do Estado de Santa Catarina,Artes Cênicas,Luiza Carolina Lorenz Nevbes,CO_ORIENTADOR,NAO
2007,ORIENTACAO-DE-OUTRA-NATUREZA,Universidade do Estado de Santa Catarina,Artes Cênicas,Tama Ribeiro Gonçalves jorge,CO_ORIENTADOR,NAO
2007,ORIENTACAO-DE-OUTRA-NATUREZA,Universidade do Estado de Santa Catarina,Artes Cênicas,LARA TATIANE DE MATOS,CO_ORIENTADOR,NAO
2007,ORIENTACAO-DE-OUTRA-NATUREZA,Universidade do Estado de Santa Catarina,Artes Cênicas,Aldo Alberto Godoy e Maireli Dittrich,CO_ORIENTADOR,NAO
2007,ORIENTACAO-DE-OUTRA-NATUREZA,Universidade do Estado de Santa Catarina,Artes Cênicas,Marcos Araujo de Oliveira e Veruska Costa Haber,CO_ORIENTADOR,NAO
2007,ORIENTACAO-DE-OUTRA-NATUREZA,Universidade do Estado de Santa Catarina,Artes Cênicas,Luiz Deschamps,CO_ORIENTADOR,NAO
2008,ORIENTACAO-DE-OUTRA-NATUREZA,Universidade do Estado de Santa Catarina,Artes Cênicas,Kamila Debortoli,CO_ORIENTADOR,NAO
2008,ORIENTACAO-DE-OUTRA-NATUREZA,Universidade do Estado de Santa Catarina,Artes Cênicas,LÍVIA SUDARE,CO_ORIENTADOR,NAO
2008,ORIENTACAO-DE-OUTRA-NATUREZA,Universidade do Estado de Santa Catarina,Artes Cênicas,LETÍCIA MARTINS,CO_ORIENTADOR,NAO
2008,ORIENTACAO-DE-OUTRA-NATUREZA,Universidade do Estado de Santa Catarina,Artes Cênicas,CLEITON MOREIRA,CO_ORIENTADOR,NAO
2007,ORIENTACAO-DE-OUTRA-NATUREZA,Universidade do Estado de Santa Catarina,Artes Cênicas,Michel Marques,CO_ORIENTADOR,NAO
2010,ORIENTACAO-DE-OUTRA-NATUREZA,Universidade do Estado de Santa Catarina,Artes Cênicas,Anderson Luiz do Carmo,CO_ORIENTADOR,NAO
2010,ORIENTACAO-DE-OUTRA-NATUREZA,Universidade do Estado de Santa Catarina,,Bárbara Teles Cardoso,CO_ORIENTADOR,NAO
2010,ORIENTACAO-DE-OUTRA-NATUREZA,Universidade do Estado de Santa Catarina,Licenciatura e Bacharelado em Teatro,Pedro Coimbra,CO_ORIENTADOR,NAO
2010,ORIENTACAO-DE-OUTRA-NATUREZA,Universidade do Estado de Santa Catarina,Licenciatura e Bacharelado em Teatro,Jaqueline Cisne Alvez,CO_ORIENTADOR,NAO
2010,ORIENTACAO-DE-OUTRA-NATUREZA,Universidade do Estado de Santa Catarina,Licenciatura e Bacharelado em Teatro,Gabriela Morales Toentino Leite,CO_ORIENTADOR,NAO
2010,ORIENTACAO-DE-OUTRA-NATUREZA,Universidade do Estado de Santa Catarina,Licenciatura e Bacharelado em Teatro,Juliana Riechel,CO_ORIENTADOR,NAO
2010,ORIENTACAO-DE-OUTRA-NATUREZA,Universidade do Estado de Santa Catarina,Licenciatura e Bacharelado em Teatro,Ana Paula Beling,CO_ORIENTADOR,NAO
2010,ORIENTACAO-DE-OUTRA-NATUREZA,Universidade do Estado de Santa Catarina,Licenciatura e Bacharelado em Teatro,Caroline da Rosa Dalprá,CO_ORIENTADOR,NAO
2010,ORIENTACAO-DE-OUTRA-NATUREZA,Universidade do Estado de Santa Catarina,Licenciatura e Bacharelado em Teatro,Maria Eduarda Schappo,CO_ORIENTADOR,NAO
2010,ORIENTACAO-DE-OUTRA-NATUREZA,Universidade do Estado de Santa Catarina,Licenciatura e Bacharelado em Teatro,Rangel Rogério Corrêa,CO_ORIENTADOR,NAO
2009,ORIENTACAO-DE-OUTRA-NATUREZA,Universidade do Estado de Santa Catarina,Artes Cênicas,Elisza Peressoni Ribeiro,CO_ORIENTADOR,NAO
2009,ORIENTACAO-DE-OUTRA-NATUREZA,Universidade do Estado de Santa Catarina,Artes Cênicas,Ligia Ferreira,CO_ORIENTADOR,NAO
2009,ORIENTACAO-DE-OUTRA-NATUREZA,Universidade do Estado de Santa Catarina,Artes Cênicas,Heloisa Marina da Silva,CO_ORIENTADOR,NAO
2009,ORIENTACAO-DE-OUTRA-NATUREZA,Universidade do Estado de Santa Catarina,Artes Cênicas,Ana Luiza da Luz,CO_ORIENTADOR,NAO
2009,ORIENTACAO-DE-OUTRA-NATUREZA,Universidade do Estado de Santa Catarina,Artes Cênicas,POTYRA NAJARA BATSCHAUER,CO_ORIENTADOR,NAO
2011,ORIENTACAO-DE-OUTRA-NATUREZA,Universidade do Estado de Santa Catarina,Licenciatura e Bacharelado em Teatro,Ana Paula Beling,CO_ORIENTADOR,NAO
2012,TRABALHO_DE_CONCLUSAO_DE_CURSO_GRADUACAO,Universidade do Estado de Santa Catarina,Licenciatura e Bacharelado em Teatro,Maria Eduarda Schappo,CO_ORIENTADOR,NAO
2013,ORIENTACAO-DE-OUTRA-NATUREZA,Universidade Federal da Grande Dourados,Artes Cênicas,VANESSA MAHL ARRIGHI,CO_ORIENTADOR,NAO
2013,ORIENTACAO-DE-OUTRA-NATUREZA,Universidade Federal da Grande Dourados,Artes Cênicas,Dheime Winter da Costa,CO_ORIENTADOR,NAO
2013,ORIENTACAO-DE-OUTRA-NATUREZA,Universidade Federal da Grande Dourados,Artes Cênicas,Ademir de Carvalho Martins,CO_ORIENTADOR,NAO
2013,ORIENTACAO-DE-OUTRA-NATUREZA,Universidade Federal da Grande Dourados,Artes Cênicas,MARIA HELENA SANTANA MOREIRA,CO_ORIENTADOR,NAO
2013,ORIENTACAO-DE-OUTRA-NATUREZA,Universidade Federal da Grande Dourados,Artes Cênicas,Fernanda de Souza Barros,CO_ORIENTADOR,NAO
2013,ORIENTACAO-DE-OUTRA-NATUREZA,Universidade Federal da Grande Dourados,Artes Cênicas,LEANDRO DOS SANTOS MARTINS,CO_ORIENTADOR,NAO
2013,ORIENTACAO-DE-OUTRA-NATUREZA,Universidade Federal da Grande Dourados,Artes Cênicas,GLAUCIA CARDOSO DE SOUZA BRIGNONI,CO_ORIENTADOR,NAO
2013,ORIENTACAO-DE-OUTRA-NATUREZA,Universidade Federal da Grande Dourados,Artes Cênicas,ANA LUCIA FÉLIX ROCHA,CO_ORIENTADOR,NAO
2013,ORIENTACAO-DE-OUTRA-NATUREZA,Universidade Federal da Grande Dourados,Artes Cênicas,EDINA CASTRO MARQUES,CO_ORIENTADOR,NAO
2013,ORIENTACAO-DE-OUTRA-NATUREZA,Universidade Federal da Grande Dourados,Artes Cênicas,Josiane S. Dos Santos,CO_ORIENTADOR,NAO
2013,ORIENTACAO-DE-OUTRA-NATUREZA,Universidade Federal da Grande Dourados,Artes Cênicas,Walkiria Nunes,CO_ORIENTADOR,NAO
2012,ORIENTACAO-DE-OUTRA-NATUREZA,Universidade do Estado de Santa Catarina,Artes Cênicas,Vanessa Garcia Civiero,CO_ORIENTADOR,NAO
2012,ORIENTACAO-DE-OUTRA-NATUREZA,Universidade do Estado de Santa Catarina,Teatro,Silvana Búrigo,CO_ORIENTADOR,NAO
2012,ORIENTACAO-DE-OUTRA-NATUREZA,Universidade do Estado de Santa Catarina,Teatro,Júlia Oliveira,CO_ORIENTADOR,NAO
2012,ORIENTACAO-DE-OUTRA-NATUREZA,Universidade do Estado de Santa Catarina,Teatro,Júlia Oliveira,CO_ORIENTADOR,NAO
2014,ORIENTACAO-DE-OUTRA-NATUREZA,Universidade Federal da Grande Dourados,Artes Cênicas,Vanessa Lopes Ribeiro,CO_ORIENTADOR,NAO
2014,ORIENTACAO-DE-OUTRA-NATUREZA,Universidade Federal da Grande Dourados,Artes Cênicas,Mateus Rocha Ferreira,CO_ORIENTADOR,NAO
2014,ORIENTACAO-DE-OUTRA-NATUREZA,Universidade Federal da Grande Dourados,Artes Cênicas,Maria Alice Carolino,CO_ORIENTADOR,NAO
2014,ORIENTACAO-DE-OUTRA-NATUREZA,Universidade Federal da Grande Dourados,Artes Cênicas,Gracielle Aparecida Francisco Silva,CO_ORIENTADOR,NAO
2014,ORIENTACAO-DE-OUTRA-NATUREZA,Universidade Federal da Grande Dourados,Artes Cênicas,Evellyn Carvalho de Almeida,CO_ORIENTADOR,NAO
2014,ORIENTACAO-DE-OUTRA-NATUREZA,Universidade Federal da Grande Dourados,Artes Cênicas,Elisangela Cristina Nardez,CO_ORIENTADOR,NAO
2014,ORIENTACAO-DE-OUTRA-NATUREZA,Universidade Federal da Grande Dourados,Artes Cênicas,Cloenice Theodoro de Alencar Serafim,CO_ORIENTADOR,NAO
2014,TRABALHO_DE_CONCLUSAO_DE_CURSO_GRADUACAO,Universidade Federal da Grande Dourados,Abi - Artes Cênicas,Denise Grativol Neves,CO_ORIENTADOR,NAO
2014,INICIACAO_CIENTIFICA,Universidade Federal da Grande Dourados,Abi - Artes Cênicas,Aline Maria Reginato,CO_ORIENTADOR,SIM
2015,MONOGRAFIA_DE_CONCLUSAO_DE_CURSO_APERFEICOAMENTO_E_ESPECIALIZACAO,Universidade Federal da Grande Dourados,Artes Cênicas,Katielly Edvânia Firmino de Oliveira,CO_ORIENTADOR,NAO
2015,INICIACAO_CIENTIFICA,Universidade Federal da Grande Dourados,Abi - Artes Cênicas,Cassia Costa Ferreira,CO_ORIENTADOR,SIM
2016,INICIACAO_CIENTIFICA,Universidade Federal da Grande Dourados,Abi - Artes Cênicas,Aline Reginato,CO_ORIENTADOR,SIM
2015,INICIACAO_CIENTIFICA,Universidade Federal da Grande Dourados,Abi - Artes Cênicas,André Luiz Khun,CO_ORIENTADOR,SIM
2017,INICIACAO_CIENTIFICA,Universidade Federal da Grande Dourados,Abi - Artes Cênicas,Eric Vagner Serafim de Souza,CO_ORIENTADOR,SIM
2016,ORIENTACAO-DE-OUTRA-NATUREZA,Universidade Federal da Grande Dourados,Abi - Artes Cênicas,Ana Cláudia Sintra,CO_ORIENTADOR,NAO
2016,ORIENTACAO-DE-OUTRA-NATUREZA,Universidade Federal da Grande Dourados,Abi - Artes Cênicas,Tábita Oliveira Leite,CO_ORIENTADOR,NAO
2016,ORIENTACAO-DE-OUTRA-NATUREZA,Universidade Federal da Grande Dourados,Abi - Artes Cênicas,JANAINA ALVES DA CRUZ,CO_ORIENTADOR,NAO
2017,ORIENTACAO-DE-OUTRA-NATUREZA,Universidade Federal da Grande Dourados,Abi - Artes Cênicas,Guilherme Santos Lem,CO_ORIENTADOR,SIM
2017,ORIENTACAO-DE-OUTRA-NATUREZA,Universidade Federal da Grande Dourados,Abi - Artes Cênicas,Ana Paula Galdino,CO_ORIENTADOR,NAO
2017,ORIENTACAO-DE-OUTRA-NATUREZA,Universidade Federal da Grande Dourados,Abi - Artes Cênicas,Eric Vagner Serafim de Souza,CO_ORIENTADOR,NAO
2017,ORIENTACAO-DE-OUTRA-NATUREZA,Universidade Federal da Grande Dourados,Abi - Artes Cênicas,Crislayne Rodrigues Silva,CO_ORIENTADOR,NAO
2017,ORIENTACAO-DE-OUTRA-NATUREZA,Universidade Federal da Grande Dourados,Abi - Artes Cênicas,Érick Nascimento Borges,CO_ORIENTADOR,NAO
2017,ORIENTACAO-DE-OUTRA-NATUREZA,Universidade Federal da Grande Dourados,Abi - Artes Cênicas,Fernanda de Souza Barros,CO_ORIENTADOR,NAO
2017,ORIENTACAO-DE-OUTRA-NATUREZA,Universidade Federal da Grande Dourados,Abi - Artes Cênicas,Alexandre Luiz Porto Junior,CO_ORIENTADOR,NAO
2017,ORIENTACAO-DE-OUTRA-NATUREZA,Universidade Federal da Grande Dourados,Abi - Artes Cênicas,Fernanda Fernandes Ferreira,CO_ORIENTADOR,NAO
2017,ORIENTACAO-DE-OUTRA-NATUREZA,Universidade Federal da Grande Dourados,Abi - Artes Cênicas,Bianca Marchetto,CO_ORIENTADOR,NAO
2018,INICIACAO_CIENTIFICA,Universidade Federal da Grande Dourados,Abi - Artes Cênicas,Eric Vagner Serafim,CO_ORIENTADOR,SIM
2019,INICIACAO_CIENTIFICA,Universidade Federal da Grande Dourados,Abi - Artes Cênicas,Eric Vagner Serafim,CO_ORIENTADOR,SIM
2019,INICIACAO_CIENTIFICA,Universidade Federal da Grande Dourados,Abi - Artes Cênicas,Giovanna Xavier Lavagnoli,CO_ORIENTADOR,SIM
2019,INICIACAO_CIENTIFICA,Universidade Federal da Grande Dourados,Abi - Artes Cênicas,Giovanna Xavier Lavagnoli,CO_ORIENTADOR,SIM
2019,INICIACAO_CIENTIFICA,Universidade Federal da Grande Dourados,Abi - Artes Cênicas,Laura Silveira Castilho,CO_ORIENTADOR,SIM
2020,INICIACAO_CIENTIFICA,Universidade Federal da Grande Dourados,Abi - Artes Cênicas,Geovanna Salvino de Lima,CO_ORIENTADOR,SIM
2019,TRABALHO_DE_CONCLUSAO_DE_CURSO_GRADUACAO,Universidade Federal da Grande Dourados,Abi - Artes Cênicas,Muriel Siqueira Rosa,CO_ORIENTADOR,NAO
2019,ORIENTACAO-DE-OUTRA-NATUREZA,Universidade Federal da Grande Dourados,Abi - Artes Cênicas,Maíra de Andrade Bambil,CO_ORIENTADOR,NAO
2019,ORIENTACAO-DE-OUTRA-NATUREZA,Universidade Federal da Grande Dourados,Abi - Artes Cênicas,Marco Aurélio Poli Dolci,CO_ORIENTADOR,NAO
2019,ORIENTACAO-DE-OUTRA-NATUREZA,Universidade Federal da Grande Dourados,Abi - Artes Cênicas,Maria Fernanda Costa,CO_ORIENTADOR,NAO
2019,ORIENTACAO-DE-OUTRA-NATUREZA,Universidade Federal da Grande Dourados,Abi - Artes Cênicas,Cintia Miranda dos Santos,CO_ORIENTADOR,NAO
2019,ORIENTACAO-DE-OUTRA-NATUREZA,Universidade Federal da Grande Dourados,Abi - Artes Cênicas,Marcos Roberto Morali Marin,CO_ORIENTADOR,NAO
2019,ORIENTACAO-DE-OUTRA-NATUREZA,Universidade Federal da Grande Dourados,Abi - Artes Cênicas,Érica Rodrigues Pavão,CO_ORIENTADOR,NAO
2019,ORIENTACAO-DE-OUTRA-NATUREZA,Universidade Federal da Grande Dourados,Abi - Artes Cênicas,Leandro Da Silva Stefaneli,CO_ORIENTADOR,NAO
2019,ORIENTACAO-DE-OUTRA-NATUREZA,Universidade Federal da Grande Dourados,Abi - Artes Cênicas,Alan Aguiar Silva,CO_ORIENTADOR,NAO
2019,ORIENTACAO-DE-OUTRA-NATUREZA,Universidade Federal da Grande Dourados,Abi - Artes Cênicas,Márcia de Paula Vargas Rodrigues Gomes,CO_ORIENTADOR,NAO
2019,ORIENTACAO-DE-OUTRA-NATUREZA,Universidade Federal da Grande Dourados,Abi - Artes Cênicas,NATÁLIA TORRES MAZARIM,CO_ORIENTADOR,NAO
2020,INICIACAO_CIENTIFICA,Universidade Federal da Grande Dourados,Abi - Artes Cênicas,Anderson Souza dos Anjos,CO_ORIENTADOR,SIM
2021,INICIACAO_CIENTIFICA,Universidade Federal da Grande Dourados,Abi - Artes Cênicas,Carlos Eduardo Soares Cordeiro,CO_ORIENTADOR,SIM
2020,ORIENTACAO-DE-OUTRA-NATUREZA,Universidade Federal da Grande Dourados,Abi - Artes Cênicas,Jonathas Fernando Perrenoud,CO_ORIENTADOR,SIM
2020,INICIACAO_CIENTIFICA,Universidade Federal da Grande Dourados,Abi - Artes Cênicas,Carlos Eduardo Soares Cordeiro,CO_ORIENTADOR,SIM
2021,INICIACAO_CIENTIFICA,Universidade Federal da Grande Dourados,Abi - Artes Cênicas,Daisy Vitório de Oliveira e Silva,CO_ORIENTADOR,NAO
2021,ORIENTACAO-DE-OUTRA-NATUREZA,Universidade Federal da Grande Dourados,Abi - Artes Cênicas,Sabrina Oliveira Tavares da Silva,CO_ORIENTADOR,SIM
2021,INICIACAO_CIENTIFICA,E.E. Luiz Carlos Sampaio,Ensino Medio,Luanna Beatriz Vieira Xavier,CO_ORIENTADOR,SIM
2021,INICIACAO_CIENTIFICA,E. E. Cleuza Aparecida Vargas Galhardo,Ensino Medio,Fernanda Loise Brandão Clauz,CO_ORIENTADOR,SIM
2021,INICIACAO_CIENTIFICA,Universidade Federal da Grande Dourados,Abi - Artes Cênicas,JONATHAS FERNANDO PERRENOUD LINDOLPHO,CO_ORIENTADOR,SIM
2021,INICIACAO_CIENTIFICA,Universidade Federal da Grande Dourados,Abi - Artes Cênicas,Sabrina Oliveira Tavares da Silva,CO_ORIENTADOR,SIM
