YEAR,NATURE,INSTITUTION,COURSE,STUDENT,TYPE,SPONSOR
2020,Dissertação de mestrado,Universidade Federal do ABC,Ciências Humanas e Sociais,Bianca Ferrari,CO_ORIENTADOR,NAO
2009,TRABALHO_DE_CONCLUSAO_DE_CURSO_GRADUACAO,Centro Universitário Belas Artes de São Paulo,Comunicação Social - RTV,Luana Cordeiro Martins e Soraya Naldi Pelisson,CO_ORIENTADOR,NAO
2010,TRABALHO_DE_CONCLUSAO_DE_CURSO_GRADUACAO,Centro Universitário Belas Artes de São Paulo,Comunicação Social - RTV,Rafael Veiga Gonçalves,CO_ORIENTADOR,NAO
2010,TRABALHO_DE_CONCLUSAO_DE_CURSO_GRADUACAO,Centro Universitário Belas Artes de São Paulo,Comunicação Social - RTV,Raron de Barros Lima Moura,CO_ORIENTADOR,NAO
2010,TRABALHO_DE_CONCLUSAO_DE_CURSO_GRADUACAO,Centro Universitário Belas Artes de São Paulo,Comunicação Social - RTV,Dyn Yamamuchi e Ricardo Zamur,CO_ORIENTADOR,NAO
2010,TRABALHO_DE_CONCLUSAO_DE_CURSO_GRADUACAO,Centro Universitário Belas Artes de São Paulo,Comunicação Social - RTV,Camila Bohn e Solange Ortona,CO_ORIENTADOR,NAO
2010,TRABALHO_DE_CONCLUSAO_DE_CURSO_GRADUACAO,Centro Universitário Belas Artes de São Paulo,Comunicação Social - RTV,Karine Bueno e Daniele Dantas,CO_ORIENTADOR,NAO
2010,TRABALHO_DE_CONCLUSAO_DE_CURSO_GRADUACAO,Centro Universitário Belas Artes de São Paulo,Comunicação Social - RTV,Ricardo Castro,CO_ORIENTADOR,NAO
2008,TRABALHO_DE_CONCLUSAO_DE_CURSO_GRADUACAO,Centro Universitário Belas Artes de São Paulo,Comunicação Social - RTV,Carolina Gafe Von Gal / Juliana Avelino Cortez,CO_ORIENTADOR,NAO
2011,TRABALHO_DE_CONCLUSAO_DE_CURSO_GRADUACAO,Centro Universitário Belas Artes de São Paulo,Comunicação Social - RTV,Valter Rege,CO_ORIENTADOR,NAO
2012,TRABALHO_DE_CONCLUSAO_DE_CURSO_GRADUACAO,Centro Universitário Belas Artes de São Paulo,Comunicação Social - Radialismo (Rádio e Tv),Ana Carolina da Motta,CO_ORIENTADOR,NAO
2014,INICIACAO_CIENTIFICA,Centro Universitário Belas Artes de São Paulo,Comunicação Social - Radialismo (Rádio e Tv),Nayara Prochnau,CO_ORIENTADOR,NAO
2012,TRABALHO_DE_CONCLUSAO_DE_CURSO_GRADUACAO,Centro Universitário Belas Artes de São Paulo,Comunicação Social - Radialismo (Rádio e Tv),Priscila Neves Soares,CO_ORIENTADOR,NAO
2018,TRABALHO_DE_CONCLUSAO_DE_CURSO_GRADUACAO,Universidade Estadual do Paraná,Artes Cênicas - Bacharelado,Ayesla Cristhine Fabian,CO_ORIENTADOR,NAO
2018,TRABALHO_DE_CONCLUSAO_DE_CURSO_GRADUACAO,Universidade Estadual do Paraná,Artes Cênicas - Bacharelado,Vinícius Medeiros dos Santos,CO_ORIENTADOR,NAO
2019,TRABALHO_DE_CONCLUSAO_DE_CURSO_GRADUACAO,Universidade Estadual do Paraná,Artes Cênicas - Bacharelado,"Maria Gabriela Reis, Mariana Alher, Thaisa Grossmann, Nádia",CO_ORIENTADOR,NAO
2019,TRABALHO_DE_CONCLUSAO_DE_CURSO_GRADUACAO,Universidade Estadual do Paraná,Artes Cênicas - Bacharelado,Maria Gabriela dos Reis Ferreira,CO_ORIENTADOR,NAO
2019,TRABALHO_DE_CONCLUSAO_DE_CURSO_GRADUACAO,Universidade Estadual do Paraná,Artes Cênicas - Bacharelado,"Thaísa Grossmann, Gabriela Reis,Mariana Alher e Nádia Petros",CO_ORIENTADOR,NAO
2020,INICIACAO_CIENTIFICA,Centro Universitário Belas Artes de São Paulo,Licenciatura em Artes,Giovanna Bueno,CO_ORIENTADOR,NAO
2020,TRABALHO_DE_CONCLUSAO_DE_CURSO_GRADUACAO,Universidade Estadual do ParanÃ¡,Licenciatura em Teatro,carlos canarin,CO_ORIENTADOR,NAO
2009,TRABALHO_DE_CONCLUSAO_DE_CURSO_GRADUACAO,Centro Universitário Belas Artes de São Paulo,Comunicação Social - RTV,Thais Alexandra de Souza e Suzana Izabel de Abreu Pimenta,CO_ORIENTADOR,NAO
