YEAR,NATURE,INSTITUTION,COURSE,STUDENT,TYPE,SPONSOR
2016,Dissertação de mestrado,Universidade Federal de Ouro Preto,Mestrado em Artes Cênicas,Nieve Matos da Silva,ORIENTADOR_PRINCIPAL,SIM
2017,Dissertação de mestrado,Universidade Federal de Ouro Preto,Mestrado em Artes Cênicas,Letícia Gouveia Issene,ORIENTADOR_PRINCIPAL,SIM
2019,Dissertação de mestrado,Universidade Federal de São João Del-Rei,Artes Cênicas,Ellen da Silva Rodrigues,ORIENTADOR_PRINCIPAL,NAO
2019,Dissertação de mestrado,Universidade Federal de São João Del-Rei,Artes Cênicas,Luiz Antonio Souza Campos,ORIENTADOR_PRINCIPAL,NAO
2021,Dissertação de mestrado,Universidade Federal de São João Del-Rei,Artes Cênicas,Bruno Maciel Souza,ORIENTADOR_PRINCIPAL,SIM
2022,Dissertação de mestrado,Universidade Federal de São João Del-Rei,Artes Cênicas,Priscila de Souza Chagas do Nascimento,ORIENTADOR_PRINCIPAL,SIM
2017,Dissertação de mestrado,Universidade Federal de Ouro Preto,Artes Cênicas,Gustavo Moreira Alves,ORIENTADOR_PRINCIPAL,SIM
2007,TRABALHO_DE_CONCLUSAO_DE_CURSO_GRADUACAO,Universidade Federal de Ouro Preto,Artes Cênicas,Josyanne Martins Gomes,CO_ORIENTADOR,NAO
2007,TRABALHO_DE_CONCLUSAO_DE_CURSO_GRADUACAO,Universidade Federal de Ouro Preto,Artes Cênicas,Josyanne Martins Gomes,CO_ORIENTADOR,NAO
2007,TRABALHO_DE_CONCLUSAO_DE_CURSO_GRADUACAO,Universidade Federal de Ouro Preto,Artes Cênicas,Pamella Scheffer Correia,CO_ORIENTADOR,NAO
2007,TRABALHO_DE_CONCLUSAO_DE_CURSO_GRADUACAO,Universidade Federal de Ouro Preto,Artes Cênicas,Carolina Fescina,CO_ORIENTADOR,NAO
2007,TRABALHO_DE_CONCLUSAO_DE_CURSO_GRADUACAO,Universidade Federal de Ouro Preto,Artes Cênicas,Fernanda Nunes Kyiomen,CO_ORIENTADOR,NAO
2007,TRABALHO_DE_CONCLUSAO_DE_CURSO_GRADUACAO,Universidade Federal de Ouro Preto,Artes Cênicas,Vanessa Biffon,CO_ORIENTADOR,NAO
2008,TRABALHO_DE_CONCLUSAO_DE_CURSO_GRADUACAO,Universidade Federal de Ouro Preto,Artes Cênicas,Vanessa Biffon,CO_ORIENTADOR,SIM
2008,TRABALHO_DE_CONCLUSAO_DE_CURSO_GRADUACAO,Universidade Federal de Ouro Preto,Artes Cênicas,Douglas Garcia,CO_ORIENTADOR,NAO
2012,INICIACAO_CIENTIFICA,Universidade Federal de Ouro Preto,Arquitetura e Urbanismo,Maurício Teixeira Guimarães Filho,CO_ORIENTADOR,NAO
2012,INICIACAO_CIENTIFICA,Universidade Federal de Ouro Preto,Artes Cênicas,Letícia Gouveia Issene,CO_ORIENTADOR,NAO
2013,INICIACAO_CIENTIFICA,Universidade Federal de Ouro Preto,Arquitetura e Urbanismo,Maurício Teixeira Guimarães Filho,CO_ORIENTADOR,SIM
2013,INICIACAO_CIENTIFICA,Universidade Federal de Ouro Preto,Artes Cênicas,Flaviane Flores Vieira de Magalhães,CO_ORIENTADOR,SIM
2013,INICIACAO_CIENTIFICA,Universidade Federal de Ouro Preto,Artes Cênicas,Letícia Gouveia Issene,CO_ORIENTADOR,SIM
2013,ORIENTACAO-DE-OUTRA-NATUREZA,Universidade Federal de Ouro Preto,Arquitetura e Urbanismo,Ana Laura Vilela Alves Neves,CO_ORIENTADOR,SIM
2013,ORIENTACAO-DE-OUTRA-NATUREZA,Universidade Federal de Ouro Preto,Arquitetura e Urbanismo,Ana Paula Rodrigues de Medeiros,CO_ORIENTADOR,SIM
2013,ORIENTACAO-DE-OUTRA-NATUREZA,Universidade Federal de Ouro Preto,Arquitetura e Urbanismo,Brenda de Oliveira Sampaio,CO_ORIENTADOR,SIM
2014,INICIACAO_CIENTIFICA,Universidade Federal de Ouro Preto,Artes Cênicas,Everton da Silva José,CO_ORIENTADOR,SIM
2013,TRABALHO_DE_CONCLUSAO_DE_CURSO_GRADUACAO,Universidade Federal de Ouro Preto,Artes Cênicas,Drielly Sofia Martins,CO_ORIENTADOR,NAO
2013,TRABALHO_DE_CONCLUSAO_DE_CURSO_GRADUACAO,Universidade Federal de Ouro Preto,Artes Cênicas,Flaviane Flores Vieira de Magalhães,CO_ORIENTADOR,NAO
2013,TRABALHO_DE_CONCLUSAO_DE_CURSO_GRADUACAO,Universidade Federal de Ouro Preto,Artes Cênicas,Letícia Gouveia Issene,CO_ORIENTADOR,NAO
2013,TRABALHO_DE_CONCLUSAO_DE_CURSO_GRADUACAO,Universidade Federal de Ouro Preto,Artes Cênicas,Natália Macedo Rodrigues Aniceto,CO_ORIENTADOR,NAO
2014,TRABALHO_DE_CONCLUSAO_DE_CURSO_GRADUACAO,Universidade Federal de Ouro Preto,Artes Cênicas,Letícia Gouveia Issene,CO_ORIENTADOR,NAO
2014,TRABALHO_DE_CONCLUSAO_DE_CURSO_GRADUACAO,Universidade Federal de Ouro Preto,Artes Cênicas,Flaviane Flores Vieira de Magalhães,CO_ORIENTADOR,NAO
2013,ORIENTACAO-DE-OUTRA-NATUREZA,Universidade Federal de Ouro Preto,Artes Cênicas,Willian Cesar Eulalio,CO_ORIENTADOR,SIM
2014,ORIENTACAO-DE-OUTRA-NATUREZA,Universidade Federal de Ouro Preto,Artes Cênicas,Willian Cesar Eulalio,CO_ORIENTADOR,SIM
2013,ORIENTACAO-DE-OUTRA-NATUREZA,Universidade Federal de Ouro Preto,Artes Cênicas,Anderson Aparecido Barbosa,CO_ORIENTADOR,SIM
2014,ORIENTACAO-DE-OUTRA-NATUREZA,Universidade Federal de Ouro Preto,Artes Cênicas,Anderson Aparecido Barbosa,CO_ORIENTADOR,SIM
2013,ORIENTACAO-DE-OUTRA-NATUREZA,Universidade Federal de Ouro Preto,Artes Cênicas,Leonardo Oliveira Faria,CO_ORIENTADOR,SIM
2012,ORIENTACAO-DE-OUTRA-NATUREZA,Universidade Federal de Ouro Preto,Artes Cênicas,Francisco Marques Minervino Camargo,CO_ORIENTADOR,SIM
2014,ORIENTACAO-DE-OUTRA-NATUREZA,Universidade Federal de Ouro Preto,Artes Cênicas,Mauronildo Rocha dos Santos,CO_ORIENTADOR,NAO
2014,ORIENTACAO-DE-OUTRA-NATUREZA,Universidade Federal de Ouro Preto,Artes Cênicas,Pedro Gaban Petindá Moreira,CO_ORIENTADOR,NAO
2014,MONOGRAFIA_DE_CONCLUSAO_DE_CURSO_APERFEICOAMENTO_E_ESPECIALIZACAO,Universidade Federal de Ouro Preto,Cultura e Arte Barroca,Camila Conceição Vinhas da Cunha,CO_ORIENTADOR,NAO
2015,INICIACAO_CIENTIFICA,Universidade Federal de São João Del-Rei,Comunicação Social - Jornalismo,Priscila Natany Resende,CO_ORIENTADOR,SIM
2015,TRABALHO_DE_CONCLUSAO_DE_CURSO_GRADUACAO,Universidade Federal de São João Del-Rei,Teatro,Nathalie Moreira de Oliveira,CO_ORIENTADOR,NAO
2015,TRABALHO_DE_CONCLUSAO_DE_CURSO_GRADUACAO,Universidade Federal de São João Del-Rei,Teatro,Joyce Natalia Batista Lopes,CO_ORIENTADOR,NAO
2015,ORIENTACAO-DE-OUTRA-NATUREZA,Universidade Federal de São João Del-Rei,História,Saulo José Silva,CO_ORIENTADOR,SIM
2015,TRABALHO_DE_CONCLUSAO_DE_CURSO_GRADUACAO,Universidade Federal de São João Del-Rei,Teatro,Samuel Gianasi Rodrigues,CO_ORIENTADOR,NAO
2015,MONOGRAFIA_DE_CONCLUSAO_DE_CURSO_APERFEICOAMENTO_E_ESPECIALIZACAO,Universidade Federal de São João Del-Rei,Práticas de Letramento e Alfabetização,Alyne Soares Amaral,CO_ORIENTADOR,NAO
2015,MONOGRAFIA_DE_CONCLUSAO_DE_CURSO_APERFEICOAMENTO_E_ESPECIALIZACAO,Universidade Federal de São João Del-Rei,Práticas de Letramento e Alfabetização,Maria Eliana de Paula Oliveira,CO_ORIENTADOR,NAO
2015,MONOGRAFIA_DE_CONCLUSAO_DE_CURSO_APERFEICOAMENTO_E_ESPECIALIZACAO,Universidade Federal de São João Del-Rei,Práticas de Letramento e Alfabetização,Letusa Roberta Rodrigues,CO_ORIENTADOR,NAO
2015,MONOGRAFIA_DE_CONCLUSAO_DE_CURSO_APERFEICOAMENTO_E_ESPECIALIZACAO,Universidade Federal de São João Del-Rei,Práticas de Letramento e Alfabetização,Verônica de Cássia Dias,CO_ORIENTADOR,NAO
2015,MONOGRAFIA_DE_CONCLUSAO_DE_CURSO_APERFEICOAMENTO_E_ESPECIALIZACAO,Universidade Federal de São João Del-Rei,Práticas de Letramento e Alfabetização,Wilma Aparecida Trenk,CO_ORIENTADOR,NAO
2017,INICIACAO_CIENTIFICA,Universidade Federal de São João Del-Rei,História,Saulo José Silva,CO_ORIENTADOR,SIM
2015,MONOGRAFIA_DE_CONCLUSAO_DE_CURSO_APERFEICOAMENTO_E_ESPECIALIZACAO,Universidade Federal de São João Del-Rei,Práticas de Letramento e Alfabetização,Luzia Irene da Silva de Lima,CO_ORIENTADOR,NAO
2015,MONOGRAFIA_DE_CONCLUSAO_DE_CURSO_APERFEICOAMENTO_E_ESPECIALIZACAO,Universidade Federal de São João Del-Rei,Práticas de Letramento e Alfabetização,Eliamar Conceição Barbosa Amaral,CO_ORIENTADOR,NAO
2015,MONOGRAFIA_DE_CONCLUSAO_DE_CURSO_APERFEICOAMENTO_E_ESPECIALIZACAO,Universidade Federal de São João Del-Rei,Práticas de Letramento e Alfabetização,Sara Regina Paiva Vianna,CO_ORIENTADOR,NAO
2015,MONOGRAFIA_DE_CONCLUSAO_DE_CURSO_APERFEICOAMENTO_E_ESPECIALIZACAO,Universidade Federal de São João Del-Rei,Práticas de Letramento e Alfabetização,Danielle Osti Ferreira,CO_ORIENTADOR,NAO
2015,MONOGRAFIA_DE_CONCLUSAO_DE_CURSO_APERFEICOAMENTO_E_ESPECIALIZACAO,Universidade Federal de São João Del-Rei,Práticas de Letramento e Alfabetização,Elisete Proença Kocks,CO_ORIENTADOR,NAO
2016,ORIENTACAO-DE-OUTRA-NATUREZA,Universidade Federal de São João Del-Rei,Teatro,Samuel Leal,CO_ORIENTADOR,SIM
2016,TRABALHO_DE_CONCLUSAO_DE_CURSO_GRADUACAO,Universidade Federal de São João Del-Rei,Teatro,Ricardo Pereira Fidelis,CO_ORIENTADOR,NAO
2017,INICIACAO_CIENTIFICA,Universidade Federal de São João Del-Rei,Teatro,Isabela Francisconi,CO_ORIENTADOR,SIM
2016,ORIENTACAO-DE-OUTRA-NATUREZA,Universidade Federal de São João Del-Rei,Teatro,Roger Ferreira Xavier,CO_ORIENTADOR,SIM
2017,INICIACAO_CIENTIFICA,Universidade Federal de São João Del-Rei,Teatro,Beatriz Valquíria Ribeiro,CO_ORIENTADOR,SIM
2017,INICIACAO_CIENTIFICA,Universidade Federal de São João Del-Rei,Teatro,Mariana Scarpelli de Carvalho,CO_ORIENTADOR,SIM
2019,INICIACAO_CIENTIFICA,Universidade Federal de São João Del-Rei,Teatro,Isabela Francisconi,CO_ORIENTADOR,SIM
2018,ORIENTACAO-DE-OUTRA-NATUREZA,Universidade Federal de São João Del-Rei,Teatro,Fernanda Junqueira de Souza Silveira,CO_ORIENTADOR,SIM
2018,ORIENTACAO-DE-OUTRA-NATUREZA,Universidade Federal de São João Del-Rei,Teatro,Beatriz Freitas Nitoli Leme,CO_ORIENTADOR,SIM
2020,INICIACAO_CIENTIFICA,Universidade Federal de São João Del-Rei,Teatro,Laura de Paula Resende,CO_ORIENTADOR,SIM
2020,INICIACAO_CIENTIFICA,Universidade Federal de São João Del-Rei,Teatro,Bruna Guimarães Lima e Silva,CO_ORIENTADOR,SIM
2021,ORIENTACAO-DE-OUTRA-NATUREZA,Universidade Federal de São João Del-Rei,Teatro,Fernanda Junqueira de Souza Silveira,CO_ORIENTADOR,SIM
2019,ORIENTACAO-DE-OUTRA-NATUREZA,Universidade Federal de São João Del-Rei,Teatro,Fernanda de Faria Fontes,CO_ORIENTADOR,SIM
2019,TRABALHO_DE_CONCLUSAO_DE_CURSO_GRADUACAO,Universidade Federal de São João Del-Rei,Teatro,Fernanda Junqueira de Souza Silveira,CO_ORIENTADOR,NAO
2020,TRABALHO_DE_CONCLUSAO_DE_CURSO_GRADUACAO,Universidade Federal de São João Del-Rei,Teatro,Geraldo Saldanha Espíndola,CO_ORIENTADOR,NAO
2020,ORIENTACAO-DE-OUTRA-NATUREZA,Universidade Federal de São João Del-Rei,Teatro,Bruno de Paula Silva,CO_ORIENTADOR,SIM
2020,ORIENTACAO-DE-OUTRA-NATUREZA,Universidade Federal de São João Del-Rei,Comunicação Social - Jornalismo,Alícia Frota de Souza Antonioli,CO_ORIENTADOR,NAO
2020,ORIENTACAO-DE-OUTRA-NATUREZA,Universidade Federal de São João Del-Rei,Ciência da Computação,Avner Maximiliano de Paulo,CO_ORIENTADOR,SIM
2020,ORIENTACAO-DE-OUTRA-NATUREZA,Universidade Federal de São João Del-Rei,Teatro,Bruna Guimarães Lima e Silva,CO_ORIENTADOR,SIM
2020,ORIENTACAO-DE-OUTRA-NATUREZA,Universidade Federal de São João Del-Rei,Teatro,Matheus Cunha Rodrigues,CO_ORIENTADOR,SIM
2020,ORIENTACAO-DE-OUTRA-NATUREZA,Universidade Federal de São João Del-Rei,Teatro,Hadrien Nogueira Ribeiro,CO_ORIENTADOR,SIM
2020,ORIENTACAO-DE-OUTRA-NATUREZA,Universidade Federal de São João Del-Rei,Comunicação Social - Jornalismo,Arthur Cesar do Vale Dias,CO_ORIENTADOR,SIM
2020,ORIENTACAO-DE-OUTRA-NATUREZA,Universidade Federal de São João Del-Rei,Teatro,Maria Esther Mendes Margarida,CO_ORIENTADOR,SIM
2021,INICIACAO_CIENTIFICA,Universidade Federal de São João Del-Rei,Teatro,Isabela Francisconi,CO_ORIENTADOR,SIM
2021,INICIACAO_CIENTIFICA,Universidade Federal de São João Del-Rei,Teatro,Hericles Gomes de Araújo,CO_ORIENTADOR,SIM
2020,INICIACAO_CIENTIFICA,Universidade Federal de São João Del-Rei,Teatro,Isabela Francisconi,CO_ORIENTADOR,SIM
2021,INICIACAO_CIENTIFICA,Universidade Federal de São João Del-Rei,Arquitetura e Urbanismo,Vitória Rosa Vieira,CO_ORIENTADOR,SIM
2021,ORIENTACAO-DE-OUTRA-NATUREZA,Universidade Federal de São João Del-Rei,Ciência da Computação,Avner Maximiliano de Paulo,CO_ORIENTADOR,SIM
2021,ORIENTACAO-DE-OUTRA-NATUREZA,Universidade Federal de São João Del-Rei,Teatro,Bruna Guimarães Lima e Silva,CO_ORIENTADOR,SIM
2022,INICIACAO_CIENTIFICA,Universidade Federal de São João Del-Rei,Teatro,Victor de Ávila Todaro,CO_ORIENTADOR,SIM
2021,ORIENTACAO-DE-OUTRA-NATUREZA,Universidade Federal de São João Del-Rei,Arquitetura e Urbanismo,Felipe Pereira SantAnna,CO_ORIENTADOR,SIM
2020,ORIENTACAO-DE-OUTRA-NATUREZA,Universidade Federal de São João Del-Rei,Comunicação Social - Jornalismo,Alícia Frota de Souza Antonioli,CO_ORIENTADOR,SIM
2020,ORIENTACAO-DE-OUTRA-NATUREZA,Universidade Federal de São João Del-Rei,Teatro,Fernanda Junqueira de Souza Silveira,CO_ORIENTADOR,SIM
2020,ORIENTACAO-DE-OUTRA-NATUREZA,Universidade Federal de São João Del-Rei,Teatro,Graciana Regina da Silva,CO_ORIENTADOR,SIM
2022,ORIENTACAO-DE-OUTRA-NATUREZA,Universidade Federal de São João Del-Rei,Teatro,Beatriz Freitas Nitoli Leme,CO_ORIENTADOR,SIM
2021,TRABALHO_DE_CONCLUSAO_DE_CURSO_GRADUACAO,Universidade Federal de São João Del-Rei,Teatro,Fernanda Junqueira de Souza Silveira,CO_ORIENTADOR,NAO
