TITLE,YEAR,DOI,LANG,JOURNAL,QUALIS,ISSN,AUTHOR,ORDER,ORDER_OK,JCR
Mathematical Model of The CA1 Region of the Rat Hippocampus,1998,10.1088/0031-9155/43/9/014,Inglês,Physics in Medicine and Biology (Print),A2,0031-9155,"['Antônio-Carlos Guimarães de Almeida', 'Vera Maura Fernandes de Lima', 'Antonio Fernando Catelli Infantosi']","['1', '2', '3']",['1'],-99
Observations on the Onset end Propagation of Excitation Waves in Neural Tissue,1998,10.1142/S0218127498001182,Inglês,International Journal of Bifurcation and Chaos in Applied Sciences and Engineering,B1,0218-1274,"['Markus Goldermann', 'Wolfgang Hanke', 'Antônio-Carlos Guimarães de Almeida', 'Vera Maura Fernandes de Lima']","['1', '2', '3', '4']",['3'],-99
Distribution of Gap Junction in the Chicken Retina,1998,,Inglês,Journal of Brain Research-Journal Für Hirnforschung,XX,0944-8160,"['Thomas Ladewig', 'Wolfgang Hanke', 'Markus Goldermann', 'Antônio-Carlos Guimarães de Almeida', 'Vera Maura Fernandes de Lima']","['1', '2', '3', '4', '5']",['4'],-99
Mathematical description of the ionic dynamic of neuronal tissues,2001,,Português,Revista Brasileira de Engenharia. Caderno de Engenharia Biomédica,XX,0102-2644,"['Hewerson Zansávio Teixeira', 'Antônio-Carlos Guimarães de Almeida', 'Antonio Fernando Catelli Infantosi', 'Antônio Márcio Rodrigues', 'Mario Antônio Duarte']","['1', '2', '3', '4', '5']",['2'],-99
Estudo da Técnica da Derivação da Fonte Aplicada a Sinais Eletroencefalográficos,1989,,Português,Revista Brasileira de Engenharia. Caderno de Engenharia Biomédica,XX,0102-2644,"['Antônio-Carlos Guimarães de Almeida', 'Antonio Fernando Catelli Infantosi']","['1', '2']",['1'],-99
Aplicação do Método de Derivação da Fonte no Mapeamento da Atividade Elétrica Cerebral,1990,,Português,Revista Brasileira de Engenharia. Caderno de Engenharia Biomédica,XX,0102-2644,"['Antônio-Carlos Guimarães de Almeida', 'Antonio Fernando Catelli Infantosi']","['1', '2']",['1'],-99
"Design, microfabrication and analysis of a microfluidic chamber for the perfusion of brain tissue slices",2003,10.1023/A:1024547413721,Inglês,Biomedical Microdevices,A3,1387-2176,"['Philippe Passeraub', 'Antônio-Carlos Guimarães de Almeida', 'Nitish V. Thakor']","['1', '2', '3']",['2'],2.327
Modeling extracellular space electrodiffusion during Leão´s spreading depression,2004,10.1109/TBME.2003.821010,Inglês,IEEE Transactions on Biomedical Engineering,A1,0018-9294,"['Antônio-Carlos Guimarães de Almeida', 'Hewerson Zansávio Teixeira', 'Antonio Fernando Catelli Infantosi', 'Mario Antônio Duarte']","['1', '2', '3', '4']",['1'],-99
Simulation of the effect of Na+ and Cl- on the velocity of spreading depression?s wave using a simplified electrochemicalmodel of synaptic terminals,2004,10.1088/1741-2560/1/2/007,Inglês,Journal of Neural Engineering,A2,1741-2560,"['Hewerson Zansávio Teixeira', 'Antônio-Carlos Guimarães de Almeida', 'Antonio Fernando Catelli Infantosi', 'Michelle Almeida Vasconcelos', 'Mario Antônio Duarte']","['1', '2', '3', '4', '5']",['2'],4.551
Functional imaging of the retinal layers by laser scattering: an approach for the study of Leão's spreading depression in intact tissue,2003,10.1016/S0165-0270(02)00346-1,Português,Journal of Neuroscience Methods,A3,0165-0270,"['Mario Antônio Duarte', 'Antônio-Carlos Guimarães de Almeida', 'Antonio Fernando Catelli Infantosi', 'José Wilson Bassani']","['1', '2', '3', '4']",['2'],-99
Model and simulation of Na+/K+ pump phosphorylation in the presence of palytoxin,2008,10.1016/j.compbiolchem.2007.08.001,Inglês,Computational Biology and Chemistry,A3,1476-9271,"['Antônio Márcio Rodrigues', 'Antônio-Carlos Guimarães de Almeida', 'Antonio Fernando Catelli Infantosi', 'Hewerson Zansávio Teixeira', 'Mario Antônio Duarte']","['1', '2', '3', '4', '5']",['2'],1.581
A microfabricated fluidic chamber for the perfusion of brain slices,2002,10.1109/IEMBS.2002.1053196,Inglês,"Engineering in Medicine and Biology, 2002. 24th Annual Conference and the Annual Fall Meeting of the Biomedical Engineering Society EMBS/BMES Conferen",XX,1094-687X,"['Philippe Passeraub', 'Antônio-Carlos Guimarães de Almeida', 'Nitish V. Thakor']","['1', '2', '3']",['2'],-99
Functional imaging of the retinal layers by laser scattering: An approach for study of spreading depression in intact tissue,2000,10.1109/IEMBS.2000.900617,Inglês,Annual International Conference of the IEEE Engineering in Medicine and Biology,XX,0589-1019,"['Mario Antônio Duarte', 'José Wilson Bassani', 'Antônio-Carlos Guimarães de Almeida']","['1', '2', '3']",['3'],-99
Topographic brain mapping of EEG signals after source derivation,1990,,Inglês,Annual International Conference of the IEEE Engineering in Medicine and Biology,XX,0589-1019,"['Antônio-Carlos Guimarães de Almeida', 'Antonio Fernando Catelli Infantosi']","['1', '2']",['1'],-99
NÃ­veis cardÃ­acos de troponina I em pacientes com epilepsia do lobo temporal refratÃ¡ria apÃ³s cortico-amÃ­gdalo-hipocampectomia,2007,10.1590/s1676-26492007000100003,Inglês,Journal of Epilepsy and Clinical Neurophysiology (Impresso),XX,1676-2649,"['Diego', 'Antônio-Carlos Guimarães de Almeida', 'Cristine Baldauf', 'Meire Argentoni-Baldochi', 'FÚLVIO ALEXANDRE SCORZA', 'Arthur Cukiert', 'Marly de Albuquerque', 'Wilna Klecia Lima Matos', 'RICARDO MARIO ARIDA', 'Esper Abrão Cavalheiro', 'Roberta Monterazzo Cysneiros', 'Aline Pansani']","['1', '1', '10', '11', '12', '2', '3', '4', '5', '6', '7', '8']",['1'],-99
Hibernating Mammals in Sudden Cardiac Death in Epilepsy: What Do They Tell Us?,2008,10.1016/j.mehy.2007.10.005,Português,Medical Hypotheses,A4,0306-9877,"['Diego', 'RICARDO MARIO ARIDA', 'Sérgio L. Cravo', 'Gus Schoorlemmer', 'Antônio-Carlos Guimarães de Almeida', 'Esper Abrão Cavalheiro', 'FÚLVIO ALEXANDRE SCORZA']","['1', '2', '3', '4', '5', '6', '7']",['5'],-99
NEUROPROTECTIVE ACTIVITY OF OMEGA-3 FATTY ACIDS AGAINST,2008,10.1016/j.yebeh.2008.01.001,Português,Epilepsy &amp; Behavior,A3,1525-5050,"['Danuza FERRARI', 'Roberta Monterazzo Cysneiros', 'CARLA ALESSANDRA SCORZA', 'RICARDO MARIO ARIDA', 'Esper Abrão Cavalheiro', 'Antônio-Carlos Guimarães de Almeida', 'FÚLVIO ALEXANDRE SCORZA']","['1', '2', '3', '4', '5', '6', '7']",['6'],-99
Identifying Essential Conditions for Refractoriness of Leão's Spreading Depression - Computational Modelling,2008,10.1016/j.compbiolchem.2008.03.011,Português,Computational Biology and Chemistry,A3,1476-9271,"['Hewerson Zansávio Teixeira', 'Antônio-Carlos Guimarães de Almeida', 'Antonio Fernando Catelli Infantosi', 'Antônio Márcio Rodrigues', 'Natália L Costa', 'Mario Antônio Duarte']","['1', '2', '3', '4', '5', '6']",['2'],1.581
A MICROCOMPUTER-BASED SYSTEM FOR MAPPING EEG,1990,10.1109/COLLOQ.1990.152787,Inglês,Proceedings of the IEEE,XX,0018-9219,"['Antonio Fernando Catelli Infantosi', 'Antônio-Carlos Guimarães de Almeida']","['1', '2']",['2'],-99
Mechanistic hypotheses for nonsynaptic epileptiform activity induction and its transition from the interictal to ictal state-Computational simulation,2008,10.1111/j.1528-1167.2008.01686.x,Inglês,Epilepsia (Copenhagen),XX,0013-9580,"['de Almeida, Antônio-Carlos G.', 'Rodrigues, Antônio M.', 'Scorza, Fúlvio A.', 'Cavalheiro, Esper A.', 'Teixeira, Hewerson Z.', 'Duarte, Mário A.', 'Silveira, Gilcélio A.', 'Arruda, Emerson Z.', 'Antônio-Carlos Guimarães de Almeida']","['1', '2', '3', '4', '5', '6', '7', '8', '9']",['9'],-99
Investigating the potassium interactions with the palytoxin induced channels in Na+/K+ pump,2009,10.1016/j.compbiolchem.2008.07.008,Inglês,Computational Biology and Chemistry,A3,1476-9271,"['RODRIGUES, A', 'ALMEIDA, A', 'INFANTOSI, A', 'TEIXEIRA, H', 'DUARTE, M', 'Antônio-Carlos Guimarães de Almeida']","['1', '2', '3', '4', '5', '6']",['6'],1.581
Adult hippocampal neurogenesis and sudden unexpected death in epilepsy: Reality or just an attractive history?,2008,10.1016/j.mehy.2008.06.043,Inglês,Medical Hypotheses,A4,0306-9877,"['SCORZA, F', 'CYSNEIROS, R', 'ARIDA, R', 'SCORZA, C', 'DEALMEIDA, A', 'SCHMIDT, B', 'CAVALHEIRO, E', 'Antônio-Carlos Guimarães de Almeida']","['1', '2', '3', '4', '5', '6', '7', '8']",['8'],-99
Is cold the new hot in sudden unexpected death in epilepsy? Effect of low temperature on heart rate of rats with epilepsy,2008,10.1590/S0004-282X2008000600014,Inglês,Arquivos de Neuro-Psiquiatria,B2,0004-282X,"['Sonoda, Eliza Y.F.', 'Colugnati, Diego B.', 'Scorza, Carla A.', 'Arida, Ricardo M.', 'Pansani, Aline P.', 'Almeida, Antonio-Carlos G. de', 'Cavalheiro, Esper A.', 'Scorza, Fulvio A.', 'Antônio-Carlos Guimarães de Almeida']","['1', '2', '3', '4', '5', '6', '7', '8', '9']",['9'],1.048
Could sudden cardiac death in epilepsy be related to the occurrence of thalamic dysfunction or anatomic change?,2009,10.1590/S0004-282X2009000100037,Inglês,Arquivos de Neuro-Psiquiatria,B2,0004-282X,"['Scorza, Fulvio A.', 'Calderazzo, Lineu', 'Albuquerque, Marly de', 'Arida, Ricardo M.', 'Antônio-Carlos Guimarães de Almeida', 'Cavalheiro, Esper A.']","['1', '2', '3', '4', '5', '6']",['5'],1.048
Could sudden death syndrome (SDS) in chickens (Gallus gallus) be a valid animal model for sudden unexpected death in epilepsy (SUDEP)?,2009,10.1016/j.mehy.2008.10.035,Inglês,Medical Hypotheses,A4,0306-9877,"['Fulvio Alexandre Scorza', 'Albuquerque, R. de', 'Arida, R.M.', 'Schmidt, B.', 'Antônio-Carlos Guimarães de Almeida', 'Scorza, Carla A.', 'Cavalheiro, E.A.']","['1', '2', '3', '4', '5', '6', '7']",['5'],-99
Physical exercise in epilepsy: What kind of stressor is it?,2009,10.1016/j.yebeh.2009.08.023,Inglês,Epilepsy &amp; Behavior,A3,1525-5050,"['Arida, Ricardo M.', 'Scorza, Fulvio A.', 'Terra, Vera C.', 'Scorza, Carla A.', 'Antônio-Carlos Guimarães de Almeida', 'Cavalheiro, Esper A.']","['1', '2', '3', '4', '5', '6']",['5'],-99
Qualitative analysis of hippocampal plastic changes in rats with epilepsy supplemented with oral omega-3 fatty acids,2010,10.1016/j.yebeh.2009.11.006,Inglês,Epilepsy &amp; Behavior,A3,1525-5050,"['Cysneiros, Roberta M.', 'Ferrari, Danuza', 'Arida, Ricardo M.', 'Terra, Vera C.', 'Antônio-Carlos Guimarães de Almeida', 'Cavalheiro, Esper A.', 'Scorza, Fulvio A.']","['1', '2', '3', '4', '5', '6', '7']",['5'],-99
Alcohol consumption and sudden unexpected death in epilepsy: experimental approach,2009,10.1590/S0004-282X2009000600008,Inglês,Arquivos de Neuro-Psiquiatria (Impresso),B2,0004-282X,"['ScorzaI, Carla A.', 'Cysneiros, Roberta M.', 'Arida, Ricardo M.', 'Terra, Vera C.', 'Machado, Hélio R.', 'Antônio-Carlos Guimarães de Almeida', 'Cavalheiro, Esper A.', 'Scorza, Fulvio A.']","['1', '2', '3', '4', '5', '6', '7', '8']",['6'],1.048
Increased basal plasma brain-derived neurotrophic factor levels in sprint runners¿¿¿¿¿¿¿¿¿¿¿¿¿¿¿¿¿¿¿¿¿¿¿¿¿¿¿¿,2011,10.1007/s12264-011-1531-5,Inglês,Neuroscience Bulletin,A3,1673-7067,"['Correia, Paulo Roberto', 'Scorza, Fulvio Alexandre', 'Silva, Sérgio Gomes', 'Pansani, Aline', 'Toscano-Silva, Michelle', 'Antônio-Carlos Guimarães de Almeida', 'Arida, Ricardo Mario']","['1', '2', '3', '4', '5', '6', '7']",['6'],4.246
Effect of palytoxin on the sodium?potassium pump: model and simulation,2008,10.1088/1478-3975/5/3/036005,Inglês,Physical Biology (Print),XX,1478-3967,"['Antônio Márcio Rodrigues', 'Antonio Fernando Catelli Infantosi', 'Antônio-Carlos Guimarães de Almeida']","['1', '2', '3']",['3'],1.818
Firing patterns and synchronization in nonsynaptic epileptiform activity: the effect of gap junctions modulated by potassium accumulation,2009,10.1088/1478-3975/6/4/046019,Português,Physical Biology (Online),XX,1478-3975,"['Santos, D O C', 'Rodrigues, A M', 'Antônio-Carlos Guimarães de Almeida', 'Dickman, R']","['1', '2', '3', '4']",['3'],1.818
Palytoxin and the sodium/potassium pump¿phosphorylation and potassium interaction,2009,10.1088/1478-3975/6/3/036010,Português,Physical Biology (Online),XX,1478-3975,"['Rodrigues, Antônio M', 'Infantosi, Antonio F C', 'Antônio-Carlos Guimarães de Almeida']","['1', '2', '3']",['3'],1.818
Non-synaptic mechanisms that could be responsible for potential antiepileptic effects of omega&amp;#8722;3 fatty acids,2012,10.1016/j.yebeh.2012.06.008,Inglês,Epilepsy &amp; Behavior (Print),A3,1525-5050,"['Antônio-Carlos Guimarães de Almeida', 'dos Santos, Hérica Lima', 'Rodrigues, Antônio M.', 'Cysneiros, Roberta M.', 'Cavalheiro, Esper A.', 'Arida, Ricardo M.', 'Scorza, Fulvio A.']","['1', '2', '3', '4', '5', '6', '7']",['1'],-99
Enhanced Synaptic Connectivity in the Dentate Gyrus during Epileptiform Activity: Network Simulation,2013,10.1155/2013/949816,Inglês,Computational Intelligence and Neuroscience,A2,1687-5265,"['FRANÇA, KEITE LIRA DE ALMEIDA', 'Antônio-Carlos Guimarães de Almeida', 'Antonio Fernando Catelli Infantosi', 'Mario Antônio Duarte', 'DA SILVEIRA, GILCÉLIO AMARAL', 'Scorza, Fulvio Alexandre', 'Arida, Ricardo Mario', 'CAVALHEIRO, ESPER ABRÃO', 'Antônio Márcio Rodrigues']","['1', '2', '3', '4', '5', '6', '7', '8', '9']",['2'],2.154
Tachycardia and SUDEP: Reassuring news about beta blockers,2013,10.1016/j.yebeh.2013.02.012,Português,Epilepsy &amp; Behavior (Print),A3,1525-5050,"['marcello scattolini', 'Scorza, Carla A.', 'Antônio-Carlos Guimarães de Almeida', 'Esper Abrão Cavalheiro']","['1', '2', '3', '4']",['3'],-99
"Attitudes of Brazilian epileptologists to discussion about SUDEP with their patients: Truth may hurt, but does deceit hurt more?",2013,10.1016/j.yebeh.2013.03.017,Inglês,Epilepsy &amp; Behavior (Print),A3,1525-5050,"['Ively G. Abdala', 'CARLA ALESSANDRA SCORZA', 'CAVALHEIRO, ESPER ABRÃO', 'Marly de Albuquerque', 'Antônio-Carlos Guimarães de Almeida', 'FÚLVIO ALEXANDRE SCORZA']","['1', '2', '3', '4', '5', '6']",['5'],-99
Research on ionic homeostatic equilibrium may change our view about epilepsy,2013,10.6061/clinics/2013(08)01,Português,Clinics (USP. Impresso),A3,1807-5932,"['MIRANDA, MF', 'RODRIGUES, AM', 'CAVALHEIRO, EA', 'SCORZA, FA', 'Antônio-Carlos Guimarães de Almeida']","['1', '2', '3', '4', '5']",['5'],1.127
Alcohol Abuse Promotes Changes in Non-Synaptic Epileptiform Activity with Concomitant Expression Changes in Cotransporters and Glial Cells,2013,10.1371/journal.pone.0078854,Inglês,Plos One,A1,1932-6203,"['Luiz', 'Mario Antônio Duarte', 'FÚLVIO ALEXANDRE SCORZA', 'Esper Abrão Cavalheiro', 'Antônio-Carlos Guimarães de Almeida', 'GILCELIO AMARAL SILVEIRA', 'Victor D C Costa', 'Aline Batista', 'Ana Paula', 'Antônio Márcio Rodrigues', 'CARLA ALESSANDRA SCORZA', 'Henrique Alves Amorim', 'RICARDO MARIO ARIDA']","['1', '10', '11', '12', '13', '2', '3', '4', '5', '6', '7', '8', '9']",['13'],2.776
Effect of co-transporter blockers on non-synaptic epileptiform activity-computational simulation,2013,10.1088/1478-3975/10/5/056008,Português,Physical Biology (Print),XX,1478-3967,"['Mariana Rodrigues Lopes', 'DOS SANTOS, IVANS CARLOS', 'CAVALHEIRO, ESPER ABRÃO', 'Antônio-Carlos Guimarães de Almeida', 'SANTOS, LUIZ EDUARDO CANTON', 'Antônio Márcio Rodrigues', 'Mario Antônio Duarte', 'Antonio Fernando Catelli Infantosi', 'Scorza, Fulvio Alexandre', 'Arida, Ricardo Mario', 'MADUREIRA, ANA PAULA', 'DA SILVEIRA, GILCÉLIO AMARAL']","['1', '10', '11', '12', '2', '3', '4', '5', '6', '7', '8', '9']",['12'],1.818
Experimental and clinical findings from physical exercise as complementary therapy for epilepsy,2013,10.1016/j.yebeh.2012.07.025,Português,Epilepsy &amp; Behavior (Print),A3,1525-5050,"['RICARDO MARIO ARIDA', 'Antônio-Carlos Guimarães de Almeida', 'Esper Abrão Cavalheiro', 'FÚLVIO ALEXANDRE SCORZA']","['1', '2', '3', '4']",['2'],-99
Two-hit rodent seizure model: A promising new design for research in SUDEP,2014,10.1016/j.yebeh.2014.04.003,Português,Epilepsy &amp; Behavior (Print),A3,1525-5050,"['FÚLVIO ALEXANDRE SCORZA', 'Gláucio Mazetto Siqueira', 'CARLA ALESSANDRA SCORZA', 'Esper Abrão Cavalheiro', 'Antônio Márcio Rodrigues', 'Antônio-Carlos Guimarães de Almeida']","['1', '2', '3', '4', '5', '6']",['6'],-99
Lovastatin decreases the synthesis of inflammatory mediators during epileptogenesis in the hippocampus of rats submitted to pilocarpine-induced epilepsy,2014,10.1016/j.yebeh.2014.04.009,Inglês,Epilepsy &amp; Behavior (Print),A3,1525-5050,"['Telma L Gouveia', 'Maria da Graça Naffah Mazzacoratti', 'FÚLVIO ALEXANDRE SCORZA', 'Higor A Iha', 'Maria Isabel B Frangiotti', 'Sandra R Perosa', 'José A Silva Jr', 'Regiane S Feliciano', 'Antônio-Carlos Guimarães de Almeida', 'Esper Abrão Cavalheiro']","['1', '10', '2', '3', '4', '5', '6', '7', '8', '9']",['8'],-99
Effects of Anterior Thalamic Nucleus Deep Brain Stimulation in Chronic Epileptic Rats,2014,10.1371/journal.pone.0097618,Inglês,Plos One,A1,1932-6203,"['Luciene Covolan', 'Luiz E Mello', 'Clement Hamani', 'Antônio-Carlos Guimarães de Almeida', 'Beatriz Amorim', 'Clarissa Cavarsan', 'Maisa Ferreira Miranda', 'Maira', 'MADUREIRA, ANA PAULA', 'RODRIGUES, AM', 'Jose N Nobrega']","['1', '10', '11', '2', '3', '4', '5', '6', '7', '8', '9']",['2'],2.776
¿I'm afraid I have bad news for you ¿.¿ Alcohol contributes to the occurrence of sudden unexpected death in epilepsy and years lost,2014,10.1016/j.yebeh.2014.05.004,Inglês,Epilepsy &amp; Behavior (Print),A3,1525-5050,"['FÚLVIO ALEXANDRE SCORZA', 'Esper Abrão Cavalheiro', 'CARLA ALESSANDRA SCORZA', 'Antônio-Carlos Guimarães de Almeida']","['1', '2', '3', '4']",['4'],-99
Clearing the air on SUDEP: Vote to ban smoking among people with epilepsy,2014,10.1016/j.yebeh.2014.05.008,Português,Epilepsy &amp; Behavior (Print),A3,1525-5050,"['FÚLVIO ALEXANDRE SCORZA', 'Esper Abrão Cavalheiro', 'Antônio-Carlos Guimarães de Almeida', 'Marly de Albuquerque', 'Lineu Calderazzo', 'CARLA ALESSANDRA SCORZA']","['1', '2', '3', '4', '5', '6']",['3'],-99
Chew on this: Sardines are still a healthy choice against SUDEP,2014,10.1016/j.yebeh.2014.08.019,Inglês,Epilepsy &amp; Behavior (Print),A3,1525-5050,"['CARLA ALESSANDRA SCORZA', 'Esper Abrão Cavalheiro', 'Lineu Calderazzo', 'Antônio-Carlos Guimarães de Almeida', 'FÚLVIO ALEXANDRE SCORZA']","['1', '2', '3', '4', '5']",['4'],-99
Computational neuroscience in perspective,2014,10.1590/1517-3151.3003,Inglês,Revista Brasileira de Engenharia Biomédica (Impresso),XX,1517-3151,"['Antônio-Carlos Guimarães de Almeida', 'Antônio Márcio Rodrigues', 'Antonio Fernando Catelli Infantosi']","['1', '2', '3']",['1'],-99
Role of adenosine in the antiepileptic effects of deep brain stimulation,2014,10.3389/fncel.2014.00312,Português,Frontiers in Cellular Neuroscience,A1,1662-5102,"['MIRANDA, MAISA F.', 'Rodrigues, AntÃ´nio M.', 'ANDERSEN, MONICA L.', 'TUFIK, SERGIO', 'MELLO, LUIZ E.', 'COVOLAN, LUCIENE', 'HAMANI, CLEMENT', 'Antônio-Carlos Guimarães de Almeida', 'AMORIM, BEATRIZ O.', 'MACEDO, CARLOS E.', 'FERNANDES, MARIA JOSÃ© S.', 'NOBREGA, JOSÃ© N.', 'AARÃ£O, MAYRA C.', 'MADUREIRA, ANA PAULA']","['1', '10', '11', '12', '13', '14', '2', '3', '4', '5', '6', '7', '8', '9']",['3'],3.9
"Zootechnical Parameters of Proechmys Guyannensis (Rodentia, Echimydae) Bred in Captivity",2014,,Inglês,Revista do Instituto Adolfo Lutz,C,1983-3814,"['Ana Paula', 'S R PASSOS', 'D R RESENDE', 'N F de SOUZA', 'Antônio-Carlos Guimarães de Almeida', 'M S ZANINI']","['1', '2', '3', '4', '5', '6']",['5'],-99
"When the clock stops ticking, metabolic syndrome explodes. Does omega-3 is able to disarm this bomb?",2014,10.14800/mce.105,Português,Molecular &amp;amp; Cellular Epilepsy,XX,2330-3891,"['Scorza, Carla A.', 'Cysneiros, Roberta M.', 'Antônio-Carlos Guimarães de Almeida', 'Antônio Márcio Rodrigues', 'Cavalheiro, Esper A.', 'Scorza, Fulvio Alexandre']","['1', '2', '3', '4', '5', '6']",['3'],-99
pH during non-synaptic epileptiform activity¿computational simulations,2015,10.1088/1478-3975/12/5/056007,Inglês,Physical Biology (Online),XX,1478-3975,"['Antônio Márcio Rodrigues', 'Luiz', 'Luciene Covolan', 'Clement Hamani', 'Antônio-Carlos Guimarães de Almeida']","['1', '2', '3', '4', '5']",['5'],1.818
Enhanced nonsynaptic epileptiform activity in the dentate gyrus after fainate-induced status epilepticus,2015,10.1016/j.neuroscience.2015.06.057,Inglês,Neuroscience,A2,0306-4522,"['NOGUEIRA, G.S.', 'Luiz', 'RODRIGUES, A.M.', 'SCORZA, C.A.', 'Fulvio Alexandre Scorza', 'Cavalheiro, E.A.', 'Antônio-Carlos Guimarães de Almeida']","['1', '2', '3', '4', '5', '6', '7']",['7'],-99
Phenytoin is not involved with changes in heart rate of rats with epilepsy,2015,10.1016/j.yebeh.2015.08.024,Inglês,Epilepsy &amp; Behavior (Print),A3,1525-5050,"['Diego B. Colugnati', 'Aline Pansani', 'CARLA ALESSANDRA SCORZA', 'Roberta Monterazzo Cysneiros', 'Antônio-Carlos Guimarães de Almeida', 'FÚLVIO ALEXANDRE SCORZA']","['1', '2', '3', '4', '5', '6']",['5'],-99
Deep brain stimulation induces antiapoptotic and anti-inflammatory effects in epileptic rats,2015,10.1186/s12974-015-0384-7,Inglês,Journal of Neuroinflammation,A1,1742-2094,"['AMORIM, BEATRIZ O.', 'HAMANI, CLEMENT', 'COVOLAN, LUCIENE', 'Ellen Ferreira', 'José G. Brito', 'Diego P Nunes', 'David G Morais', 'Jose N Nobrega', 'Antônio Márcio Rodrigues', 'Antônio-Carlos Guimarães de Almeida']","['1', '10', '2', '3', '4', '5', '6', '7', '8', '9']",['9'],5.7
Thiamine deficiency to ward off cardiovascular dysfunction and SUDEP: Yay or nay?,2016,10.1016/j.yebeh.2016.01.004,Português,Epilepsy &amp; Behavior (Print),A3,1525-5050,"['Scorza, Fulvio A.', 'Antônio-Carlos Guimarães de Almeida', 'Scorza, Carla A.']","['1', '2', '3']",['2'],-99
Furthering our understanding of SUDEP: the role of animal models,2016,10.1586/14737175.2016.1169925,Inglês,Expert Review of Neurotherapeutics,A2,1473-7175,"['Pansani, Aline', 'Colugnati, Diego B.', 'CARLA ALESSANDRA SCORZA', 'Antônio-Carlos Guimarães de Almeida', 'Esper Abrão Cavalheiro', 'Scorza, Fúlvio A.']","['1', '2', '3', '4', '5', '6']",['4'],3.453
Duration of spermatogenesis and daily sperm production in the rodent Proechimys guyannensis,2016,10.1017/S0967199416000137,Inglês,Zygote (Cambridge. Print),B2,0967-1994,"['Nathalia LM Lara', 'Ivan Carlos dos Santos', 'Guilherme M.J. Costa', 'Dirceu A. Cordeiro-Junior', 'Antônio-Carlos Guimarães de Almeida', 'Ana Paula', 'M S ZANINI', 'Luiz R. França']","['1', '2', '3', '4', '5', '6', '7', '8']",['5'],-99
Effects of A1 receptor agonist/antagonist on spontaneous seizures in pilocarpine-induced epileptic rats,2016,10.1016/j.yebeh.2016.05.036,Inglês,Epilepsy &amp; Behavior (Print),A3,1525-5050,"['AMORIM, BEATRIZ OLIVEIRA', 'HAMANI, CLEMENT', 'FERREIRA, ELENN', 'MIRANDA, MAÍSA FERREIRA', 'FERNANDES, MARIA JOSÉ S.', 'RODRIGUES, ANTONIO M.', 'Antônio-Carlos Guimarães de Almeida', 'COVOLAN, LUCIENE']","['1', '2', '3', '4', '5', '6', '7', '8']",['7'],-99
Physical Exercise Restores the Generation of Newborn Neurons in an Animal Model of Chronic Epilepsy,2017,10.3389/fnins.2017.00098,Inglês,Frontiers in Neuroscience,A2,1662-453X,"['Fabrício N.Mendonça', 'SANTOS, LUIZ EDUARDO CANTON', 'Antônio Márcio Rodrigues', 'Sergio Gomes da Silva', 'Arida, Ricardo M.', 'DA SILVEIRA, GILCÉLIO AMARAL', 'FÚLVIO ALEXANDRE SCORZA', 'Antônio-Carlos Guimarães de Almeida']","['1', '2', '3', '4', '5', '6', '7', '8']",['8'],3.648
Fish Oil Supplementation Reduces Heart Levels of Interleukin-6 in Rats with Chronic Inflammation due to Epilepsy,2017,10.3389/fneur.2017.00263,Inglês,Frontiers in Neurology,A2,1664-2295,"['Mariana Bocca Nejm', 'Andre Abou Haidar', 'Aparecida Emiko Hirata', 'Lila Missae Oyama', 'Antônio-Carlos Guimarães de Almeida', 'Roberta Monterazzo Cysneiros', 'Esper Abrão Cavalheiro', 'CARLA ALESSANDRA SCORZA', 'Fulvio Alexandre Scorza']","['1', '2', '3', '4', '5', '6', '7', '8', '9']",['5'],2.635
Modification of the natural progression of epileptogenesis by means of biperiden in the pilocarpine model of epilepsy,2017,10.1016/j.eplepsyres.2017.10.019,Português,EPILEPSY RESEARCH,A3,0920-1211,"['Simone Bittencourt', 'Antônio-Carlos Guimarães de Almeida', 'Beatriz M. Longo', 'Luiz Eugenio Mello', 'Enéas Ferrazoli', 'Maria Valente', 'Simone Romariz', 'Carlos Eduardo Macedo', 'Bruno Brito', 'Mayra Consuelo Aarão', 'Maisa Ferreira Miranda', 'Antônio Márcio Rodrigues']","['1', '10', '11', '12', '2', '3', '4', '5', '6', '7', '8', '9']",['10'],-99
"Long-term alcohol exposure elicits hippocampal nonsynaptic epileptiform activity changes associated with expression and functional changes in NKCC1, KCC2 co-transporters and Na+/K+-ATPase",2017,10.1016/j.neuroscience.2016.11.015,Inglês,NEUROSCIENCE,A2,0306-4522,"['SANTOS, LUIZ E.C.', 'Rodrigues, Antônio M.', 'LOPES, MARIANA R.', 'COSTA, VICTOR D.C.', 'Scorza, Carla A.', 'Scorza, Fulvio A.', 'Cavalheiro, Esper A.', 'Antônio-Carlos Guimarães de Almeida']","['1', '2', '3', '4', '5', '6', '7', '8']",['8'],-99
In brief: Sudden unexpected death in Parkinson's disease,2018,10.1111/ane.12971,Português,ACTA NEUROLOGICA SCANDINAVICA,A2,0001-6314,"['FÚLVIO ALEXANDRE SCORZA', 'FIORINI, A. C.', 'Antônio-Carlos Guimarães de Almeida', 'CARLA ALESSANDRA SCORZA', 'FINSTERER, J.']","['1', '2', '3', '4', '5']",['3'],-99
Robust Network Inhibition and Decay of Early-Phase LTP in the Hippocampal CA1 Subfield of the Amazon Rodent Proechimys,2018,10.3389/fncir.2018.00081,Português,Frontiers in Neural Circuits,A1,1662-5110,"['Selvin Zacarias Reyes-Garcia', 'Antônio-Carlos Guimarães de Almeida', 'Nancy Nohemi Ortiz-Villatoro', 'Scorza, Fulvio A.', 'CAVALHEIRO, ESPER ABRÃO', 'CARLA ALESSANDRA SCORZA']","['1', '2', '3', '4', '5', '6']",['2'],3.101
Mitochondrial dysfunction in ATP13A2 carriers,2019,10.1016/j.braindev.2018.07.018,Inglês,BRAIN &amp; DEVELOPMENT,A3,0387-7604,"['FINSTERER, JOSEF', 'Scorza, Fulvio A.', 'FIORINI, ANA C.', 'Scorza, Carla A.', 'Antônio-Carlos Guimarães de Almeida']","['1', '2', '3', '4', '5']",['5'],-99
GABAa excitation and synaptogenesis after Status Epilepticus - A computational study,2018,10.1038/s41598-018-22581-6,Inglês,Scientific Reports,A2,2045-2322,"['FRANÇA, KEITE LIRA DE ALMEIDA', 'Antônio-Carlos Guimarães de Almeida', 'SADDOW, STEPHEN E.', 'SANTOS, LUIZ EDUARDO CANTON', 'Scorza, Carla Alessandra', 'Scorza, Fulvio Alexandre', 'Antônio Márcio Rodrigues']","['1', '2', '3', '4', '5', '6', '7']",['2'],4.011
Hypothesised Diprotomeric Enzyme Complex Supported by Stochastic Modelling of Palytoxin-Induced Na/K Pump Channels,2018,10.1098/rsos.172155,Português,Royal Society Open Science,A1,2054-5703,"['Gabriel Domingo Vilallonga', 'Antônio-Carlos Guimarães de Almeida', 'Kelison Tadeu Ribeiro', 'Sergio V Aguiar Campos', 'Antônio Márcio Rodrigues']","['1', '2', '3', '4', '5']",['2'],2.515
Dystonia is a Common Phenotypic Feature of MEGDEL Syndrome.,2018,10.7916/D8795MXR,Português,TREMOR AND OTHER HYPERKINETIC MOVEMENTS,C,2160-8288,"['Finsterer, Josef', 'Fulvio Alexandre Scorza', 'FIORINI, ANA CLAUDIA', 'Carla Alessandra Scorza', 'Antônio-Carlos Guimarães de Almeida']","['1', '2', '3', '4', '5']",['5'],-99
Gold Nanoparticles for X-ray Microtomography of Neurons,2019,10.1021/acschemneuro.9b00290,Inglês,ACS Chemical Neuroscience,A1,1948-7193,"['DEPANNEMAECKER, DAMIEN', 'Scorza, Carla A.', 'RINKEL, JEAN', 'SANTOS, LUIZ E. CANTON', 'Antônio-Carlos Guimarães de Almeida', 'FERREIRA, GUSTAVO B. S.', 'BARALDI, GIOVANNI L.', 'MIQUELES, EDUARDO X.', 'DE CARVALHO, MURILO', 'COSTA, GABRIEL SCHUBERT RUIZ', 'MARQUES, MARCIA J. GUIMARÃES']","['1', '10', '11', '2', '3', '4', '5', '6', '7', '8', '9']",['3'],3.861
Accuracy of electromagnetic models to estimate cardiomyocyte membrane polarization,2019,10.1007/s11517-019-02054-2,Português,MEDICAL &amp; BIOLOGICAL ENGINEERING &amp; COMPUTING,A3,0140-0118,"['MILAN, HUGO F. M.', 'BASSANI, ROSANA A.', 'SANTOS, LUIZ E. C.', 'Antônio-Carlos Guimarães de Almeida', 'BASSANI, JOSÉ W. M.']","['1', '2', '3', '4', '5']",['4'],-99
The variable phenotype of familial transthyretin-related amyloidosis,2018,10.1007/s13760-018-0923-y,Inglês,ACTA NEUROLOGICA BELGICA,B2,0300-9009,"['FINSTERER, JOSEF', 'Scorza, Fulvio A.', 'FIORINI, ANA C.', 'Scorza, Carla A.', 'Antônio-Carlos Guimarães de Almeida']","['1', '2', '3', '4', '5']",['5'],-99
Assessment of vitamin D and inflammatory markers profile in cardiac tissue on Parkinson disease animal model,2020,10.1007/s43440-020-00074-6,Português,Pharmacological Reports,A3,1734-1140,"['NEJM, MARIANA BOCCA', 'Antônio-Carlos Guimarães de Almeida', 'Scorza, Fulvio Alexandre', 'Carla Alessandra Scorza', 'GUIMARÃES-MARQUES, MARCIA JONATHAS', 'OLIVEIRA, LEANDRO FREITAS', 'DAMASCENO, LAÍS', 'ANDERSEN, MONICA L.', 'TUFIK, SERGIO', 'FONSECA, FERNANDO', 'OLSZEWER, EFRAIN', 'LEÇA, RENATO']","['1', '10', '11', '12', '2', '3', '4', '5', '6', '7', '8', '9']",['10'],2.761
Propolis as A Potential Disease-Modifying Strategy in Parkinson&amp;#146;s Disease: Cardioprotective and Neuroprotective Effects in the 6-OHDA Rat Model,2020,10.3390/nu12061551,Português,Nutrients,A1,2072-6643,"['Valeria C Gonçalves', 'Daniel J. L. L. Pinheiro', 'Tomás de la Rosa', 'Antônio-Carlos Guimarães de Almeida', 'Fulvio Alexandre Scorza', 'CARLA ALESSANDRA SCORZA']","['1', '2', '3', '4', '5', '6']",['4'],4.171
The role of extracellular potassium dynamics in the different stages of ictal bursting and spreading depression: A computational study,2009,10.1016/j.jtbi.2009.01.032,Inglês,JOURNAL OF THEORETICAL BIOLOGY,A3,0022-5193,"['Florence, Gerson', 'Dahlem, Markus A.', 'Antônio-Carlos Guimarães de Almeida', 'Bassani, José W.M.', 'Kurths, Jürgen']","['1', '2', '3', '4', '5']",['3'],-99
Realistic spiking neural network: Non-synaptic mechanisms improve convergence in cell assembly,2020,10.1016/j.neunet.2019.09.038,Inglês,NEURAL NETWORKS,A1,0893-6080,"['DEPANNEMAECKER, DAMIEN', 'CANTON SANTOS, LUIZ EDUARDO', 'Antônio Márcio Rodrigues', 'Carla Alessandra Scorza', 'Scorza, Fulvio Alexandre', 'Antônio-Carlos Guimarães de Almeida']","['1', '2', '3', '4', '5', '6']",['6'],-99
"Combined effect of bumetanide, bromide, and GABAergic agonists: An alternative treatment for intractable seizures",2011,10.1016/j.yebeh.2010.10.030,Inglês,EPILEPSY &amp; BEHAVIOR,A3,1525-5050,"['Antônio-Carlos Guimarães de Almeida', 'Scorza, Fulvio A.', 'Rodrigues, Antônio M.', 'Arida, Ricardo M.', 'Carlesso, Fernanda N.', 'Batista, Aline G.', 'Duarte, Mario A.', 'DaCosta, Jaderson C.']","['1', '2', '3', '4', '5', '6', '7', '8']",['1'],-99
Propolis and Coronavirus Disease 2019 (COVID-19): Lessons From Nature,2020,10.1016/j.ctcp.2020.101227,Inglês,Complementary Therapies in Clinical Practice,A2,1744-3881,"['Scorza, Carla A.', 'FIORINI, ANA C.', 'GONÇALVES, VALERIA C.', 'Antônio-Carlos Guimarães de Almeida', 'FONSECA, MARCELO C.M.', 'FINSTERER, JOSEF', 'Scorza, Fulvio A.']","['1', '2', '3', '4', '5', '6', '7']",['4'],1.587
Doctors race to understand epilepsy in the time of COVID-19,2020,10.1016/j.yebeh.2020.107356,Português,EPILEPSY &amp; BEHAVIOR,A3,1525-5050,"['Antônio-Carlos Guimarães de Almeida', 'Cysneiros, Roberta M.', 'Scorza, Carla A.', 'FINSTERER, JOSEF', 'Scorza, Fulvio A.']","['1', '2', '3', '4', '5']",['1'],-99
interleukin-6 in schizophrenia: cause of death matters,2020,10.1016/j.bbi.2020.08.033,Inglês,BRAIN BEHAVIOR AND IMMUNITY,A1,0889-1591,"['Scorza, Fulvio A.', 'Antônio-Carlos Guimarães de Almeida', 'Scorza, Carla A.', 'Cysneiros, Roberta M.', 'MÁRCIO RODRIGUES, ANTÔNIO', 'FINSTERER, JOSEF']","['1', '2', '3', '4', '5', '6']",['2'],-99
COVID-19: Implications for Sudden Death in Parkinson?s Disease,2020,10.14802/jmd.20065,Inglês,Journal of Movement Disorders,XX,2005-940X,"['FIORINI, ANA CLAUDIA', 'FONSECA, MARCELO CUNIO MACHADO', 'Carla Alessandra Scorza', 'FINSTERER, JOSEF', 'Antônio Márcio Rodrigues', 'Antônio-Carlos Guimarães de Almeida', 'Scorza, Fulvio Alexandre']","['1', '2', '3', '4', '5', '6', '7']",['6'],-99
Pro-inflammatory Cytokines and Sudden Death in Parkinson?s Disease: a Missing Piece of the Jigsaw Puzzle,2020,10.1007/s11481-020-09950-7,Inglês,Journal of Neuroimmune Pharmacology,A2,1557-1890,"['Scorza, Fulvio A.', 'Antônio-Carlos Guimarães de Almeida', 'Scorza, Carla A.', 'FIORINI, ANA C.', 'FINSTERER, JOSEF']","['1', '2', '3', '4', '5']",['2'],3.87
The Effect of Low Magnesium Concentration on Ictal Discharges in a Non-Synaptic Model,2020,10.1142/S0129065720500707,Inglês,International Journal of Neural Systems,A1,0129-0657,"['Antônio Márcio Rodrigues', 'Delmo', 'Maisa Ferreira Miranda', 'Silvia Cristina Braga da Silva', 'Luiz', 'Fulvio Alexandre Scorza', 'CARLA ALESSANDRA SCORZA', 'Marcelo Moret', 'Antônio-Carlos Guimarães de Almeida']","['1', '2', '3', '4', '5', '6', '7', '8', '9']",['9'],-99
"Parkinson's disease, epileptic seizures, and sudden death: Three faces of the same coin",2018,10.1016/j.yebeh.2018.03.023,Inglês,EPILEPSY &amp; BEHAVIOR,A3,1525-5050,"['Scorza, Fulvio A.', 'Antônio-Carlos Guimarães de Almeida', 'FIORINI, ANA C.', 'Scorza, Carla A.', 'FINSTERER, JOSEF']","['1', '2', '3', '4', '5']",['2'],-99
LETTER TO THE EDITOR: Sudden death in Parkinson´s disease: treating hypertension in the elderly is essential,2020,10.1080/14656566.2021.1833611,Inglês,EXPERT OPINION ON PHARMACOTHERAPY,A3,1465-6566,"['Scorza, Fulvio A.', 'Antônio-Carlos Guimarães de Almeida', 'Cysneiros, Roberta M.', 'Scorza, Carla A.', 'FINSTERER, JOSEF']","['1', '2', '3', '4', '5']",['2'],3.038
In Silico Laboratory Experiments using Statistical Model Checking: A new model of the Palytoxin-Induced Pump Channel as Case Study,2020,10.1109/tcbb.2020.3028776,Português,IEEE-ACM Transactions on Computational Biology and Bioinformatics,A1,1545-5963,"['VILALLONGA, GABRIEL DOMINGO', 'RIESCO, DANIEL EDGARDO', 'Antônio-Carlos Guimarães de Almeida', 'RODRIGUES, ANTONIO MARCIO', 'CAMPOS, SERGIO V. A.']","['1', '2', '3', '4', '5']",['3'],-99
Antiviral activity of Brazilian Green Propolis extract against SARS-CoV-2 (Severe Acute Respiratory Syndrome - Coronavirus 2) infection: case report and review,2021,10.6061/clinics/2021/e2357,Inglês,Clinics,A3,1807-5932,"['FIORINI, ANA C.', 'Scorza, Carla A.', 'Antônio-Carlos Guimarães de Almeida', 'FONSECA, MARCELO C.M.', 'FINSTERER, JOSEF', 'FONSECA, FERNANDO L.A.', 'Scorza, Fulvio A.']","['1', '2', '3', '4', '5', '6', '7']",['3'],1.127
How Does Cold Weather Affect the Heart of Patients with Bipolar Disorder?,2021,10.1111/acps.13299,Inglês,ACTA PSYCHIATRICA SCANDINAVICA,A2,0001-690X,"['Scorza, Fulvio A.', 'MORET, MARCELO A.', 'Antônio-Carlos Guimarães de Almeida', 'Scorza, Carla A.', 'FINSTERER, JOSEF']","['1', '2', '3', '4', '5']",['3'],4.694
Bipolar Disorder: The Vitamin D Debate,2021,10.1016/j.jad.2021.02.073,Inglês,JOURNAL OF AFFECTIVE DISORDERS,A1,0165-0327,"['Scorza, Fulvio A.', 'Antônio-Carlos Guimarães de Almeida', 'Scorza, Carla A.', 'MORET, MARCELO A.', 'FINSTERER, JOSEF']","['1', '2', '3', '4', '5']",['2'],-99
Is there a seasonal influence on SUDEP?,2021,10.1016/j.yebeh.2021.107913,Inglês,EPILEPSY &amp; BEHAVIOR,A3,1525-5050,"['Scorza, Fulvio A.', 'MORET, MARCELO A.', 'Antônio-Carlos Guimarães de Almeida', 'Scorza, Carla A.', 'FINSTERER, JOSEF']","['1', '2', '3', '4', '5']",['3'],-99
Editorial for -Structural and Functional Thalamic Changes in Parkinson's Disease With Mild Cognitive Impairment-,2020,10.1002/jmri.27318,Inglês,JOURNAL OF MAGNETIC RESONANCE IMAGING,A1,1053-1807,"['Scorza, Fulvio A.', 'Antônio-Carlos Guimarães de Almeida', 'Scorza, Carla A.', 'FINSTERER, JOSEF']","['1', '2', '3', '4']",['2'],3.732
Tai chi and Parkinson's disease: a bevy of benefits,2020,10.1080/09638288.2020.1832590,Inglês,DISABILITY AND REHABILITATION,A2,0963-8288,"['FIORINI, ANA C.', 'Scorza, Carla A.', 'Antônio-Carlos Guimarães de Almeida', 'Rodrigues, Antônio M.', 'FINSTERER, JOSEF', 'Scorza, Fulvio A.']","['1', '2', '3', '4', '5', '6']",['3'],-99
Exercise interventions in patients with schizophrenia: inspiration to get fit,2020,10.1007/s00406-020-01206-y,Inglês,EUROPEAN ARCHIVES OF PSYCHIATRY AND CLINICAL NEUROSCIENCE,A2,0940-1334,"['Scorza, Fulvio A.', 'Antônio-Carlos Guimarães de Almeida', 'Scorza, Carla A.', 'FINSTERER, JOSEF']","['1', '2', '3', '4']",['2'],-99
Hypertension and epilepsy: A deadly combination,2021,10.1016/j.yebeh.2021.107978,Inglês,EPILEPSY &amp; BEHAVIOR,A3,1525-5050,"['Scorza, Fulvio A.', 'Antônio-Carlos Guimarães de Almeida', 'Scorza, Carla A.', 'Antônio Márcio Rodrigues', 'Cysneiros, Roberta M.']","['1', '2', '3', '4', '5']",['2'],-99
Re. -To bee or not to bee? The bee extract propolis as a bioactive compound in the burden of lifestyle diseases-,2021,10.1016/j.nut.2021.111241,Inglês,NUTRITION,A1,0899-9007,"['Scorza, Fulvio A.', 'FIORINI, ANA C.', 'Antônio-Carlos Guimarães de Almeida', 'Scorza, Carla A.', 'MORET, MARCELO A.', 'FINSTERER, JOSEF']","['1', '2', '3', '4', '5', '6']",['3'],-99
Parkinson's Disease and Sudden Unexpected Death,2021,10.1016/j.jamda.2021.01.071,Inglês,Journal of the American Medical Directors Association,A1,1525-8610,"['Scorza, Fulvio A.', 'Antônio-Carlos Guimarães de Almeida', 'Cysneiros, Roberta M.', 'Scorza, Carla A.', 'FINSTERER, JOSEF']","['1', '2', '3', '4', '5']",['2'],4.899
Computational models predicts premature death in epilepsy?,2021,10.1016/j.seizure.2021.07.022,Inglês,SEIZURE-EUROPEAN JOURNAL OF EPILEPSY,A3,1059-1311,"['Scorza, Fulvio A.', 'Antônio-Carlos Guimarães de Almeida', 'Scorza, Carla A.', 'Antônio Márcio Rodrigues', 'FINSTERER, JOSEF']","['1', '2', '3', '4', '5']",['2'],-99
Amazon rainforest rodents (Proechimys) are resistant to post-stroke epilepsy,2021,10.1038/s41598-021-96235-5,Inglês,Scientific Reports,A2,2045-2322,"['ORTIZ-VILLATORO, NANCY N.', 'Antônio-Carlos Guimarães de Almeida', 'Scorza, Carla A.', 'REYES-GARCIA, SELVIN Z.', 'FREITAS, LEANDRO', 'RODRIGUES, LAÍS D.', 'SANTOS, LUIZ E. C.', 'FABER, JEAN', 'Cavalheiro, Esper A.', 'FINSTERER, JOSEF', 'Scorza, Fulvio A.']","['1', '10', '11', '2', '3', '4', '5', '6', '7', '8', '9']",['10'],4.011
Fighting eye diseases with Brazilian Green Propolis,2021,10.1016/j.biopha.2021.111740,Português,BIOMEDICINE &amp; PHARMACOTHERAPY,A2,0753-3322,"['Scorza, Fulvio A.', 'Antônio-Carlos Guimarães de Almeida', 'FIORINI, ANA C.', 'Scorza, Carla A.', 'FINSTERER, JOSEF']","['1', '2', '3', '4', '5']",['2'],-99
Sudden death in schizophrenia: pay special attention and develop preventive strategies,2021,10.1080/03007995.2021.1937089,Inglês,CURRENT MEDICAL RESEARCH AND OPINION,A1,0300-7995,"['Scorza, Fulvio A.', 'Antônio-Carlos Guimarães de Almeida', 'Scorza, Carla A.', 'Cysneiros, Roberta M.', 'FINSTERER, JOSEF']","['1', '2', '3', '4', '5']",['2'],-99
Sudden death in a rat model of Parkinson?s disease,2021,10.6061/clinics/2021/e2974,Inglês,Clinics,A3,1807-5932,"['Scorza, Fulvio Alexandre', 'RODRIGUES, LAÍS DAMASCENO', 'OLIVEIRA, LEANDRO FREITAS', 'Antônio-Carlos Guimarães de Almeida', 'FINSTERER, JOSEF', 'MORET, MARCELO A.', 'CARDILLO, GIANCARLO DE MATTOS', 'Carla Alessandra Scorza']","['1', '2', '3', '4', '5', '6', '7', '8']",['4'],1.127
Sudden death in a patient with epilepsy and arterial hypertension: time for re-assessment,2021,10.6061/clinics/2021/e3023,Inglês,Clinics,A3,1807-5932,"['Scorza, Fulvio A.', 'Antônio-Carlos Guimarães de Almeida', 'Scorza, Carla A.', 'FINSTERER, JOSEF']","['1', '2', '3', '4']",['2'],1.127
Parkinson's disease: Research puts spotlight on thiamine deficiency and cardiovascular health,2021,10.1016/j.jocn.2021.06.024,Inglês,JOURNAL OF CLINICAL NEUROSCIENCE,B1,0967-5868,"['FINSTERER, JOSEF', 'Scorza, Carla A.', 'Antônio-Carlos Guimarães de Almeida', 'Antônio Márcio Rodrigues', 'Scorza, Fulvio A.']","['1', '2', '3', '4', '5']",['3'],-99
Epilepsy due to Congenital Zika Virus Infection: The Ongoing Threat,2021,10.1177/08830738211019614,Inglês,JOURNAL OF CHILD NEUROLOGY,A3,0883-0738,"['Scorza, Fulvio A.', 'Antônio-Carlos Guimarães de Almeida', 'Scorza, Carla A.', 'FINSTERER, JOSEF']","['1', '2', '3', '4']",['2'],-99
Probiotics and Parkinson's disease: A long way to go!,2022,10.1016/j.bbi.2021.10.015,Português,BRAIN BEHAVIOR AND IMMUNITY,A1,0889-1591,"['Scorza, Fulvio A.', 'Antônio-Carlos Guimarães de Almeida', 'Scorza, Carla A.', 'FINSTERER, JOSEF']","['1', '2', '3', '4']",['2'],-99
The microbiota in Parkinson's disease: Natural products to help our clinical practice,2022,10.1016/j.phrs.2021.105984,Inglês,PHARMACOLOGICAL RESEARCH,A1,1043-6618,"['Scorza, Fulvio A.', 'Antônio-Carlos Guimarães de Almeida', 'Scorza, Carla A.', 'FIORINI, ANA C.', 'FINSTERER, JOSEF']","['1', '2', '3', '4', '5']",['2'],5.574
THE MICROBIOTA IN PARKINSON'S DISEASE: RANKING THE RISK OF HEART DISEASE,2022,10.1159/000521992,Inglês,ANNALS OF NUTRITION AND METABOLISM,A2,0250-6807,"['Scorza, Fulvio A.', 'Antônio-Carlos Guimarães de Almeida', 'FIORINI, ANA CLAUDIA', 'FINSTERER, JOSEF']","['1', '2', '3', '4']",['2'],-99
Sudden unexpected death in Parkinson's disease: Insights from clinical practice,2022,10.1016/j.clinsp.2021.100001,Inglês,Clinics,A3,1807-5932,"['Scorza, Fulvio A.', 'GUIMARÃES-MARQUES, MARCIA', 'NEJM, MARIANA', 'Antônio-Carlos Guimarães de Almeida', 'Scorza, Carla A.', 'FIORINI, ANA C.', 'FINSTERER, JOSEF']","['1', '2', '3', '4', '5', '6', '7']",['4'],1.127
Vagus nerve stimulation and sudden unexpected death in epilepsy: views and evidence,2022,10.1007/s00381-022-05461-3,Inglês,CHILDS NERVOUS SYSTEM,A4,0256-7040,"['Scorza, Fulvio A.', 'Antônio-Carlos Guimarães de Almeida', 'Scorza, Carla A.', 'Antônio Márcio Rodrigues', 'FINSTERER, JOSEF']","['1', '2', '3', '4', '5']",['2'],-99
Oral health in cerebral palsy: What makes propolis so special?,2022,10.1111/scd.12700,Inglês,SPECIAL CARE IN DENTISTRY,B1,0275-1879,"['Scorza, Fulvio A.', 'ABRANCHES, DENISE C.', 'Antônio-Carlos Guimarães de Almeida', 'Scorza, Carla A.', 'FINSTERER, JOSEF']","['1', '2', '3', '4', '5']",['3'],-99
Omega-3 Fatty Acids May Prevent Sudden Unexpected Death in Epilepsy in Children,2022,10.5863/1551-6776-27.2.198,Inglês,The Journal of Pediatric Pharmacology and Therapeutics,XX,1551-6776,"['Scorza, Fulvio Alexandre', 'Antônio-Carlos Guimarães de Almeida', 'SCORZA, CARLA ALESSANRA', 'FINSTERER, JOSEF']","['1', '2', '3', '4']",['2'],-99
Optimization of COVID-19 vaccination and the role of individuals with a high number of contacts: A model based approach,2022,10.1371/journal.pone.0262433,Inglês,PLoS One,A1,1932-6203,"['ROCHA FILHO, TARCÍSIO M.', 'MENDES, JOSÉ F. F.', 'MURARI, THIAGO B.', 'NASCIMENTO FILHO, ALOÍSIO S.', 'CORDEIRO, ANTÔNIO J. A.', 'RAMALHO, WALTER M.', 'Scorza, Fúlvio A.', 'Antônio-Carlos Guimarães de Almeida', 'MORET, MARCELO A.']","['1', '2', '3', '4', '5', '6', '7', '8', '9']",['8'],2.776
Lethal neonatal CoQ deficiency due to a COQ9 variant,2018,10.4103/jpn.jpn_37_18,Inglês,Journal of Pediatric Neurosciences,B2,1817-1745,"['FINSTERER, JOSEF', 'SCORZA, FULVIOA', 'FIORINI, ANAC', 'SCORZA, CARLAA', 'Antônio-Carlos Guimarães de Almeida']","['1', '2', '3', '4', '5']",['5'],-99
"Parkinson's Disease, Premature Mortality, and Amygdala",2022,10.1002/mds.29014,Inglês,MOVEMENT DISORDERS,A1,0885-3185,"['Scorza, Fulvio A.', 'Antônio-Carlos Guimarães de Almeida', 'Scorza, Carla A.', 'FINSTERER, JOSEF']","['1', '2', '3', '4']",['2'],-99
The implication of cardio-oncology on Parkinson's disease: answers begin to emerge,2022,10.1016/j.clinsp.2022.100085,Inglês,Clinics,A3,1807-5932,"['Scorza, Fulvio A.', 'Antônio-Carlos Guimarães de Almeida', 'FINSTERER, JOSEF', 'HAJJAR, LUDHMILA A.']","['1', '2', '3', '4']",['2'],1.127
Retrospective Cohort Study of COVID-19 in Patients of the Brazilian Public Health System with SARS-CoV-2 Omicron Variant Infection,2022,10.3390/vaccines10091504,Português,Vaccines,XX,2076-393X,"['Thiago Murari', 'ROCHA FILHO, TARCÍSIO M.', 'John R. David', 'Roberto Badaró', 'Bruna Aparecida Souza Machado', 'MORET, MARCELO A.', 'Larissa Moraes dos Santos Fonseca', 'Hernane B. de B. Pereira', 'Aloísio S. Nascimento Filho', 'Hugo Saba', 'FÚLVIO ALEXANDRE SCORZA', 'Antônio-Carlos Guimarães de Almeida', 'Ethel L. N. Maciel', 'José F. F. Mendes']","['1', '10', '11', '12', '13', '14', '2', '3', '4', '5', '6', '7', '8', '9']",['7'],4.76
Sudden unexpected death in epilepsy and abnormal glucose metabolism in the rat insular cortex: A brain within the heart,2022,10.1016/j.clinsp.2022.100059,Inglês,Clinics,A3,1807-5932,"['Scorza, Fulvio A.', 'Antônio-Carlos Guimarães de Almeida', 'Scorza, Carla A.', 'FINSTERER, JOSEF']","['1', '2', '3', '4']",['2'],1.127
Water intake in Parkinson's disease: addressing a neglected problem,2022,10.1007/s40520-022-02228-3,Inglês,AGING CLINICAL AND EXPERIMENTAL RESEARCH,A4,1720-8319,"['Scorza, Fulvio Alexandre', 'Antônio-Carlos Guimarães de Almeida', 'Carla Alessandra Scorza', 'FINSTERER, JOSEF']","['1', '2', '3', '4']",['2'],2.331
Polypharmacy in Parkinson?s disease: is the risk of sudden death justified?,2022,10.26355/eurrev_202203_28321,Português,European Review for Medical and Pharmacological Sciences,A4,1128-3602,"['SCORZA, FA', 'Antônio-Carlos Guimarães de Almeida', 'CARLA ALESSANDRA SCORZA', 'FINSTERER, JOSEF']","['1', '2', '3', '4']",['2'],2.721
Toward the Identification of Neurophysiological Biomarkers for Alzheimer?s Disease in Down Syndrome: A Potential Role for Cross-Frequency Phase?Amplitude Coupling Analysis,2022,10.14336/AD.2022.0906,Português,Aging and Disease,A1,2152-5250,"['Daniella B. Victorino', 'Jean Faber', 'Daniel J. L. L. Pinheiro', 'Scorza, Fulvio Alexandre', 'Antônio-Carlos Guimarães de Almeida', 'Alberto C. S. Costa', 'CARLA ALESSANDRA SCORZA']","['1', '2', '3', '4', '5', '6', '7']",['5'],4.232
Propolis induces cardiac metabolism changes in 6-hydroxydopamine animal model: a dietary intervention as a potential cardioprotective approach in Parkinson's disease,2022,10.3389/fphar.2022.1013703,Português,Frontiers in Pharmacology,A1,1663-9812,"['Valeria C Gonçalves', 'Victor d. Fonsêca', 'Daniele de Faria', 'Mario A. Izidoro', 'Andresa A. Berretta', 'Antônio-Carlos Guimarães de Almeida', 'Fernando Luiz A. Fonseca', 'Scorza, Fulvio A.', 'CARLA ALESSANDRA SCORZA']","['1', '2', '3', '4', '5', '6', '7', '8', '9']",['6'],3.845
"DYSPHAGIA, DEHYDRATION AND PREMATURE MORTALITY IN PARKINSON DISEASE",2022,10.1159/000527174,Inglês,ANNALS OF NUTRITION AND METABOLISM,A2,0250-6807,"['Scorza, Fulvio A.', 'Antônio-Carlos Guimarães de Almeida', 'Scorza, Carla A.', 'FINSTERER, JOSEF']","['1', '2', '3', '4']",['2'],-99
"Attribute fatal, multiple cavitary lesions with air-fluid levels and hemorraghe to SARS-CoV-2 or ECMO only after ruling out differentials",2022,10.1016/j.hest.2022.09.003,Inglês,Brain Hemorrhages,XX,2589-238X,"['FINSTERER, JOSEF', 'SCORZA, FULVIO A', 'Antônio-Carlos Guimarães de Almeida']","['1', '2', '3']",['3'],-99
Low Vitamin D is Linked to Cardiac Dysfunction in Parkinson's Disease,2022,10.4103/0028-3886.355174,Inglês,NEUROLOGY INDIA,B2,0028-3886,"['SCORZA, FULVIOA', 'SCORZA, CARLAA', 'Antônio-Carlos Guimarães de Almeida', 'FINSTERER, JOSEF', 'FIORINI, ANAC', 'M FONSECA, MARCELOC']","['1', '2', '3', '4', '5', '6']",['3'],-99
"Loss of consciousness due to COVID-19 should not go unexplained, even in an octogenarian",2022,10.1016/j.amsu.2022.104852,Inglês,ANNALS OF MEDICINE AND SURGERY,A4,2049-0801,"['FINSTERER, JOSEF', 'Scorza, Fulvio A.', 'Antônio-Carlos Guimarães de Almeida']","['1', '2', '3']",['3'],-99
Spot the adenoma after pituitary apoplexy following a SARS-CoV-2 vaccination,2022,10.1016/j.hest.2022.10.001,Inglês,Brain Hemorrhages,XX,2589-238X,"['FINSTERER, JOSEF', 'Scorza, Fulvio A.', 'Antônio-Carlos Guimarães de Almeida']","['1', '2', '3']",['3'],-99
Establishing causality between SARS-CoV-2 and stroke/bleeding requires a temporal relationship and plausible pathophysiology,2022,10.1016/j.hest.2022.10.004,Inglês,Brain Hemorrhages,XX,2589-238X,"['FINSTERER, JOSEF', 'Scorza, Fulvio A.', 'Antônio-Carlos Guimarães de Almeida']","['1', '2', '3']",['3'],-99
"Workup of cerebral involvement in COVID-19 requires at least cerebral imaging, EEG, and cerebrospinal fluid studies",2022,10.1016/j.ijid.2022.10.025,Inglês,INTERNATIONAL JOURNAL OF INFECTIOUS DISEASES,A3,1201-9712,"['SCORZA, CARLA A', 'FINSTERER, JOSEF', 'SCORZA, FULVIO A', 'Antônio-Carlos Guimarães de Almeida']","['1', '2', '3', '4']",['4'],3.538
A data-drive model for COVID-19 pandemic - Evolution of the attack rate and prognosis for Brazil,2021,10.1016/j.chaos.2021.111359,Inglês,CHAOS SOLITONS &amp; FRACTALS,A3,0960-0779,"['FILHO, T.M.ROCHA', 'Marcelo Moret', 'CHOW, C.C.', 'PHILLIPS, J.C.', 'CORDEIRO, A.J.A.', 'Fulvio Alexandre Scorza', 'Antônio-Carlos Guimarães de Almeida', 'MENDES, J.F.F.']","['1', '2', '3', '4', '5', '6', '7', '8']",['7'],-99
