YEAR,NATURE,INSTITUTION,COURSE,STUDENT,TYPE,SPONSOR
2012,Dissertação de mestrado,Centro Federal de Educação Tecnológica de Minas Gerais,Mestrado em Educação Tecnológica,Délcio Julião Emar de Almeida,CO_ORIENTADOR,NAO
2013,Dissertação de mestrado,Escola de Belas Artes da UFMG,Mestrado em Artes Visuais,Virgílio Carlo de Menezes Vasconcelos,ORIENTADOR_PRINCIPAL,NAO
2012,Dissertação de mestrado,Escola de Belas Artes da UFMG,Mestrado em Artes Visuais,Giovanna Belico Caria Guimarães,ORIENTADOR_PRINCIPAL,SIM
2014,Dissertação de mestrado,Escola de Belas Artes da UFMG,Mestrado em Artes Visuais,Danilo Aroeira da Pinho Tavares,ORIENTADOR_PRINCIPAL,SIM
2014,Dissertação de mestrado,Escola de Belas Artes da UFMG,Mestrado em Artes Visuais,Felipe de Castro Ramalho,ORIENTADOR_PRINCIPAL,SIM
2015,Dissertação de mestrado,Escola de Belas Artes da UFMG,Mestrado em Artes Visuais,Luiz Guilherme de Sousa Lima Pádua,ORIENTADOR_PRINCIPAL,NAO
2015,Dissertação de mestrado,Escola de Belas Artes da UFMG,Mestrado em Artes Visuais,Luhan Dias Souza,ORIENTADOR_PRINCIPAL,SIM
2019,Dissertação de mestrado,Escola de Belas Artes da UFMG,Mestrado em Artes,Suryara Bernardi Rocha,ORIENTADOR_PRINCIPAL,NAO
2020,Dissertação de mestrado,Escola de Belas Artes da UFMG,Mestrado em Artes,Graziela Luciano,ORIENTADOR_PRINCIPAL,NAO
2015,Dissertação de mestrado,Centro Federal de Educação Tecnológica de Minas Gerais,Educação Tecnológica,Luara Zucolotto Afonso,CO_ORIENTADOR,NAO
2015,Tese de doutorado,Universidade Federal de Minas Gerais,Artes,Simon Pedro Brethé,ORIENTADOR_PRINCIPAL,NAO
2020,Tese de doutorado,Escola de Belas Artes da UFMG,Pós-Graduação em Artes,Leonardo Rocha Dutra,ORIENTADOR_PRINCIPAL,SIM
2021,Tese de doutorado,Escola de Belas Artes da UFMG,Pós-Graduação em Artes,Luhan Dias Souza,ORIENTADOR_PRINCIPAL,NAO
2022,Tese de doutorado,Escola de Belas Artes da UFMG,Pós-Graduação em Artes,Vitor Amaro Lacerda,ORIENTADOR_PRINCIPAL,NAO
2013,Tese de doutorado,Escola de Belas Artes da UFMG,Pós-Graduação em Artes,Siane Paula de Araújo,ORIENTADOR_PRINCIPAL,SIM
2003,TRABALHO_DE_CONCLUSAO_DE_CURSO_GRADUACAO,Centro Universitário de Belo Horizonte,Produção Editorial,Gláucia Maria Bicalho Rodrigues,CO_ORIENTADOR,NAO
2003,TRABALHO_DE_CONCLUSAO_DE_CURSO_GRADUACAO,Centro Universitário de Belo Horizonte,Produção Editorial,Marcello de Campos Cardoso,CO_ORIENTADOR,NAO
2003,TRABALHO_DE_CONCLUSAO_DE_CURSO_GRADUACAO,Centro Universitário de Belo Horizonte,Produção Editorial,Marciene Rocha da Silva,CO_ORIENTADOR,NAO
2004,TRABALHO_DE_CONCLUSAO_DE_CURSO_GRADUACAO,Centro Universitário de Belo Horizonte,Produção Editorial,Marcelo Maia de Andrade,CO_ORIENTADOR,NAO
2004,TRABALHO_DE_CONCLUSAO_DE_CURSO_GRADUACAO,Centro Universitário de Belo Horizonte,Produção Editorial,Gabriela Kimura,CO_ORIENTADOR,NAO
2005,TRABALHO_DE_CONCLUSAO_DE_CURSO_GRADUACAO,Centro Universitário de Belo Horizonte,Produção Editorial,Wagner Tadeu de Souza Reis,CO_ORIENTADOR,NAO
2005,TRABALHO_DE_CONCLUSAO_DE_CURSO_GRADUACAO,Centro Universitário de Belo Horizonte,Produção Editorial,Humberto de Azevedo Tonaco,CO_ORIENTADOR,NAO
2005,TRABALHO_DE_CONCLUSAO_DE_CURSO_GRADUACAO,Centro Universitário de Belo Horizonte,Produção Editorial,Maximiano de Figueiredo Portes,CO_ORIENTADOR,NAO
2005,TRABALHO_DE_CONCLUSAO_DE_CURSO_GRADUACAO,Centro Universitário de Belo Horizonte,Produção Editorial,Mirna Nogueira Fernandes,CO_ORIENTADOR,NAO
2005,TRABALHO_DE_CONCLUSAO_DE_CURSO_GRADUACAO,Centro Universitário de Belo Horizonte,Produção Editorial,Edivaldo Salviano da Silva; Luiz Fernando de Alencar,CO_ORIENTADOR,NAO
2005,TRABALHO_DE_CONCLUSAO_DE_CURSO_GRADUACAO,Centro Universitário de Belo Horizonte,Produção Editorial,Isabel Souza Bandeira de Mattos,CO_ORIENTADOR,NAO
2005,TRABALHO_DE_CONCLUSAO_DE_CURSO_GRADUACAO,Centro Universitário de Belo Horizonte,Produção Editorial,Ânderson Pimentel Borges; Nilto José Borges,CO_ORIENTADOR,NAO
2005,TRABALHO_DE_CONCLUSAO_DE_CURSO_GRADUACAO,Centro Universitário de Belo Horizonte,Produção Editorial,Jucelma Cordeiro de Souza,CO_ORIENTADOR,NAO
2006,TRABALHO_DE_CONCLUSAO_DE_CURSO_GRADUACAO,Centro Universitário de Belo Horizonte,Produção Editorial,Rafael Penchel D´Aparecida,CO_ORIENTADOR,NAO
2006,TRABALHO_DE_CONCLUSAO_DE_CURSO_GRADUACAO,Centro Universitário de Belo Horizonte,Produção Editorial,Lívia Laurito Machado,CO_ORIENTADOR,NAO
2006,TRABALHO_DE_CONCLUSAO_DE_CURSO_GRADUACAO,Centro Universitário de Belo Horizonte,Produção Editorial,Igor Manjud Maluf,CO_ORIENTADOR,NAO
2008,TRABALHO_DE_CONCLUSAO_DE_CURSO_GRADUACAO,Faculdade de Filosofia e Ciências Humanas da UFMG,Comunicação Social,Erick Ricco Hoelzle e Fernando Mendes Cunha,CO_ORIENTADOR,NAO
2009,TRABALHO_DE_CONCLUSAO_DE_CURSO_GRADUACAO,Escola de Belas Artes da UFMG,Artes Visuais - habilitação em Cinema de Animação,Aline Cota Lopes,CO_ORIENTADOR,NAO
2009,TRABALHO_DE_CONCLUSAO_DE_CURSO_GRADUACAO,Escola de Belas Artes da UFMG,Artes Visuais - habilitação em Cinema de Animação,Bruno Ribeiro Profeta,CO_ORIENTADOR,NAO
2010,TRABALHO_DE_CONCLUSAO_DE_CURSO_GRADUACAO,Escola de Belas Artes da UFMG,Artes Visuais - habilitação em Cinema de Animação,Fabiano Bomfim e Maria Antônia Dinelli,CO_ORIENTADOR,NAO
2010,TRABALHO_DE_CONCLUSAO_DE_CURSO_GRADUACAO,Escola de Belas Artes da UFMG,Artes Visuais - habilitação em Cinema de Animação,Marcela Werkema de Oliveira Moraes,CO_ORIENTADOR,NAO
2010,TRABALHO_DE_CONCLUSAO_DE_CURSO_GRADUACAO,Escola de Belas Artes da UFMG,Artes Visuais - habilitação em Cinema de Animação,Carlos Alexandre de Assis Vieira,CO_ORIENTADOR,NAO
2011,TRABALHO_DE_CONCLUSAO_DE_CURSO_GRADUACAO,Escola de Belas Artes da UFMG,Artes Visuais - habilitação em Cinema de Animação,Marco Túlio Ramos Vieira,CO_ORIENTADOR,NAO
2013,TRABALHO_DE_CONCLUSAO_DE_CURSO_GRADUACAO,Escola de Belas Artes da UFMG,Artes Visuais - habilitação em Cinema de Animação,Rafael Pires Meira Lima,CO_ORIENTADOR,NAO
2013,TRABALHO_DE_CONCLUSAO_DE_CURSO_GRADUACAO,Escola de Belas Artes da UFMG,Artes Visuais - habilitação em Cinema de Animação,Júlio César de Senna,CO_ORIENTADOR,NAO
2013,TRABALHO_DE_CONCLUSAO_DE_CURSO_GRADUACAO,Escola de Belas Artes da UFMG,Cinema de Animação e Artes Digitais - CAAD,Luiz Augusto Couri da Silva,CO_ORIENTADOR,NAO
2013,INICIACAO_CIENTIFICA,Escola de Belas Artes da UFMG,Cinema de Animação e Artes Digitais - CAAD,Paula Silva,CO_ORIENTADOR,SIM
2013,MONOGRAFIA_DE_CONCLUSAO_DE_CURSO_APERFEICOAMENTO_E_ESPECIALIZACAO,Escola de Belas Artes da UFMG,Curso de Especialização no Ensino de Artes Visuais,Alessandra Alves Rabelo Rodrigues,CO_ORIENTADOR,NAO
2013,MONOGRAFIA_DE_CONCLUSAO_DE_CURSO_APERFEICOAMENTO_E_ESPECIALIZACAO,Escola de Belas Artes da UFMG,Curso de Especialização no Ensino de Artes Visuais,Claudia Cristina Augusta Frederico Joviano,CO_ORIENTADOR,NAO
2013,MONOGRAFIA_DE_CONCLUSAO_DE_CURSO_APERFEICOAMENTO_E_ESPECIALIZACAO,Escola de Belas Artes da UFMG,Curso de Especialização no Ensino de Artes Visuais,Denise Vidal Martins de Souza,CO_ORIENTADOR,NAO
2013,MONOGRAFIA_DE_CONCLUSAO_DE_CURSO_APERFEICOAMENTO_E_ESPECIALIZACAO,Escola de Belas Artes da UFMG,Curso de Especialização no Ensino de Artes Visuais,Gislene Cristina Alves,CO_ORIENTADOR,NAO
2013,MONOGRAFIA_DE_CONCLUSAO_DE_CURSO_APERFEICOAMENTO_E_ESPECIALIZACAO,Escola de Belas Artes da UFMG,Curso de Especialização no Ensino de Artes Visuais,Mariana Queiroz Dias Spinola,CO_ORIENTADOR,NAO
2013,MONOGRAFIA_DE_CONCLUSAO_DE_CURSO_APERFEICOAMENTO_E_ESPECIALIZACAO,Escola de Belas Artes da UFMG,Curso de Especialização no Ensino de Artes Visuais,Marilia Alves Rodrigues,CO_ORIENTADOR,NAO
2014,TRABALHO_DE_CONCLUSAO_DE_CURSO_GRADUACAO,Escola de Belas Artes da UFMG,Artes Visuais - habilitação em Cinema de Animação,Elisângela Pereira Gomes,CO_ORIENTADOR,NAO
2013,TRABALHO_DE_CONCLUSAO_DE_CURSO_GRADUACAO,Escola de Belas Artes da UFMG,Artes Visuais - habilitação em Cinema de Animação,Diego Luan de Medeiros,CO_ORIENTADOR,NAO
2014,TRABALHO_DE_CONCLUSAO_DE_CURSO_GRADUACAO,Escola de Belas Artes da UFMG,Cinema de Animação e Artes Digitais - CAAD,Marcella Furtado Rodrigues,CO_ORIENTADOR,NAO
2014,TRABALHO_DE_CONCLUSAO_DE_CURSO_GRADUACAO,Escola de Belas Artes da UFMG,Artes Visuais - habilitação em Cinema de Animação,Alexandre Lucas Martins,CO_ORIENTADOR,NAO
2014,ORIENTACAO-DE-OUTRA-NATUREZA,Escola de Belas Artes da UFMG,Cinema de Animação e Artes Digitais - CAAD,Arielly Moraes Pereira,CO_ORIENTADOR,SIM
2015,TRABALHO_DE_CONCLUSAO_DE_CURSO_GRADUACAO,Escola de Belas Artes da UFMG,Cinema de Animação e Artes Digitais - CAAD,Arielly Moraes Pereira,CO_ORIENTADOR,NAO
2018,TRABALHO_DE_CONCLUSAO_DE_CURSO_GRADUACAO,Escola de Belas Artes da UFMG,Cinema de Animação e Artes Digitais - CAAD,Kayke Quadros Carvalho,CO_ORIENTADOR,NAO
2014,TRABALHO_DE_CONCLUSAO_DE_CURSO_GRADUACAO,Escola de Belas Artes da UFMG,Cinema de Animação e Artes Digitais - CAAD,Carolina Caldeira de Vilhena Campos,CO_ORIENTADOR,NAO
2017,TRABALHO_DE_CONCLUSAO_DE_CURSO_GRADUACAO,Escola de Belas Artes da UFMG,Cinema de Animação e Artes Digitais - CAAD,Cinthia Procópio,CO_ORIENTADOR,NAO
2005,TRABALHO_DE_CONCLUSAO_DE_CURSO_GRADUACAO,Centro Universitário de Belo Horizonte,Produção Editorial,Adroaldo Leal da Silva Júnior,CO_ORIENTADOR,NAO
