TITLE,YEAR,DOI,LANG,JOURNAL,QUALIS,ISSN,AUTHOR,ORDER,ORDER_OK,JCR
O desenvolvimento musical na infância: algumas considerações,1997,,Português,Música Hoje,XX,-,['Lilia Neves Gonçalves'],['1'],['1'],-99
A criação e institucionalização dos conservatórios estaduais de música de Minas Gerais,2000,,Português,Boletim do Núcleo de Educação Musical do Demac,XX,-,['Lilia Neves Gonçalves'],['1'],['1'],-99
Resenha,2005,,Português,Em Pauta (Porto Alegre),XX,0103-7420,['Lilia Neves Gonçalves'],['1'],['1'],-99
Educação musical e sociabilidade: um estudo em espaços de ensinar/aprender música em Uberlândia (Minas Gerais) nas décadas de 1940 a 1960.,2007,,Português,Em Pauta (UFRGS),XX,0103-7420,['Lilia Neves Gonçalves'],['1'],['1'],-99
O ensino/aprendizagem de música em Uberlândia de 1930-1945: um estudo sobre as práticas pedagógico-musicais,2010,,Português,Horizonte Científico (Uberlândia),NP,1808-3064,"['José Luís Moreira Rodrigues', 'Lilia Neves Gonçalves']","['1', '2']",['2'],-99
"Práticas musicais como elemento de cultura, civilização e progresso na cidade de Uberlândia-MG (1888-1957)",2016,10.14393/OUV19-v12n2a2016-6,Português,Ouvirouver (Online),XX,1983-1005,"['CUNHA, DANIELA CARRIJO FRANCO', 'Lilia Neves Gonçalves']","['1', '2']",['2'],-99
A presença do piano em escolas de Uberlândia de 1889 a 1957.,2020,10.14393/OT2020v22.n.1.44198,Português,REVISTA OLHARES E TRILHAS,B1,1983-3857,"['Daniela Carrijo Franco Cunha', 'Lilia Neves Gonçalves']","['1', '2']",['2'],-99
O saber musical escolar e o livro didático de Arte: Uma análise dos conteúdos nas coleções aprovadas no PNLD,2020,10.14393/OT2020v22.n.1.48317,Português,REVISTA OLHARES E TRILHAS,B1,1983-3857,"['Karla Beatriz Soares de Souza', 'Lilia Neves Gonçalves']","['1', '2']",['2'],-99
A música na educação de jovens e adultos (EJA): Um estudo sobre relações musicais entre diferentes grupos etários na escola,2020,10.14393/OT2020v22.n.1.52534,Português,REVISTA OLHARES E TRILHAS,B1,1983-3857,"['Jennifer Gonzaga', 'Lilia Neves Gonçalves']","['1', '2']",['2'],-99
