YEAR,NATURE,INSTITUTION,COURSE,STUDENT,TYPE,SPONSOR
2021,Dissertação de mestrado,Universidade Federal do Tocantins,Mestrado Profissional em Educação,Pedro Pereira Cortes Filho,ORIENTADOR_PRINCIPAL,NAO
2021,Dissertação de mestrado,Universidade Federal do Tocantins,Mestrado Profissional em Educação,Talita Cardoso Silva e Silva,ORIENTADOR_PRINCIPAL,NAO
2016,ORIENTACAO-DE-OUTRA-NATUREZA,Universidade Federal do Tocantins,Educação do Campo com Habilitação em Artes e Música,Rosânia Alves Macêdo,CO_ORIENTADOR,NAO
2016,ORIENTACAO-DE-OUTRA-NATUREZA,Universidade Federal do Tocantins,Educação do Campo com Habilitação em Artes e Música,Edimila Matos da Silva,CO_ORIENTADOR,NAO
2016,ORIENTACAO-DE-OUTRA-NATUREZA,Universidade Federal do Tocantins,Educação do Campo com Habilitação em Artes e Música,JANY LÚCIA ALVES DE SOUSA,CO_ORIENTADOR,NAO
2016,ORIENTACAO-DE-OUTRA-NATUREZA,Universidade Federal do Tocantins,Educação do Campo com Habilitação em Artes e Música,Maria Aparecida Gomes Aguiar Da Silva,CO_ORIENTADOR,NAO
2016,ORIENTACAO-DE-OUTRA-NATUREZA,Universidade Federal do Tocantins,Educação do Campo com Habilitação em Artes e Música,Sabrina Borges de Oliveira,CO_ORIENTADOR,NAO
2016,ORIENTACAO-DE-OUTRA-NATUREZA,Universidade Federal do Tocantins,Educação do Campo com Habilitação em Artes e Música,SARA DA SILVA MESQUITA,CO_ORIENTADOR,NAO
2016,ORIENTACAO-DE-OUTRA-NATUREZA,Universidade Federal do Tocantins,Educação do Campo com Habilitação em Artes e Música,Silmara Maria Queiroz Vieira,CO_ORIENTADOR,NAO
2016,ORIENTACAO-DE-OUTRA-NATUREZA,Universidade Federal do Tocantins,Educação do Campo com Habilitação em Artes e Música,Taylane Fernandes da silva,CO_ORIENTADOR,NAO
2016,ORIENTACAO-DE-OUTRA-NATUREZA,Universidade Federal do Tocantins,Educação do Campo com Habilitação em Artes e Música,Yonara Laize Rocha Cruz,CO_ORIENTADOR,NAO
2016,ORIENTACAO-DE-OUTRA-NATUREZA,Universidade Federal do Tocantins,Educação do Campo com Habilitação em Artes e Música,Maria Zélia de Sousa,CO_ORIENTADOR,NAO
2016,ORIENTACAO-DE-OUTRA-NATUREZA,Universidade Federal do Tocantins,Educação do Campo com Habilitação em Artes e Música,CLEONICE CARVALHO FRANÇA,CO_ORIENTADOR,NAO
2016,ORIENTACAO-DE-OUTRA-NATUREZA,Universidade Federal do Tocantins,Educação do Campo com Habilitação em Artes e Música,Poliana Souza de Oliveira,CO_ORIENTADOR,NAO
2016,ORIENTACAO-DE-OUTRA-NATUREZA,Universidade Federal do Tocantins,Educação do Campo com Habilitação em Artes e Música,Patricia Souza de Oliveira,CO_ORIENTADOR,NAO
2017,TRABALHO_DE_CONCLUSAO_DE_CURSO_GRADUACAO,Universidade Federal do Tocantins,Educação do Campo com Habilitação em Artes e Música,Edinair Menezes Brandão,CO_ORIENTADOR,NAO
2017,TRABALHO_DE_CONCLUSAO_DE_CURSO_GRADUACAO,Universidade Federal do Tocantins,Educação do Campo com Habilitação em Artes e Música,Francivaldo Fernandes Barbosa,CO_ORIENTADOR,NAO
2017,TRABALHO_DE_CONCLUSAO_DE_CURSO_GRADUACAO,Universidade Federal do Tocantins,Educação do Campo com Habilitação em Artes e Música,Geilane Diniz dos Santos,CO_ORIENTADOR,NAO
2017,TRABALHO_DE_CONCLUSAO_DE_CURSO_GRADUACAO,Universidade Federal do Tocantins,Educação do Campo com Habilitação em Artes e Música,Gilmar Ferreira Amorim,CO_ORIENTADOR,NAO
2017,TRABALHO_DE_CONCLUSAO_DE_CURSO_GRADUACAO,Universidade Federal do Tocantins,Educação do Campo com Habilitação em Artes e Música,Irany Ferreira Lima,CO_ORIENTADOR,NAO
2017,TRABALHO_DE_CONCLUSAO_DE_CURSO_GRADUACAO,Universidade Federal do Tocantins,Educação do Campo com Habilitação em Artes e Música,Leidiane Gomes da Silva Lima,CO_ORIENTADOR,NAO
2017,TRABALHO_DE_CONCLUSAO_DE_CURSO_GRADUACAO,Universidade Federal do Tocantins,Educação do Campo com Habilitação em Artes e Música,Luciane Gomes dos Santos Nunes,CO_ORIENTADOR,NAO
2017,TRABALHO_DE_CONCLUSAO_DE_CURSO_GRADUACAO,Universidade Federal do Tocantins,Educação do Campo com Habilitação em Artes e Música,Antonio Pereira da Silva,CO_ORIENTADOR,NAO
2018,TRABALHO_DE_CONCLUSAO_DE_CURSO_GRADUACAO,Universidade Federal do Tocantins,Pedagogia,Josivânia Ferreira Brito,CO_ORIENTADOR,NAO
2018,INICIACAO_CIENTIFICA,Universidade Federal do Tocantins,Educação do Campo com Habilitação em Artes e Música,Edimila Matos da Silva,CO_ORIENTADOR,SIM
2017,ORIENTACAO-DE-OUTRA-NATUREZA,Universidade Federal do Tocantins,Educação do Campo com Habilitação em Artes e Música,Moisés Sousa Almeida,CO_ORIENTADOR,NAO
2018,TRABALHO_DE_CONCLUSAO_DE_CURSO_GRADUACAO,Universidade Federal do Tocantins,Educação do Campo com Habilitação em Artes e Música,Cecília Gomes Carvalho,CO_ORIENTADOR,NAO
2018,TRABALHO_DE_CONCLUSAO_DE_CURSO_GRADUACAO,Universidade Federal do Tocantins,Educação do Campo com Habilitação em Artes e Música,Gracilene dos Santos,CO_ORIENTADOR,NAO
2018,TRABALHO_DE_CONCLUSAO_DE_CURSO_GRADUACAO,Universidade Federal do Tocantins,Educação do Campo com Habilitação em Artes e Música,Ludimila Silva Almeida,CO_ORIENTADOR,NAO
2018,TRABALHO_DE_CONCLUSAO_DE_CURSO_GRADUACAO,Universidade Federal do Tocantins,Educação do Campo com Habilitação em Artes e Música,Sabrina Borges de Oliveira,CO_ORIENTADOR,NAO
2018,TRABALHO_DE_CONCLUSAO_DE_CURSO_GRADUACAO,Universidade Federal do Tocantins,Educação do Campo com Habilitação em Artes e Música,Taylane Fernandes da Silva,CO_ORIENTADOR,NAO
2018,TRABALHO_DE_CONCLUSAO_DE_CURSO_GRADUACAO,Universidade Federal do Tocantins,Educação do Campo com Habilitação em Artes e Música,Edimila Matos da Silva,CO_ORIENTADOR,SIM
2019,INICIACAO_CIENTIFICA,Universidade Federal do Tocantins,Educação do Campo com Habilitação em Artes e Música,Luis Gomes de Oliveira,CO_ORIENTADOR,SIM
2019,TRABALHO_DE_CONCLUSAO_DE_CURSO_GRADUACAO,Universidade Federal do Tocantins,Educação do Campo com Habilitação em Artes e Música,Claudimara Rodrigues Gomes,CO_ORIENTADOR,NAO
2019,TRABALHO_DE_CONCLUSAO_DE_CURSO_GRADUACAO,Universidade Federal do Tocantins,Educação do Campo com Habilitação em Artes e Música,Wemerson Marinho de Sousa,CO_ORIENTADOR,NAO
2019,TRABALHO_DE_CONCLUSAO_DE_CURSO_GRADUACAO,Universidade Federal do Tocantins,Educação do Campo com Habilitação em Artes e Música,Alcileia Sousa Nunes,CO_ORIENTADOR,NAO
2020,INICIACAO_CIENTIFICA,Universidade Federal do Tocantins,Educação do Campo com Habilitação em Artes e Música,Regina Vieira de Souza,CO_ORIENTADOR,SIM
2019,MONOGRAFIA_DE_CONCLUSAO_DE_CURSO_APERFEICOAMENTO_E_ESPECIALIZACAO,Universidade Federal de Uberlândia,Docência na Educação Infantil,Diele Francisca Silva Ferraz,CO_ORIENTADOR,NAO
2019,MONOGRAFIA_DE_CONCLUSAO_DE_CURSO_APERFEICOAMENTO_E_ESPECIALIZACAO,Universidade Federal de Uberlândia,Docência na Educação Infantil,Juliana Maria Ribeiro de Oliveira,CO_ORIENTADOR,NAO
2019,MONOGRAFIA_DE_CONCLUSAO_DE_CURSO_APERFEICOAMENTO_E_ESPECIALIZACAO,Universidade Federal de Uberlândia,Docência na Educação Infantil,Kátia Cristina Da Silva Crispim,CO_ORIENTADOR,NAO
2019,MONOGRAFIA_DE_CONCLUSAO_DE_CURSO_APERFEICOAMENTO_E_ESPECIALIZACAO,Universidade Federal de Uberlândia,Docência na Educação Infantil,Maria de Fátima Gonçalves,CO_ORIENTADOR,NAO
2019,MONOGRAFIA_DE_CONCLUSAO_DE_CURSO_APERFEICOAMENTO_E_ESPECIALIZACAO,Universidade Federal de Uberlândia,Docência na Educação Infantil,Steffane Aparecida Sousa Amorim,CO_ORIENTADOR,NAO
2020,MONOGRAFIA_DE_CONCLUSAO_DE_CURSO_APERFEICOAMENTO_E_ESPECIALIZACAO,Universidade Federal do Tocantins,Especialização em Gestão e Organização do Trabalho Escolar,Gracilene dos Santos,CO_ORIENTADOR,NAO
2019,MONOGRAFIA_DE_CONCLUSAO_DE_CURSO_APERFEICOAMENTO_E_ESPECIALIZACAO,Universidade Federal de Uberlândia,Docência na Educação Infantil,Isabella Ferreira Soares Santos,CO_ORIENTADOR,NAO
2021,TRABALHO_DE_CONCLUSAO_DE_CURSO_GRADUACAO,Universidade Federal do Tocantins,Educação do Campo com Habilitação em Artes e Música,Larissa Barbosa Alencar,CO_ORIENTADOR,NAO
2021,TRABALHO_DE_CONCLUSAO_DE_CURSO_GRADUACAO,Universidade Federal do Tocantins,Educação do Campo com Habilitação em Artes e Música,Renata Costa Brito Moraes,CO_ORIENTADOR,NAO
2020,INICIACAO_CIENTIFICA,Universidade Federal do Tocantins,Educação do Campo com Habilitação em Artes e Música,Rosane Gomes de Araújo,CO_ORIENTADOR,SIM
2021,TRABALHO_DE_CONCLUSAO_DE_CURSO_GRADUACAO,Universidade Federal do Tocantins,Educação do Campo com Habilitação em Artes e Música,Regina Vieira de Souza,CO_ORIENTADOR,SIM
2020,MONOGRAFIA_DE_CONCLUSAO_DE_CURSO_APERFEICOAMENTO_E_ESPECIALIZACAO,Universidade Federal do Tocantins,Especialização em Gestão e Organização do Trabalho Escolar,Erlane Rodrigues da Costa,CO_ORIENTADOR,NAO
2021,INICIACAO_CIENTIFICA,Universidade Federal do Tocantins,Educação do Campo com Habilitação em Artes e Música,Regina Vieira Souza,CO_ORIENTADOR,SIM
2022,TRABALHO_DE_CONCLUSAO_DE_CURSO_GRADUACAO,Universidade Federal do Tocantins,Educação do Campo com Habilitação em Artes e Música,Rosane Gomes de Araújo,CO_ORIENTADOR,NAO
2020,MONOGRAFIA_DE_CONCLUSAO_DE_CURSO_APERFEICOAMENTO_E_ESPECIALIZACAO,Universidade Federal do Tocantins,Especialização em Gestão e Organização do Trabalho Escolar,Cecilia Gomes de Carvalho,CO_ORIENTADOR,NAO
