YEAR,NATURE,INSTITUTION,COURSE,STUDENT,TYPE,SPONSOR
2019,Dissertação de mestrado,Universidade Federal de Uberlândia,Artes Cênicas,Vanessa Garcia dos Santos,ORIENTADOR_PRINCIPAL,NAO
2021,Dissertação de mestrado,Universidade Federal de Uberlândia,Artes Cênicas,Marcelo de Souza Camargo,ORIENTADOR_PRINCIPAL,SIM
2019,Dissertação de mestrado,Universidade Federal de Uberlândia,Artes Cênicas,Thomaz Tobias de Castro Nava Paiva,ORIENTADOR_PRINCIPAL,NAO
2017,Tese de doutorado,Universidade do Estado do Rio de Janeiro,Artes,Cláudia Góes Müller,CO_ORIENTADOR,SIM
2016,INICIACAO_CIENTIFICA,Universidade Federal de Uberlândia,Dança,Renata Almeida Silva,CO_ORIENTADOR,SIM
2017,INICIACAO_CIENTIFICA,Universidade Federal de Uberlândia,Teatro - Licenciatura Ou Bacharelado,Sara Valadão,CO_ORIENTADOR,SIM
2017,TRABALHO_DE_CONCLUSAO_DE_CURSO_GRADUACAO,Universidade Federal de Uberlândia,Dança,Aline Pinheiro Salmin,CO_ORIENTADOR,NAO
2017,TRABALHO_DE_CONCLUSAO_DE_CURSO_GRADUACAO,Universidade Federal de Uberlândia,Dança,José Inácio Grillo Júnior,CO_ORIENTADOR,NAO
2017,INICIACAO_CIENTIFICA,Universidade Federal de Uberlândia,Dança,Renata Almeida Silva,CO_ORIENTADOR,SIM
2022,TRABALHO_DE_CONCLUSAO_DE_CURSO_GRADUACAO,Universidade Federal de Uberlândia,Dança,Alexandre Rodrigues,CO_ORIENTADOR,NAO
2016,TRABALHO_DE_CONCLUSAO_DE_CURSO_GRADUACAO,Universidade Federal de Uberlândia,Dança,Paula Poltronieri Silva,CO_ORIENTADOR,NAO
