TITLE,YEAR,LANG,EDITORA,AUTHOR,ORDER,ORDER_OK
Técnicas de dança &amp; artefatos cognitivos,2009,Português,Letradágua,"['Daniella de Aguiar', 'João Queiroz']","['1', '2']",['1']
Iconicity and intersemiotic translation,2013,Inglês,Legas,"['João Queiroz', 'Daniella de Aguiar']","['1', '2']",['2']
C. S. Peirce and Intersemiotic Translation,2015,Inglês,Springer,"['João Queiroz', 'Daniella de Aguiar']","['1', '2']",['2']
Intersemiotic translation as an intermedial strategy for artistic production: the photographic translation of a mobile art project.,2018,Inglês,Verlag Dr. Kovac,"['Letícia Alves Vitral', 'Daniella de Aguiar', 'João Queiroz']","['1', '2', '3']",['2']
"Gertrude Stein, tradução e intermidialidade",2018,Português,Kotter Editorial,"['João Queiroz', 'Luci Collin', 'Daniella de Aguiar']","['1', '2', '3']",['3']
Tradução intersemióica de Gertrude Stein para dança,2018,Português,Kotter Editorial,"['João Queiroz', 'Daniella de Aguiar']","['1', '2']",['2']
Tradução intersemiótica: teoria e modelo baseados na filosofia do signo de C.S. Peirce,2016,Português,Pedro &amp; João Editores,"['João Queiroz', 'Daniella de Aguiar']","['1', '2']",['2']
