YEAR,NATURE,INSTITUTION,COURSE,STUDENT,TYPE,SPONSOR
2016,Dissertação de mestrado,Universidade Federal de Ouro Preto,Mestrado em Artes Cênicas,Adriana da Silva Maciel,ORIENTADOR_PRINCIPAL,SIM
2017,Dissertação de mestrado,Universidade Federal de Ouro Preto,Artes Cênicas,Antonio Apolinário da Silva,ORIENTADOR_PRINCIPAL,SIM
2017,Dissertação de mestrado,Universidade Federal de Ouro Preto,Artes Cênicas,Carolina Barroso de Pinho Magalhães,ORIENTADOR_PRINCIPAL,SIM
2018,Dissertação de mestrado,Universidade Federal de Ouro Preto,Artes Cênicas,Marcelo Marques Teixeira,ORIENTADOR_PRINCIPAL,SIM
2018,Dissertação de mestrado,Universidade Federal de Ouro Preto,Artes Cênicas,Cristiano Diniz Aguiar,ORIENTADOR_PRINCIPAL,SIM
2021,Dissertação de mestrado,Universidade Federal de Ouro Preto,Artes Cênicas,Andrey Tamarozzi Lima,ORIENTADOR_PRINCIPAL,NAO
2021,Dissertação de mestrado,Universidade Federal de Ouro Preto,Artes Cênicas,Daniela de Castro Lima,ORIENTADOR_PRINCIPAL,NAO
2009,TRABALHO_DE_CONCLUSAO_DE_CURSO_GRADUACAO,Universidade Federal de Ouro Preto,Bacharelado em Artes Cênicas,Daniane Gonçalves Reis,CO_ORIENTADOR,NAO
2009,TRABALHO_DE_CONCLUSAO_DE_CURSO_GRADUACAO,Universidade Federal de Ouro Preto,Bacharelado em Artes Cênicas,Priscila Aparecida Gabriela Borges,CO_ORIENTADOR,NAO
2009,TRABALHO_DE_CONCLUSAO_DE_CURSO_GRADUACAO,Universidade Federal de Ouro Preto,Bacharelado em Artes Cênicas,Rosana de Viveiros Barbosa,CO_ORIENTADOR,NAO
2009,TRABALHO_DE_CONCLUSAO_DE_CURSO_GRADUACAO,Universidade Federal de Ouro Preto,Bacharelado em Artes Cênicas,Lis Nasser Marques,CO_ORIENTADOR,NAO
2009,TRABALHO_DE_CONCLUSAO_DE_CURSO_GRADUACAO,Universidade Federal de Ouro Preto,Bacharelado em Artes Cênicas,Samantha Keller Silva Rogrigues,CO_ORIENTADOR,NAO
2009,INICIACAO_CIENTIFICA,Universidade Federal de Ouro Preto,Bacharelado em Artes Cênicas,Sebastião Américo de Sousa Caetano Barrozo,CO_ORIENTADOR,NAO
2009,INICIACAO_CIENTIFICA,Universidade Federal de Ouro Preto,Bacharelado em Artes Cênicas,Thayany Toledo Muniz,CO_ORIENTADOR,SIM
2009,INICIACAO_CIENTIFICA,Universidade Federal de Ouro Preto,Bacharelado em Artes Cênicas,Natali Bentley Leme,CO_ORIENTADOR,SIM
2009,INICIACAO_CIENTIFICA,Universidade Federal de Ouro Preto,Bacharelado em Artes Cênicas,Nadiana de Assis Carvalho,CO_ORIENTADOR,NAO
2010,TRABALHO_DE_CONCLUSAO_DE_CURSO_GRADUACAO,Universidade Federal de Ouro Preto,Bacharelado em Artes Cênicas,Josiane da Silva Reis,CO_ORIENTADOR,NAO
2010,TRABALHO_DE_CONCLUSAO_DE_CURSO_GRADUACAO,Universidade Federal de Ouro Preto,Bacharelado em Artes Cênicas,Lis Nasser Marques,CO_ORIENTADOR,NAO
2010,INICIACAO_CIENTIFICA,Universidade Federal de Ouro Preto,Licenciatura em Artes Cênicas,Bábara Lopes Henriquers,CO_ORIENTADOR,SIM
2010,INICIACAO_CIENTIFICA,Universidade Federal de Ouro Preto,Bacharelado em Artes Cênicas,Natali Bentley Leme,CO_ORIENTADOR,SIM
2011,TRABALHO_DE_CONCLUSAO_DE_CURSO_GRADUACAO,Universidade Federal de Ouro Preto,Bacharelado em Artes Cênicas,Emerson Fernandes Pereira,CO_ORIENTADOR,NAO
2011,TRABALHO_DE_CONCLUSAO_DE_CURSO_GRADUACAO,Universidade Federal de Ouro Preto,Bacharelado em Artes Cênicas,Natali Bentley Leme,CO_ORIENTADOR,NAO
2012,TRABALHO_DE_CONCLUSAO_DE_CURSO_GRADUACAO,Universidade Federal de Ouro Preto,Bacharelado em Artes Cênicas,Emerson Fernandes Pereira,CO_ORIENTADOR,NAO
2012,TRABALHO_DE_CONCLUSAO_DE_CURSO_GRADUACAO,Universidade Federal de Ouro Preto,Bacharelado em Artes Cênicas,Leonardo Oliveira Faria,CO_ORIENTADOR,NAO
2012,TRABALHO_DE_CONCLUSAO_DE_CURSO_GRADUACAO,Universidade Federal de Ouro Preto,Bacharelado em Artes Cênicas,Natali Bentley Leme,CO_ORIENTADOR,NAO
2012,INICIACAO_CIENTIFICA,Universidade Federal de Ouro Preto,Artes Cênicas,Adriana da Silva Maciel,CO_ORIENTADOR,SIM
2012,INICIACAO_CIENTIFICA,Universidade Federal de Ouro Preto,Artes Cênicas,Ricelli dos Santos Piva,CO_ORIENTADOR,NAO
2012,INICIACAO_CIENTIFICA,Universidade Federal de Ouro Preto,Artes Cênicas,Panmella Kelen Ribeiro Costa,CO_ORIENTADOR,NAO
2014,TRABALHO_DE_CONCLUSAO_DE_CURSO_GRADUACAO,Universidade Federal de Ouro Preto,Bacharelado em Artes Cênicas,Gabriela Pereira Severini,CO_ORIENTADOR,NAO
2013,INICIACAO_CIENTIFICA,Universidade Federal de Ouro Preto,Bacharelado em Artes Cênicas,Adriana da Silva Maciel,CO_ORIENTADOR,SIM
2013,INICIACAO_CIENTIFICA,Universidade Federal de Ouro Preto,Bacharelado em Artes Cênicas,Ana Lídia Miranda Durante,CO_ORIENTADOR,SIM
2013,TRABALHO_DE_CONCLUSAO_DE_CURSO_GRADUACAO,Universidade Federal de Ouro Preto,Bacharelado em Artes Cênicas,Adriana da Silva Macield,CO_ORIENTADOR,NAO
2013,TRABALHO_DE_CONCLUSAO_DE_CURSO_GRADUACAO,Universidade Federal de Ouro Preto,Bacharelado em Artes Cênicas,Daniela Fontana de Lima,CO_ORIENTADOR,NAO
2013,TRABALHO_DE_CONCLUSAO_DE_CURSO_GRADUACAO,Universidade Federal de Ouro Preto,Bacharelado em Artes Cênicas,Grasielli de Oliveira Gontijo,CO_ORIENTADOR,NAO
2013,TRABALHO_DE_CONCLUSAO_DE_CURSO_GRADUACAO,Universidade Federal de Ouro Preto,Bacharelado em Artes Cênicas,Adriana da Silva Macield,CO_ORIENTADOR,NAO
2013,TRABALHO_DE_CONCLUSAO_DE_CURSO_GRADUACAO,Universidade Federal de Ouro Preto,Bacharelado em Artes Cênicas,Ana Lídia Miranda Durante,CO_ORIENTADOR,NAO
2013,TRABALHO_DE_CONCLUSAO_DE_CURSO_GRADUACAO,Universidade Federal de Ouro Preto,Bacharelado em Artes Cênicas,Daniela Fontana de Lima,CO_ORIENTADOR,NAO
2013,TRABALHO_DE_CONCLUSAO_DE_CURSO_GRADUACAO,Universidade Federal de Ouro Preto,Bacharelado em Artes Cênicas,Grasielli de Oliveira Gontijo,CO_ORIENTADOR,NAO
2014,TRABALHO_DE_CONCLUSAO_DE_CURSO_GRADUACAO,Universidade Federal de Ouro Preto,Bacharelado em Artes Cênicas,Marrione Warley da Silva,CO_ORIENTADOR,NAO
2016,INICIACAO_CIENTIFICA,Universidade Federal de Ouro Preto,Bacharelado em Artes Cênicas,Tábatta Iori Thiago,CO_ORIENTADOR,SIM
2019,TRABALHO_DE_CONCLUSAO_DE_CURSO_GRADUACAO,Universidade Federal de Ouro Preto,Artes Cênicas,Luis Fernando de Castro Lima,CO_ORIENTADOR,NAO
2018,TRABALHO_DE_CONCLUSAO_DE_CURSO_GRADUACAO,Universidade Federal de Ouro Preto,Artes Cênicas,Marina de Nóbile da Silveira,CO_ORIENTADOR,NAO
2019,INICIACAO_CIENTIFICA,Universidade Federal de Ouro Preto,Artes Cênicas,Luis Fernando Marques de Castro,CO_ORIENTADOR,SIM
2020,TRABALHO_DE_CONCLUSAO_DE_CURSO_GRADUACAO,Universidade Federal de Ouro Preto,Bacharelado em Artes Cênicas,Iva Thuany Ramalho de Oliveira,CO_ORIENTADOR,NAO
2021,TRABALHO_DE_CONCLUSAO_DE_CURSO_GRADUACAO,Universidade Federal de Ouro Preto,Licenciatura em Artes Cênicas,Isabel Mislandis Lerena,CO_ORIENTADOR,NAO
2021,TRABALHO_DE_CONCLUSAO_DE_CURSO_GRADUACAO,Universidade Federal de Ouro Preto,Bacharelado em Artes Cênicas,Gustavo Ferreira de Oliveira Sampaio,CO_ORIENTADOR,NAO
