YEAR,NATURE,INSTITUTION,COURSE,STUDENT,TYPE,SPONSOR
2018,Dissertação de mestrado,Universidade Federal de Uberlândia,Mestrado Profissional em Artes - ProfArtes,Rafael Gouveia Bueno,ORIENTADOR_PRINCIPAL,SIM
2019,Dissertação de mestrado,Universidade Federal de Uberlândia,Artes Cênicas,Rodrigo Azevedo dos Santos,ORIENTADOR_PRINCIPAL,NAO
2014,ORIENTACAO-DE-OUTRA-NATUREZA,Serviço Social da Industria - SESI,Ensino Fundamental,Alunos do Ensino Fundamental - SESI/SP - 8º e 9º Anos,CO_ORIENTADOR,NAO
2015,TRABALHO_DE_CONCLUSAO_DE_CURSO_GRADUACAO,Universidade Estadual de Montes Claros,Teatro,Pricila Custodio de Souza,CO_ORIENTADOR,NAO
2015,TRABALHO_DE_CONCLUSAO_DE_CURSO_GRADUACAO,Universidade Estadual de Montes Claros,Teatro,Rodrigo Soares Fonseca,CO_ORIENTADOR,NAO
2016,INICIACAO_CIENTIFICA,Universidade Estadual de Montes Claros,Teatro,Debora Maria Macedo,CO_ORIENTADOR,NAO
2016,INICIACAO_CIENTIFICA,Universidade Estadual de Montes Claros,Teatro,Elenice Geralda Alquimin,CO_ORIENTADOR,NAO
2016,TRABALHO_DE_CONCLUSAO_DE_CURSO_GRADUACAO,Universidade Estadual de Montes Claros,Teatro,Silson Cardoso,CO_ORIENTADOR,NAO
2016,TRABALHO_DE_CONCLUSAO_DE_CURSO_GRADUACAO,Universidade Estadual de Montes Claros,Teatro,Rafael Rodrigues,CO_ORIENTADOR,NAO
2016,TRABALHO_DE_CONCLUSAO_DE_CURSO_GRADUACAO,Universidade Estadual de Montes Claros,Teatro,Nemir Alves,CO_ORIENTADOR,NAO
2016,ORIENTACAO-DE-OUTRA-NATUREZA,Universidade Federal de Uberlândia,Dança,Flavia Lara Lima,CO_ORIENTADOR,SIM
2016,ORIENTACAO-DE-OUTRA-NATUREZA,Universidade Federal de Uberlândia,Dança,Tayná Martins Sol,CO_ORIENTADOR,SIM
2016,ORIENTACAO-DE-OUTRA-NATUREZA,Universidade Federal de Uberlândia,Teatro,Sara Valadão,CO_ORIENTADOR,NAO
2016,ORIENTACAO-DE-OUTRA-NATUREZA,Universidade Federal de Uberlândia,Teatro,Wesley dos Santos Nunes,CO_ORIENTADOR,NAO
2016,ORIENTACAO-DE-OUTRA-NATUREZA,Universidade Federal de Uberlândia,Teatro - Licenciatura Ou Bacharelado,Mariana de Abreu Barbosa Pereira da Silva,CO_ORIENTADOR,NAO
2016,ORIENTACAO-DE-OUTRA-NATUREZA,Universidade Federal de Uberlândia,Teatro - Licenciatura Ou Bacharelado,Thaisea Mazza Fernando,CO_ORIENTADOR,NAO
2016,ORIENTACAO-DE-OUTRA-NATUREZA,Universidade Federal de Uberlândia,Teatro - Licenciatura Ou Bacharelado,Gisleide de Souza Rocha,CO_ORIENTADOR,SIM
2016,ORIENTACAO-DE-OUTRA-NATUREZA,Universidade Federal de Uberlândia,Teatro - Licenciatura Ou Bacharelado,Ana Carolina Evangelista,CO_ORIENTADOR,NAO
2017,ORIENTACAO-DE-OUTRA-NATUREZA,Universidade Federal de Uberlândia,Teatro - Licenciatura Ou Bacharelado,Mariana de Abreu Barbosa Pereira da Silva,CO_ORIENTADOR,NAO
2017,ORIENTACAO-DE-OUTRA-NATUREZA,Universidade Federal de Uberlândia,Teatro - Licenciatura Ou Bacharelado,Wesley dos Santos Nunes,CO_ORIENTADOR,NAO
2017,ORIENTACAO-DE-OUTRA-NATUREZA,Universidade Federal de Uberlândia,Teatro - Licenciatura Ou Bacharelado,Gisleide de Souza Rocha,CO_ORIENTADOR,NAO
2017,ORIENTACAO-DE-OUTRA-NATUREZA,Universidade Federal de Uberlândia,Teatro - Licenciatura Ou Bacharelado,Lorenna Karla Silva,CO_ORIENTADOR,NAO
2017,ORIENTACAO-DE-OUTRA-NATUREZA,Universidade Federal de Uberlândia,,Jose Paulo Venâncio da Silva,CO_ORIENTADOR,SIM
2017,ORIENTACAO-DE-OUTRA-NATUREZA,Universidade Federal de Uberlândia,,Mariana de Abreu Barbosa Pereira da Silva,CO_ORIENTADOR,SIM
2017,ORIENTACAO-DE-OUTRA-NATUREZA,Universidade Federal de Uberlândia,Teatro - Licenciatura Ou Bacharelado,Ana Vitória Nogueira,CO_ORIENTADOR,NAO
2017,ORIENTACAO-DE-OUTRA-NATUREZA,Universidade Federal de Uberlândia,Teatro - Licenciatura Ou Bacharelado,Halan Vieira Alves,CO_ORIENTADOR,NAO
2018,ORIENTACAO-DE-OUTRA-NATUREZA,Universidade Federal de Uberlândia,Teatro - Licenciatura Ou Bacharelado,Pedro Henrique dos Santos Siqueira,CO_ORIENTADOR,SIM
2018,ORIENTACAO-DE-OUTRA-NATUREZA,Universidade Federal de Uberlândia,Teatro - Licenciatura Ou Bacharelado,Mario Leonardo Silva Marques,CO_ORIENTADOR,SIM
2018,ORIENTACAO-DE-OUTRA-NATUREZA,Universidade Federal de Uberlândia,Teatro - Licenciatura Ou Bacharelado,Mariana de Abreu Barbosa Pereira da Silva,CO_ORIENTADOR,SIM
2018,ORIENTACAO-DE-OUTRA-NATUREZA,Universidade Federal de Uberlândia,Teatro - Licenciatura Ou Bacharelado,Whander Allípio,CO_ORIENTADOR,NAO
2018,ORIENTACAO-DE-OUTRA-NATUREZA,Universidade Federal de Uberlândia,Teatro - Licenciatura Ou Bacharelado,Halan Vieira Alves,CO_ORIENTADOR,NAO
2018,ORIENTACAO-DE-OUTRA-NATUREZA,Universidade Federal de Uberlândia,Teatro - Licenciatura Ou Bacharelado,Samuel Gonçalves Pereira,CO_ORIENTADOR,NAO
2018,ORIENTACAO-DE-OUTRA-NATUREZA,Universidade Federal de Uberlândia,Teatro - Licenciatura Ou Bacharelado,Kassio Rodrigues dos Santos,CO_ORIENTADOR,NAO
2018,ORIENTACAO-DE-OUTRA-NATUREZA,Universidade Federal de Uberlândia,Teatro - Licenciatura Ou Bacharelado,Rosana Salomão Portilho,CO_ORIENTADOR,NAO
2018,ORIENTACAO-DE-OUTRA-NATUREZA,Universidade Federal de Uberlândia,Teatro - Licenciatura Ou Bacharelado,Gustavo Martins da Silva,CO_ORIENTADOR,NAO
2016,ORIENTACAO-DE-OUTRA-NATUREZA,Universidade Federal de Uberlândia,Teatro,José Venâncio,CO_ORIENTADOR,NAO
