YEAR,NATURE,INSTITUTION,COURSE,STUDENT,TYPE,SPONSOR
2015,Dissertação de mestrado,Universidade Federal de Uberlândia,Artes,Christhian Barcelos Carvalho Lima Beschizza,ORIENTADOR_PRINCIPAL,SIM
2018,Dissertação de mestrado,Universidade Federal de Uberlândia,Música,Rafael Milhomem,ORIENTADOR_PRINCIPAL,NAO
2019,Dissertação de mestrado,Universidade Federal de Uberlândia,Música,Daniel Pires de Paula,ORIENTADOR_PRINCIPAL,NAO
2015,Dissertação de mestrado,Universidade Federal de Uberlândia,Artes,Carlos Giovanny Domingoz Vaz,ORIENTADOR_PRINCIPAL,SIM
2008,TRABALHO_DE_CONCLUSAO_DE_CURSO_GRADUACAO,Universidade Federal de Uberlândia,Bacharelado em Violão,José Jeová de Sá Júnior,CO_ORIENTADOR,NAO
2008,TRABALHO_DE_CONCLUSAO_DE_CURSO_GRADUACAO,Universidade Federal de Uberlândia,Licenciatura em Violão,Juliano Jorge Cardoso de Miranda,CO_ORIENTADOR,NAO
2007,TRABALHO_DE_CONCLUSAO_DE_CURSO_GRADUACAO,Universidade Federal de Uberlândia,Licenciatura em Violão,Adriano Alexandre Rivas Orellana,CO_ORIENTADOR,NAO
2007,TRABALHO_DE_CONCLUSAO_DE_CURSO_GRADUACAO,Universidade Federal de Uberlândia,Bacharelado em Violão,Joel Souza de Almeida,CO_ORIENTADOR,NAO
2006,TRABALHO_DE_CONCLUSAO_DE_CURSO_GRADUACAO,Universidade Federal de Uberlândia,Bacharelado em Violão,Thiago Chaves de A. Oliveira,CO_ORIENTADOR,NAO
2005,TRABALHO_DE_CONCLUSAO_DE_CURSO_GRADUACAO,Universidade Federal de Uberlândia,Licenciatura em Violão,Marcus Vinícius Melazzo,CO_ORIENTADOR,NAO
2005,TRABALHO_DE_CONCLUSAO_DE_CURSO_GRADUACAO,Universidade Federal de Uberlândia,Licenciatura em Violão,Larissa Freitas Vitorino,CO_ORIENTADOR,NAO
2003,TRABALHO_DE_CONCLUSAO_DE_CURSO_GRADUACAO,Universidade Federal de Uberlândia,Bacharelado em Violão,Ormano Magno Augusto,CO_ORIENTADOR,NAO
2003,TRABALHO_DE_CONCLUSAO_DE_CURSO_GRADUACAO,Universidade Federal de Uberlândia,Bacharelado em Violão,Enéias Gonçalves Hamaguchi,CO_ORIENTADOR,NAO
2003,TRABALHO_DE_CONCLUSAO_DE_CURSO_GRADUACAO,Universidade Federal de Uberlândia,Bacharelado em Violão,Glênio Damasceno Borges,CO_ORIENTADOR,NAO
2002,TRABALHO_DE_CONCLUSAO_DE_CURSO_GRADUACAO,Universidade Federal de Uberlândia,Bacharelado em Violão,Alexandre Wendt de Oliveira,CO_ORIENTADOR,NAO
2010,TRABALHO_DE_CONCLUSAO_DE_CURSO_GRADUACAO,Universidade Federal de Uberlândia,Bacharelado em Violão,Adalcino Davi Miranda,CO_ORIENTADOR,NAO
2015,INICIACAO_CIENTIFICA,Universidade Federal de Uberlândia,Música - Violão,Christhian Barcelos Carvalho Lima Beschizza,CO_ORIENTADOR,SIM
2015,TRABALHO_DE_CONCLUSAO_DE_CURSO_GRADUACAO,Universidade Federal de Uberlândia,Música - Violão,Christhian Barcelos Carvalho Lima Beschizza,CO_ORIENTADOR,NAO
2015,TRABALHO_DE_CONCLUSAO_DE_CURSO_GRADUACAO,Universidade Federal de Uberlândia,Música - Violão,Anderson Dantas de Medeiros,CO_ORIENTADOR,NAO
2015,TRABALHO_DE_CONCLUSAO_DE_CURSO_GRADUACAO,Universidade Federal de Uberlândia,Música - Violão,Lorraine Albina Tomaz,CO_ORIENTADOR,NAO
2017,TRABALHO_DE_CONCLUSAO_DE_CURSO_GRADUACAO,Universidade Federal de Uberlândia,Música - Violão,Matheus Freitas,CO_ORIENTADOR,NAO
2022,MONOGRAFIA_DE_CONCLUSAO_DE_CURSO_APERFEICOAMENTO_E_ESPECIALIZACAO,Universidade Federal de Uberlândia,Curso de Música,LUCAS BORGES SILVEIRA,CO_ORIENTADOR,NAO
2007,TRABALHO_DE_CONCLUSAO_DE_CURSO_GRADUACAO,Universidade Federal de Uberlândia,Bacharelado em Violão,Antonio Júnior da Silva Moraes,CO_ORIENTADOR,NAO
