YEAR,NATURE,INSTITUTION,COURSE,STUDENT,TYPE,SPONSOR
2018,Dissertação de mestrado,Escola de Belas Artes,Profartes,Lismar Vilela,ORIENTADOR_PRINCIPAL,SIM
2018,Dissertação de mestrado,Universidade Federal de Minas Gerais,Artes,Mauro Roberto Vieira,ORIENTADOR_PRINCIPAL,NAO
2021,Dissertação de mestrado,Universidade Federal de Minas Gerais,Artes,Jessica de Sousa Moreira,ORIENTADOR_PRINCIPAL,NAO
1996,MONOGRAFIA_DE_CONCLUSAO_DE_CURSO_APERFEICOAMENTO_E_ESPECIALIZACAO,Universidade do Estado de Minas Gerais,Pós-Graduação em Arte-Educação,Magda Lucia de Assis Vieira de Souza,CO_ORIENTADOR,NAO
1996,MONOGRAFIA_DE_CONCLUSAO_DE_CURSO_APERFEICOAMENTO_E_ESPECIALIZACAO,Universidade do Estado de Minas Gerais,Pós-Graduação em Arte-Educação,Vanice Maria Almeida neris,CO_ORIENTADOR,NAO
2010,INICIACAO_CIENTIFICA,Universidade do Estado de Minas Gerais,Licenciatura em Educação Artística - Escola Guigna,Juliana Neiva Ribeiro,CO_ORIENTADOR,SIM
2010,MONOGRAFIA_DE_CONCLUSAO_DE_CURSO_APERFEICOAMENTO_E_ESPECIALIZACAO,Universidade do Estado de Minas Gerais,Pós-Graduação em Arte-Educação,Rosangela de Oliveira Bastos,CO_ORIENTADOR,NAO
2008,MONOGRAFIA_DE_CONCLUSAO_DE_CURSO_APERFEICOAMENTO_E_ESPECIALIZACAO,Universidade do Estado de Minas Gerais,Pós-Graduação em Arte-Educação,Ana Beatriz Siqueira Moraes,CO_ORIENTADOR,NAO
2009,MONOGRAFIA_DE_CONCLUSAO_DE_CURSO_APERFEICOAMENTO_E_ESPECIALIZACAO,Universidade do Estado de Minas Gerais,Pós-Graduação em Arte-Educação,Elise Ferreira,CO_ORIENTADOR,NAO
2011,TRABALHO_DE_CONCLUSAO_DE_CURSO_GRADUACAO,Universidade do Estado de Minas Gerais,Licenciatura em Educação Artística - Escola Guigna,Giselle M. Alves A. Pinto,CO_ORIENTADOR,NAO
2011,TRABALHO_DE_CONCLUSAO_DE_CURSO_GRADUACAO,Universidade do Estado de Minas Gerais,Licenciatura em Educação Artística - Escola Guigna,Poliana C. do Nascimento,CO_ORIENTADOR,NAO
2011,TRABALHO_DE_CONCLUSAO_DE_CURSO_GRADUACAO,Universidade do Estado de Minas Gerais,Licenciatura em Educação Artística - Escola Guigna,Diana Murta,CO_ORIENTADOR,NAO
2011,TRABALHO_DE_CONCLUSAO_DE_CURSO_GRADUACAO,Universidade do Estado de Minas Gerais,Licenciatura em Educação Artística - Escola Guigna,Debora Abrão,CO_ORIENTADOR,NAO
2011,TRABALHO_DE_CONCLUSAO_DE_CURSO_GRADUACAO,Universidade do Estado de Minas Gerais,Licenciatura em Educação Artística - Escola Guigna,Lidiane C. do Carmo,CO_ORIENTADOR,NAO
2011,TRABALHO_DE_CONCLUSAO_DE_CURSO_GRADUACAO,Universidade do Estado de Minas Gerais,Licenciatura em Educação Artística - Escola Guigna,Lorena Lopes Macieira,CO_ORIENTADOR,NAO
2009,MONOGRAFIA_DE_CONCLUSAO_DE_CURSO_APERFEICOAMENTO_E_ESPECIALIZACAO,Universidade do Estado de Minas Gerais,Ensino e Pesquisa no Campo da Arte e da Cultura,Silvia de Assis,CO_ORIENTADOR,NAO
2007,MONOGRAFIA_DE_CONCLUSAO_DE_CURSO_APERFEICOAMENTO_E_ESPECIALIZACAO,Universidade do Estado de Minas Gerais,Ensino e Pesquisa no Campo da Arte e da Cultura,Daniela Helena Cristina da Silva,CO_ORIENTADOR,NAO
2011,MONOGRAFIA_DE_CONCLUSAO_DE_CURSO_APERFEICOAMENTO_E_ESPECIALIZACAO,Universidade do Estado de Minas Gerais,Ensino e Pesquisa no Campo da Arte e da Cultura,Carla de Souza Silva,CO_ORIENTADOR,NAO
2014,MONOGRAFIA_DE_CONCLUSAO_DE_CURSO_APERFEICOAMENTO_E_ESPECIALIZACAO,Universidade do Estado de Minas Gerais,Ensino e Pesquisa no Campo da Arte e da Cultura,Alexandra Simões de Siqueira,CO_ORIENTADOR,NAO
2011,MONOGRAFIA_DE_CONCLUSAO_DE_CURSO_APERFEICOAMENTO_E_ESPECIALIZACAO,Universidade do Estado de Minas Gerais,Ensino e Pesquisa no Campo da Arte e da Cultura,Mariana Zanchetta Otaviano,CO_ORIENTADOR,NAO
2011,TRABALHO_DE_CONCLUSAO_DE_CURSO_GRADUACAO,Universidade do Estado de Minas Gerais,Licenciatura em Educação Artística - Escola Guigna,Scheilla Silvia Maciel Ramos,CO_ORIENTADOR,NAO
2008,TRABALHO_DE_CONCLUSAO_DE_CURSO_GRADUACAO,Universidade do Estado de Minas Gerais,Licenciatura em Educação Artística - Escola Guigna,Ana Beatriz Siqueira Morais,CO_ORIENTADOR,NAO
2009,TRABALHO_DE_CONCLUSAO_DE_CURSO_GRADUACAO,Universidade do Estado de Minas Gerais,Licenciatura em Educação Artística - Escola Guigna,Flávia Vicente Cruz,CO_ORIENTADOR,NAO
2008,TRABALHO_DE_CONCLUSAO_DE_CURSO_GRADUACAO,Universidade do Estado de Minas Gerais,Licenciatura em Educação Artística - Escola Guigna,Marilene Oliveira Almeida,CO_ORIENTADOR,NAO
2008,TRABALHO_DE_CONCLUSAO_DE_CURSO_GRADUACAO,Universidade do Estado de Minas Gerais,Licenciatura em Educação Artística - Escola Guigna,Amanda Moreira Lopes,CO_ORIENTADOR,NAO
2012,TRABALHO_DE_CONCLUSAO_DE_CURSO_GRADUACAO,Universidade do Estado de Minas Gerais,Licenciatura em Educação Artística - Escola Guigna,Denise Martha Freitas de Aguiar,CO_ORIENTADOR,NAO
2012,TRABALHO_DE_CONCLUSAO_DE_CURSO_GRADUACAO,Universidade do Estado de Minas Gerais,Licenciatura em Educação Artística - Escola Guigna,Janaína Aparecida de Carvalho,CO_ORIENTADOR,NAO
2012,TRABALHO_DE_CONCLUSAO_DE_CURSO_GRADUACAO,Universidade do Estado de Minas Gerais,Licenciatura em Educação Artística - Escola Guigna,Denise Cantagali Costa Mascarenhas,CO_ORIENTADOR,NAO
2010,TRABALHO_DE_CONCLUSAO_DE_CURSO_GRADUACAO,Universidade do Estado de Minas Gerais,Licenciatura em Educação Artística - Escola Guigna,Cristina de Castro MAchado Gama,CO_ORIENTADOR,NAO
2012,TRABALHO_DE_CONCLUSAO_DE_CURSO_GRADUACAO,Universidade do Estado de Minas Gerais,Licenciatura em Educação Artística - Escola Guigna,Giselle Marccusi Alves  Arriel Pinto,CO_ORIENTADOR,NAO
2013,TRABALHO_DE_CONCLUSAO_DE_CURSO_GRADUACAO,Universidade do Estado de Minas Gerais,Licenciatura em Educação Artística - Escola Guigna,João Carlos da Motta e Albuquerque,CO_ORIENTADOR,NAO
2014,MONOGRAFIA_DE_CONCLUSAO_DE_CURSO_APERFEICOAMENTO_E_ESPECIALIZACAO,Universidade do Estado de Minas Gerais,Ensino e Pesquisa no Campo da Arte e da Cultura,Lúcia de Fátima Mota Sampaio de Paula Freitas,CO_ORIENTADOR,NAO
2008,MONOGRAFIA_DE_CONCLUSAO_DE_CURSO_APERFEICOAMENTO_E_ESPECIALIZACAO,Universidade do Estado de Minas Gerais,Ensino e Pesquisa no Campo da Arte e da Cultura,Fabíola Gonçalves Giraldi,CO_ORIENTADOR,NAO
2017,TRABALHO_DE_CONCLUSAO_DE_CURSO_GRADUACAO,Universidade Federal de Minas Gerais,Abi - Artes Visuais,Gabriela Cardoso Alvarenga Silva,CO_ORIENTADOR,NAO
2018,TRABALHO_DE_CONCLUSAO_DE_CURSO_GRADUACAO,Universidade Federal de Minas Gerais,Abi - Artes Visuais,Afonso Kassow Telentino Scliar,CO_ORIENTADOR,NAO
2018,TRABALHO_DE_CONCLUSAO_DE_CURSO_GRADUACAO,Universidade Federal de Minas Gerais,Abi - Artes Visuais,Leonardo Martins,CO_ORIENTADOR,NAO
2018,TRABALHO_DE_CONCLUSAO_DE_CURSO_GRADUACAO,Universidade Federal de Minas Gerais,Abi - Artes Visuais,Luiz Carlos Silva,CO_ORIENTADOR,NAO
2007,MONOGRAFIA_DE_CONCLUSAO_DE_CURSO_APERFEICOAMENTO_E_ESPECIALIZACAO,Universidade do Estado de Minas Gerais,Pós-Graduação em Arte-Educação,Elias Rodrigues de Oliveira,CO_ORIENTADOR,NAO
