YEAR,NATURE,INSTITUTION,COURSE,STUDENT,TYPE,SPONSOR
2014,Dissertação de mestrado,Universidade Federal de Minas Gerais,Música,Cristina de Souza Gusmão,ORIENTADOR_PRINCIPAL,SIM
2014,Dissertação de mestrado,Universidade Federal de Minas Gerais,Música,Diego de Almeida Pereira,ORIENTADOR_PRINCIPAL,SIM
2015,Dissertação de mestrado,Universidade Federal de Minas Gerais,Música,Daiana Melo Roussin,ORIENTADOR_PRINCIPAL,NAO
2018,Dissertação de mestrado,Universidade Federal de Minas Gerais,Música,Caroline dos Santos Peres,ORIENTADOR_PRINCIPAL,SIM
2018,Dissertação de mestrado,Universidade Federal de Minas Gerais,Música,Carolina Fernanda Estevam Rennó,ORIENTADOR_PRINCIPAL,NAO
2012,Dissertação de mestrado,Escola de Música da Ufmg,Musica,Ligia Ishitani,ORIENTADOR_PRINCIPAL,NAO
2016,Tese de doutorado,Universidade Federal de Minas Gerais,Música,Patrícia Cardoso Chaves Pereira,ORIENTADOR_PRINCIPAL,NAO
2004,ORIENTACAO-DE-OUTRA-NATUREZA,Escola de Música da Ufmg,Canto,Márcio André Fernandez,CO_ORIENTADOR,SIM
2005,ORIENTACAO-DE-OUTRA-NATUREZA,Escola de Música da Ufmg,Canto,Heloiza Kennia Silva Teixeira,CO_ORIENTADOR,SIM
2010,ORIENTACAO-DE-OUTRA-NATUREZA,Escola de Música da Ufmg,piano,Anderson Daher,CO_ORIENTADOR,SIM
2010,ORIENTACAO-DE-OUTRA-NATUREZA,Escola de Música da Ufmg,piano,Aline Araújo,CO_ORIENTADOR,SIM
2012,ORIENTACAO-DE-OUTRA-NATUREZA,Universidade Federal de Minas Gerais,Música,Samuel Ferreira,CO_ORIENTADOR,SIM
2012,ORIENTACAO-DE-OUTRA-NATUREZA,Universidade Federal de Minas Gerais,Música,Adriano Lopes Sobrinho,CO_ORIENTADOR,SIM
2011,ORIENTACAO-DE-OUTRA-NATUREZA,Universidade Federal de Minas Gerais,Música,Adriano Lopes Sobrinho,CO_ORIENTADOR,SIM
2011,ORIENTACAO-DE-OUTRA-NATUREZA,Universidade Federal de Minas Gerais,Música,Juliano Dinelli,CO_ORIENTADOR,SIM
2011,ORIENTACAO-DE-OUTRA-NATUREZA,Universidade Federal de Minas Gerais,Música,Samuel Ferreira,CO_ORIENTADOR,SIM
2011,ORIENTACAO-DE-OUTRA-NATUREZA,Universidade Federal de Minas Gerais,Música,Patrícia Cardoso Chaves,CO_ORIENTADOR,SIM
2012,ORIENTACAO-DE-OUTRA-NATUREZA,Universidade Federal de Minas Gerais,Música,Patrícia Cardoso Chaves,CO_ORIENTADOR,SIM
2012,ORIENTACAO-DE-OUTRA-NATUREZA,Universidade Federal de Minas Gerais,Música,Ligia Ishitani Silva,CO_ORIENTADOR,SIM
2013,ORIENTACAO-DE-OUTRA-NATUREZA,Escola de Música da Ufmg,Música,Adriano Lopes Sobrinho,CO_ORIENTADOR,SIM
2013,ORIENTACAO-DE-OUTRA-NATUREZA,Escola de Música da Ufmg,Música,César Augusto Silva Batista,CO_ORIENTADOR,SIM
2013,ORIENTACAO-DE-OUTRA-NATUREZA,Escola de Música da Ufmg,Música,Eduardo Pinheiro Brandão,CO_ORIENTADOR,SIM
2013,ORIENTACAO-DE-OUTRA-NATUREZA,Escola de Música da Ufmg,Música,Thiago André de Souza Ferreira,CO_ORIENTADOR,SIM
2013,ORIENTACAO-DE-OUTRA-NATUREZA,Escola de Música da Ufmg,Música,Diego de Almeida Pereira,CO_ORIENTADOR,SIM
2013,ORIENTACAO-DE-OUTRA-NATUREZA,Escola de Música da Ufmg,Música,Luiz Braz Franceschini Júnior,CO_ORIENTADOR,SIM
2014,ORIENTACAO-DE-OUTRA-NATUREZA,Escola de Música da Ufmg,Música,Diego de Almeida Pereira,CO_ORIENTADOR,SIM
2014,ORIENTACAO-DE-OUTRA-NATUREZA,Escola de Música da Ufmg,Música,Luiz Braz Franceschini Júnior,CO_ORIENTADOR,SIM
2013,ORIENTACAO-DE-OUTRA-NATUREZA,Escola de Música da Ufmg,Música,Samuel Ferreira,CO_ORIENTADOR,NAO
2016,ORIENTACAO-DE-OUTRA-NATUREZA,Escola de Música da Ufmg,Música,Samuel Ferreira,CO_ORIENTADOR,NAO
2014,ORIENTACAO-DE-OUTRA-NATUREZA,Escola de Música da Ufmg,Música,Eduardo Pinheiro Brandão,CO_ORIENTADOR,SIM
2014,ORIENTACAO-DE-OUTRA-NATUREZA,Escola de Música da Ufmg,Música,Adriano Lopes Sobrinho,CO_ORIENTADOR,SIM
2014,ORIENTACAO-DE-OUTRA-NATUREZA,Escola de Música da Ufmg,Música,Murilo Barbosa da Silva,CO_ORIENTADOR,SIM
2015,INICIACAO_CIENTIFICA,Universidade Federal de Minas Gerais,Música,Gislene Ramos Almeida,CO_ORIENTADOR,SIM
2015,ORIENTACAO-DE-OUTRA-NATUREZA,Universidade Federal de Minas Gerais,Abi - Música,Samuel Frederico Ferreira de Resende,CO_ORIENTADOR,NAO
2015,ORIENTACAO-DE-OUTRA-NATUREZA,Universidade Federal de Minas Gerais,Música,Murilo Barbosa da Silva,CO_ORIENTADOR,SIM
2016,INICIACAO_CIENTIFICA,Universidade Federal de Minas Gerais,Abi - Música,Samuel Frederico Ferreira de Resende,CO_ORIENTADOR,SIM
2016,INICIACAO_CIENTIFICA,Universidade Federal de Minas Gerais,Música,Gislene Ramos Almeida,CO_ORIENTADOR,SIM
2016,ORIENTACAO-DE-OUTRA-NATUREZA,Universidade Federal de Minas Gerais,Música,Lucas Lages Rosa Viana,CO_ORIENTADOR,SIM
2016,TRABALHO_DE_CONCLUSAO_DE_CURSO_GRADUACAO,Universidade Federal de Minas Gerais,Abi - Música,Glauber Rodrigues Lanna e Silva,CO_ORIENTADOR,NAO
2016,TRABALHO_DE_CONCLUSAO_DE_CURSO_GRADUACAO,Universidade Federal de Minas Gerais,Abi - Música,Sarah Ponzo Lugon,CO_ORIENTADOR,NAO
2016,TRABALHO_DE_CONCLUSAO_DE_CURSO_GRADUACAO,Universidade Federal de Minas Gerais,Abi - Música,Gislene Ramos Almeida,CO_ORIENTADOR,NAO
2016,TRABALHO_DE_CONCLUSAO_DE_CURSO_GRADUACAO,Universidade Federal de Minas Gerais,Abi - Música,Samuel Frederico Ferreira de Resende,CO_ORIENTADOR,NAO
2018,ORIENTACAO-DE-OUTRA-NATUREZA,Universidade Federal de Minas Gerais,Música,Carlos de Jesus Morais,CO_ORIENTADOR,NAO
2018,INICIACAO_CIENTIFICA,Universidade Federal de Minas Gerais,Abi - Música,Dayvid Lucyan Aguiar de Melo,CO_ORIENTADOR,SIM
2019,TRABALHO_DE_CONCLUSAO_DE_CURSO_GRADUACAO,Universidade Federal de Minas Gerais,Abi - Música,Carlos de Jesus Morais Araújo,CO_ORIENTADOR,NAO
2019,TRABALHO_DE_CONCLUSAO_DE_CURSO_GRADUACAO,Universidade Federal de Minas Gerais,Abi - Música,Polliana Martins,CO_ORIENTADOR,NAO
2019,TRABALHO_DE_CONCLUSAO_DE_CURSO_GRADUACAO,Universidade Federal de Minas Gerais,Abi - Música,Sávio Faschet,CO_ORIENTADOR,NAO
2018,TRABALHO_DE_CONCLUSAO_DE_CURSO_GRADUACAO,Universidade Federal de Minas Gerais,Abi - Música,Andréia Maciel,CO_ORIENTADOR,NAO
2019,ORIENTACAO-DE-OUTRA-NATUREZA,Universidade Federal de Minas Gerais,Abi - Música,Carlos de Jesus Morais,CO_ORIENTADOR,NAO
2013,ORIENTACAO-DE-OUTRA-NATUREZA,Escola de Música da Ufmg,Música,Gustavo Eda,CO_ORIENTADOR,NAO
