TITLE,YEAR,DOI,LANG,JOURNAL,QUALIS,ISSN,AUTHOR,ORDER,ORDER_OK,JCR
O ARTISTA QUE VEM &amp;#45; por uma pedagogia do teatro comprometida com a ação criativa e criadora,2015,10.14393/RR-v2n2a2015-05,Português,Revista Rascunhos - Caminhos da Pesquisa em Artes Cênicas,A4,2358-3703,['Jose Eduardo De Paula'],['1'],['1'],-99
Apontamentos sobre a individualidade criativa do ator no trágico cotidiano,2017,10.14393/issn2353-3703.v4n2a2017-10,Português,RASCUNHOS - CAMINHOS DA PESQUISA EM ARTES CÊNICAS,A4,2358-3703,"['Jose Eduardo De Paula', 'PAULA, SILVIA DE']","['1', '2']",['1'],-99
CARTOGRAFIA THIERRY SALMON,2019,10.14393/RR-V6N1-2019-01,Português,RASCUNHOS - CAMINHOS DA PESQUISA EM ARTES CÊNICAS,A4,2358-3703,['Jose Eduardo De Paula'],['1'],['1'],-99
...de uma ponte a outra: a trajetória do ensino-aprendizado talhada no caminhar - ou saia para tomar um picolé e experimentar a vida,2013,,Português,Caderno de Registro Macu,NP,2238-9334,['Jose Eduardo De Paula'],['1'],['1'],-99
