TITLE,YEAR,LANG,EDITORA,AUTHOR,ORDER,ORDER_OK
"O ator no olho do furacão: um campo de ideias, uma metáfora",2010,Português,Associação Amigos da Praça,"['Jose Eduardo De Paula', 'Armando Sergio da Silva']","['1', '2']",['1']
Jogo e memória: essências - o Círculo Neutro como base para os processos de preparação e criação do ator,2014,Português,Giostri,"['Jose Eduardo De Paula', 'Armando Sergio da Silva']","['1', '2']",['1']
Performer e jogo: experiências e [im]permanências agenciadoras de memórias,2016,Bretão,Editora da Universidade Federal de Uberlândia - EDUFU,['Jose Eduardo De Paula'],['1'],['1']
CEPECA: CAMINHOS COLETIVOS DA PESQUISA GUIADA PELA PRÁTICA E SUAS RESULTANTES TEÓRICAS E ESPETACULARES,2021,Português,ECA-USP,"['Jose Eduardo De Paula', 'Eduardo Tessari Coutinho', 'Ipojucan Pereira da Silva', 'Rogério Emilio de Moura']","['1', '2', '3', '4']",['1']
"O ar manifesto: memórias, ideias, metáforas e algumas relações - processos de preparação e criação do ator",2014,Português,Giostri,"['Jose Eduardo De Paula', 'Armando Sergio da Silva']","['1', '2']",['1']
