YEAR,NATURE,INSTITUTION,COURSE,STUDENT,TYPE,SPONSOR
2021,Dissertação de mestrado,Universidade Federal de Uberlândia,Artes Cênicas,Carlos Eduardo Santos de Oliveira,ORIENTADOR_PRINCIPAL,SIM
2019,Dissertação de mestrado,Universidade Federal de Uberlândia,Artes Cênicas,Rafael Machado Michalichem,ORIENTADOR_PRINCIPAL,NAO
2013,TRABALHO_DE_CONCLUSAO_DE_CURSO_GRADUACAO,Universidade Federal de Uberlândia,Teatro - Licenciatura Ou Bacharelado,Jhonatan Machado Rios,CO_ORIENTADOR,NAO
2015,TRABALHO_DE_CONCLUSAO_DE_CURSO_GRADUACAO,Universidade Federal de Uberlândia,Teatro - Licenciatura Ou Bacharelado,Leandro Sousa Alves,CO_ORIENTADOR,NAO
2015,INICIACAO_CIENTIFICA,Universidade Federal de Uberlândia,Teatro - Licenciatura Ou Bacharelado,Giovanna Caroline Dominical Parra,CO_ORIENTADOR,SIM
2016,TRABALHO_DE_CONCLUSAO_DE_CURSO_GRADUACAO,Universidade Federal de Uberlândia,Teatro - Licenciatura Ou Bacharelado,Thiago Augusto Batista,CO_ORIENTADOR,NAO
2017,TRABALHO_DE_CONCLUSAO_DE_CURSO_GRADUACAO,Universidade Federal de Uberlândia,Teatro - Licenciatura Ou Bacharelado,Bárbara Morais de Figueredo,CO_ORIENTADOR,NAO
2017,TRABALHO_DE_CONCLUSAO_DE_CURSO_GRADUACAO,Universidade Federal de Uberlândia,Teatro - Licenciatura Ou Bacharelado,José Paulo Venâncio da Silva,CO_ORIENTADOR,NAO
2017,TRABALHO_DE_CONCLUSAO_DE_CURSO_GRADUACAO,Universidade Federal de Uberlândia,Teatro - Licenciatura Ou Bacharelado,MARIO LUCIO CORTES JUNIOR,CO_ORIENTADOR,NAO
2017,TRABALHO_DE_CONCLUSAO_DE_CURSO_GRADUACAO,Universidade Federal de Uberlândia,Teatro - Licenciatura Ou Bacharelado,Matheus Augusto Silvério da Silva,CO_ORIENTADOR,NAO
2017,TRABALHO_DE_CONCLUSAO_DE_CURSO_GRADUACAO,Universidade Federal de Uberlândia,Teatro - Licenciatura Ou Bacharelado,Camila Amuy Silva,CO_ORIENTADOR,NAO
2019,TRABALHO_DE_CONCLUSAO_DE_CURSO_GRADUACAO,Universidade Federal de Uberlândia,Teatro - Licenciatura Ou Bacharelado,Gustavo Martins da Silva,CO_ORIENTADOR,NAO
2020,INICIACAO_CIENTIFICA,Universidade Federal de Uberlândia,Teatro,Bruno Cesar de Souza,CO_ORIENTADOR,SIM
2018,INICIACAO_CIENTIFICA,Universidade Federal de Uberlândia,Teatro - Licenciatura Ou Bacharelado,Tamara dos Anjos Garcia,CO_ORIENTADOR,SIM
2021,TRABALHO_DE_CONCLUSAO_DE_CURSO_GRADUACAO,Universidade Federal de Uberlândia,Teatro - Licenciatura Ou Bacharelado,Bruno Cesar de Souza,CO_ORIENTADOR,NAO
2022,TRABALHO_DE_CONCLUSAO_DE_CURSO_GRADUACAO,Universidade Federal de Uberlândia,Teatro - Licenciatura Ou Bacharelado,TASCIANO MENDES SILVA,CO_ORIENTADOR,NAO
2022,TRABALHO_DE_CONCLUSAO_DE_CURSO_GRADUACAO,Universidade Federal de Uberlândia,Teatro - Licenciatura Ou Bacharelado,ROSANNA SALOMÃO PORTILHO,CO_ORIENTADOR,NAO
2022,TRABALHO_DE_CONCLUSAO_DE_CURSO_GRADUACAO,Universidade Federal de Uberlândia,Teatro - Licenciatura Ou Bacharelado,Fernanda Sousa e Oliveira,CO_ORIENTADOR,NAO
2014,INICIACAO_CIENTIFICA,Universidade Federal de Uberlândia,Teatro - Licenciatura Ou Bacharelado,Leandro Sousa Alves,CO_ORIENTADOR,SIM
