YEAR,NATURE,INSTITUTION,COURSE,STUDENT,TYPE,SPONSOR
2019,Dissertação de mestrado,Universidade Federal de São João Del-Rei,Programa de Pos Graduçao de Artes cênicas,KARINA PEREIRA DE FIGUEIREDO SOUZA,ORIENTADOR_PRINCIPAL,NAO
2019,Dissertação de mestrado,Universidade Federal de São João Del-Rei,Programa de Pos Graduçao de Artes cênicas,Jessica Oliveira Lemos,CO_ORIENTADOR,SIM
2020,Dissertação de mestrado,Universidade Federal de São João Del-Rei,Artes Cênicas,Reginaldo Bastos dos Santos,ORIENTADOR_PRINCIPAL,SIM
2021,Dissertação de mestrado,Universidade Federal de São João Del-Rei,Artes Cênicas,Diogo Brito Reezende,ORIENTADOR_PRINCIPAL,SIM
2017,TRABALHO_DE_CONCLUSAO_DE_CURSO_GRADUACAO,Universidade Federal de São João Del-Rei,Teatro,Ronan Morais,CO_ORIENTADOR,NAO
2017,TRABALHO_DE_CONCLUSAO_DE_CURSO_GRADUACAO,Universidade Federal de São João Del-Rei,Teatro,Jonathan Serafim dos Santos,CO_ORIENTADOR,NAO
2018,INICIACAO_CIENTIFICA,Universidade Federal de São João Del-Rei,Teatro,Thaina Gomes Rodrigues,CO_ORIENTADOR,NAO
2018,INICIACAO_CIENTIFICA,Universidade Federal de São João Del-Rei,Teatro,Marcelo Reis,CO_ORIENTADOR,NAO
2018,TRABALHO_DE_CONCLUSAO_DE_CURSO_GRADUACAO,Universidade Federal de São João Del-Rei,Teatro,Junio de Carvalho,CO_ORIENTADOR,NAO
2018,TRABALHO_DE_CONCLUSAO_DE_CURSO_GRADUACAO,Universidade Federal de São João Del-Rei,Teatro,Diego Alexandre Machado de Souza,CO_ORIENTADOR,NAO
2018,INICIACAO_CIENTIFICA,Universidade Federal de São João Del-Rei,Teatro,Natalia Carolina de Oliveira,CO_ORIENTADOR,NAO
2018,TRABALHO_DE_CONCLUSAO_DE_CURSO_GRADUACAO,Universidade Federal de São João Del-Rei,Teatro,Julio Cesar Bonfim Campagnolo,CO_ORIENTADOR,NAO
2019,TRABALHO_DE_CONCLUSAO_DE_CURSO_GRADUACAO,Universidade Federal de São João Del-Rei,Teatro,JÚNIO DE CARVALHO SILVA,CO_ORIENTADOR,NAO
2019,TRABALHO_DE_CONCLUSAO_DE_CURSO_GRADUACAO,Universidade Federal de São João Del-Rei,Teatro,RICKY CLAUBER MARTINS DA SILVA,CO_ORIENTADOR,NAO
2019,TRABALHO_DE_CONCLUSAO_DE_CURSO_GRADUACAO,Universidade Federal de São João Del-Rei,Teatro,Diego Machado de Souza,CO_ORIENTADOR,NAO
2018,TRABALHO_DE_CONCLUSAO_DE_CURSO_GRADUACAO,Universidade Federal de São João Del-Rei,Teatro,Raruza Kiara do Reis,CO_ORIENTADOR,NAO
2018,TRABALHO_DE_CONCLUSAO_DE_CURSO_GRADUACAO,Universidade Federal de São João Del-Rei,Teatro,Julio César Campagnolo,CO_ORIENTADOR,NAO
2021,INICIACAO_CIENTIFICA,Universidade Federal de São João Del-Rei,Teatro,Rafael Medeiros Nascimento da Silva,CO_ORIENTADOR,NAO
2021,INICIACAO_CIENTIFICA,Universidade Federal de São João Del-Rei,Teatro,João Pedro Escamilha de Azevedo,CO_ORIENTADOR,SIM
