YEAR,NATURE,INSTITUTION,COURSE,STUDENT,TYPE,SPONSOR
2019,TRABALHO_DE_CONCLUSAO_DE_CURSO_GRADUACAO,Universidade Federal de Juiz de Fora,Jornalismo,Giulia Barbosa Paixão,CO_ORIENTADOR,NAO
2020,TRABALHO_DE_CONCLUSAO_DE_CURSO_GRADUACAO,Universidade Federal de Juiz de Fora,Jornalismo,Luiza Curityba,CO_ORIENTADOR,NAO
2020,TRABALHO_DE_CONCLUSAO_DE_CURSO_GRADUACAO,Universidade Federal de Juiz de Fora,"Rádio, TV e Internet",Stéphanie Ferreira Nunes do Nascimento,CO_ORIENTADOR,NAO
2020,ORIENTACAO-DE-OUTRA-NATUREZA,Universidade Federal de Juiz de Fora,"Rádio, TV e Internet",Laura Biscotto Ferrari,CO_ORIENTADOR,SIM
2020,ORIENTACAO-DE-OUTRA-NATUREZA,Universidade Federal de Juiz de Fora,"Rádio, TV e Internet",Kethleen Formigon Gomes,CO_ORIENTADOR,NAO
2020,TRABALHO_DE_CONCLUSAO_DE_CURSO_GRADUACAO,Universidade Federal de Juiz de Fora,Jornalismo,JOÃO GUILHERME DOS SANTOS SILVA,CO_ORIENTADOR,NAO
2020,TRABALHO_DE_CONCLUSAO_DE_CURSO_GRADUACAO,Universidade Federal de Juiz de Fora,Jornalismo,Livia Maria Nonato da Silva,CO_ORIENTADOR,NAO
2020,TRABALHO_DE_CONCLUSAO_DE_CURSO_GRADUACAO,Universidade Federal de Juiz de Fora,Jornalismo,Vívian Marília Oliveira Armond,CO_ORIENTADOR,NAO
2021,TRABALHO_DE_CONCLUSAO_DE_CURSO_GRADUACAO,Universidade Federal de Juiz de Fora,"Rádio, TV e Internet",Matheus Canil de Souza,CO_ORIENTADOR,NAO
2022,TRABALHO_DE_CONCLUSAO_DE_CURSO_GRADUACAO,Universidade Federal de Juiz de Fora,"Rádio, TV e Internet",Juliana Garcia Moraes,CO_ORIENTADOR,NAO
