YEAR,NATURE,INSTITUTION,COURSE,STUDENT,TYPE,SPONSOR
2018,Dissertação de mestrado,Universidade Federal de Uberlândia,Mestrado Profissional em Artes,Cleber Roberto Nascimento,ORIENTADOR_PRINCIPAL,SIM
2018,Dissertação de mestrado,Universidade Federal de Uberlândia,Mestrado Profissional em Artes,Ingridy de Almeida Nascimentos,ORIENTADOR_PRINCIPAL,SIM
2019,Dissertação de mestrado,Universidade Federal de Uberlândia,PPGAC - Programa de pós-graduação em Artes Cênicas,Brenda Oliveira da Costa,ORIENTADOR_PRINCIPAL,SIM
2020,Dissertação de mestrado,Universidade Federal de Uberlândia,Programa de pós graduação Mestrado Profissional em Artes PROFARTES,Ingridy de Almeida Nascimento,CO_ORIENTADOR,SIM
2020,Dissertação de mestrado,Universidade Federal de Uberlândia,Programa de Pós Graduação em Artes Cênicas,Brenda Oliveira da Costa,ORIENTADOR_PRINCIPAL,SIM
2009,MONOGRAFIA_DE_CONCLUSAO_DE_CURSO_APERFEICOAMENTO_E_ESPECIALIZACAO,Universidade de São Paulo,Especialização em Linguagens da Arte,Osvanilton de Jesus Conceição,CO_ORIENTADOR,NAO
2009,MONOGRAFIA_DE_CONCLUSAO_DE_CURSO_APERFEICOAMENTO_E_ESPECIALIZACAO,Universidade Cidade de São Paulo,Especialização em Linguagnes da Arte,Ana Luisa Restum M. Rocha Nossar,CO_ORIENTADOR,NAO
2009,MONOGRAFIA_DE_CONCLUSAO_DE_CURSO_APERFEICOAMENTO_E_ESPECIALIZACAO,Universidade de São Paulo,Especialização em Linguagens da Arte,Carloina Gutierres Ribeiro,CO_ORIENTADOR,NAO
2009,MONOGRAFIA_DE_CONCLUSAO_DE_CURSO_APERFEICOAMENTO_E_ESPECIALIZACAO,Universidade de São Paulo,Especialização em Linguagens da Arte,Mirela Elizabeth Conceição Carvalho,CO_ORIENTADOR,NAO
2009,MONOGRAFIA_DE_CONCLUSAO_DE_CURSO_APERFEICOAMENTO_E_ESPECIALIZACAO,Centro Universitário Maria Antonia - USP,Especialização em Linguagens da Arte,Sabrina Machado de Quadros,CO_ORIENTADOR,NAO
2009,MONOGRAFIA_DE_CONCLUSAO_DE_CURSO_APERFEICOAMENTO_E_ESPECIALIZACAO,Centro Universitário Maria Antonia - USP,Especialização em Linguagens da Arte,Sandra Fernandes Pitanga,CO_ORIENTADOR,NAO
2010,MONOGRAFIA_DE_CONCLUSAO_DE_CURSO_APERFEICOAMENTO_E_ESPECIALIZACAO,CEUMA - USP,Curso de Especialização em Linguagnes da Arte,Eliete Cigarini Nakle,CO_ORIENTADOR,NAO
2010,MONOGRAFIA_DE_CONCLUSAO_DE_CURSO_APERFEICOAMENTO_E_ESPECIALIZACAO,Centro Universitário Maria Antonia - USP,Especialização em Linguagens da Arte,Carla Cristina Bojorque,CO_ORIENTADOR,NAO
2010,MONOGRAFIA_DE_CONCLUSAO_DE_CURSO_APERFEICOAMENTO_E_ESPECIALIZACAO,Centro Universitário Maria Antonia - USP,Especialização em Linguagens da Arte,Luce Elena Diogo da Silva,CO_ORIENTADOR,NAO
2010,MONOGRAFIA_DE_CONCLUSAO_DE_CURSO_APERFEICOAMENTO_E_ESPECIALIZACAO,Centro Universitário Maria Antoni a - USP,Especializaçã em Linguagens da Arte,Marcia Regina Moura,CO_ORIENTADOR,NAO
2010,MONOGRAFIA_DE_CONCLUSAO_DE_CURSO_APERFEICOAMENTO_E_ESPECIALIZACAO,Centro Universitario Maria  Antonia - CEUMA,Curso de Especialização em Linguagens da Arte,Maria de Jesus Campos Sousa,CO_ORIENTADOR,NAO
2010,MONOGRAFIA_DE_CONCLUSAO_DE_CURSO_APERFEICOAMENTO_E_ESPECIALIZACAO,Centro Universitário Maria Antoni a - USP,Especializaçã em Linguagens da Arte,Raquel Tolaini Rosmaninho,CO_ORIENTADOR,NAO
2010,MONOGRAFIA_DE_CONCLUSAO_DE_CURSO_APERFEICOAMENTO_E_ESPECIALIZACAO,Centro Universitário Maria Antonia - USP,Especialização em Linguagens da Arte,Roberta Carolina Ferreira Faganholo,CO_ORIENTADOR,NAO
2010,MONOGRAFIA_DE_CONCLUSAO_DE_CURSO_APERFEICOAMENTO_E_ESPECIALIZACAO,Centro Universitario Maria  Antonia - CEUMA,Curso de Especialização em Linguagens da Arte,Thiago Franco,CO_ORIENTADOR,NAO
2011,ORIENTACAO-DE-OUTRA-NATUREZA,Universidade Federal de Uberlândia,Curso de Teatro,Marucio Zaninnette,CO_ORIENTADOR,SIM
2014,TRABALHO_DE_CONCLUSAO_DE_CURSO_GRADUACAO,Universidade Federal de Uberlândia,Curso de Teatro,Gabriel Pazzotto,CO_ORIENTADOR,NAO
2009,MONOGRAFIA_DE_CONCLUSAO_DE_CURSO_APERFEICOAMENTO_E_ESPECIALIZACAO,CEUMA - Centro Universitário Maria Antônia,Linguagens da Arte,Daniela de Souza Martins,CO_ORIENTADOR,NAO
2009,MONOGRAFIA_DE_CONCLUSAO_DE_CURSO_APERFEICOAMENTO_E_ESPECIALIZACAO,CEUMA - Centro Universitário Maria Antônia,Linguagens da Arte,Edimilson Sabino,CO_ORIENTADOR,NAO
2009,MONOGRAFIA_DE_CONCLUSAO_DE_CURSO_APERFEICOAMENTO_E_ESPECIALIZACAO,CEUMA - Centro Universitário Maria Antônia,Linguagens da Arte,Eliane Okubo,CO_ORIENTADOR,NAO
2009,MONOGRAFIA_DE_CONCLUSAO_DE_CURSO_APERFEICOAMENTO_E_ESPECIALIZACAO,CEUMA - Centro Universitário Maria Antônia,Linguagens da Arte,Ida Wertheimer Cavalcante,CO_ORIENTADOR,NAO
2009,MONOGRAFIA_DE_CONCLUSAO_DE_CURSO_APERFEICOAMENTO_E_ESPECIALIZACAO,Centro Universitário Maria Antoni a - USP,Especializaçã em Linguagens da Arte,Márcia Barbosa Lopes Cimadon,CO_ORIENTADOR,NAO
2009,MONOGRAFIA_DE_CONCLUSAO_DE_CURSO_APERFEICOAMENTO_E_ESPECIALIZACAO,Centro Universitário Maria Antoni a - USP,Especializaçã em Linguagens da Arte,Maria Bernadete Marques de Souza,CO_ORIENTADOR,NAO
2009,MONOGRAFIA_DE_CONCLUSAO_DE_CURSO_APERFEICOAMENTO_E_ESPECIALIZACAO,Centro Universitário Maria Antonia - USP,Especialização em Linguagens da Arte,Maria Elizabeth Conceição Carvalho,CO_ORIENTADOR,NAO
2009,MONOGRAFIA_DE_CONCLUSAO_DE_CURSO_APERFEICOAMENTO_E_ESPECIALIZACAO,Centro Universitário Maria Antonia - USP,Especialização em Linguagens da Arte,Maria Soledad Clari Redes,CO_ORIENTADOR,NAO
2009,MONOGRAFIA_DE_CONCLUSAO_DE_CURSO_APERFEICOAMENTO_E_ESPECIALIZACAO,Centro Universitário Maria Antonia - USP,Especialização em Linguagens da Arte,Mônica Santana D?Angelo,CO_ORIENTADOR,NAO
2009,MONOGRAFIA_DE_CONCLUSAO_DE_CURSO_APERFEICOAMENTO_E_ESPECIALIZACAO,Centro Universitário Maria Antonia - USP,Especialização em Linguagens da Arte,Paula Cristina De Melo Futada,CO_ORIENTADOR,NAO
2009,MONOGRAFIA_DE_CONCLUSAO_DE_CURSO_APERFEICOAMENTO_E_ESPECIALIZACAO,Centro Universitário Maria Antonia - USP,Especialização em Linguagens da Arte,Penélope Eiko Aragaki Salles,CO_ORIENTADOR,NAO
2010,MONOGRAFIA_DE_CONCLUSAO_DE_CURSO_APERFEICOAMENTO_E_ESPECIALIZACAO,Centro Universitário Maria Antonia - USP,Especialização em Linguagens da Arte,Ronaldo de Barros Dias,CO_ORIENTADOR,NAO
2010,MONOGRAFIA_DE_CONCLUSAO_DE_CURSO_APERFEICOAMENTO_E_ESPECIALIZACAO,Centro Universitário Maria Antoni a - USP,Especializaçã em Linguagens da Arte,Reinaldo da Silva Cardoso  Júnior,CO_ORIENTADOR,NAO
2010,MONOGRAFIA_DE_CONCLUSAO_DE_CURSO_APERFEICOAMENTO_E_ESPECIALIZACAO,Centro Universitário Maria Antonia - USP,Especialização em Linguagens da Arte,Beatriz Soares Silva,CO_ORIENTADOR,NAO
2009,MONOGRAFIA_DE_CONCLUSAO_DE_CURSO_APERFEICOAMENTO_E_ESPECIALIZACAO,Centro Universitário Maria Antonia - USP,Especialização em Linguagens da Arte,Lucineide Ferreira dos Santos,CO_ORIENTADOR,NAO
2009,MONOGRAFIA_DE_CONCLUSAO_DE_CURSO_APERFEICOAMENTO_E_ESPECIALIZACAO,Centro Universitário Maria Antonia - USP,Especialização em Linguagens da Arte,Magali E.P.da Rocha,CO_ORIENTADOR,NAO
2012,INICIACAO_CIENTIFICA,Universidade Federal de Uberlândia,Teatro - Licenciatura Ou Bacharelado,Diego Lage,CO_ORIENTADOR,SIM
2009,MONOGRAFIA_DE_CONCLUSAO_DE_CURSO_APERFEICOAMENTO_E_ESPECIALIZACAO,Centro Universitário Maria Antonia - USP,Especialização em Linguagens da Arte,Juliana Oki Gomes,CO_ORIENTADOR,NAO
2010,MONOGRAFIA_DE_CONCLUSAO_DE_CURSO_APERFEICOAMENTO_E_ESPECIALIZACAO,Centro Universitário Maria Antonia - USP,Especialização em Linguagens da Arte,Fernanda Coelho da Silva,CO_ORIENTADOR,NAO
2013,TRABALHO_DE_CONCLUSAO_DE_CURSO_GRADUACAO,Universidade Federal de Uberlândia,Teatro,Emanuelle Anne S. Dantas,CO_ORIENTADOR,NAO
2013,TRABALHO_DE_CONCLUSAO_DE_CURSO_GRADUACAO,Universidade Federal de Uberlândia,Teatro,Ana Flávia Felice Nunes,CO_ORIENTADOR,NAO
2016,INICIACAO_CIENTIFICA,Universidade Federal de Uberlândia,Teatro - Licenciatura Ou Bacharelado,Bruna de Freitas Nogueira,CO_ORIENTADOR,SIM
2015,TRABALHO_DE_CONCLUSAO_DE_CURSO_GRADUACAO,Universidade Federal de Uberlândia,Teatro - Licenciatura Ou Bacharelado,Bárbara Lamounier,CO_ORIENTADOR,NAO
2016,TRABALHO_DE_CONCLUSAO_DE_CURSO_GRADUACAO,Universidade Federal de Uberlândia,Teatro - Licenciatura Ou Bacharelado,Paulo Ricardo Gonçalves de Oliveira,CO_ORIENTADOR,NAO
2017,TRABALHO_DE_CONCLUSAO_DE_CURSO_GRADUACAO,Universidade Federal de Uberlândia,Teatro - Licenciatura Ou Bacharelado,Joaquim Vital,CO_ORIENTADOR,NAO
2017,TRABALHO_DE_CONCLUSAO_DE_CURSO_GRADUACAO,Universidade Federal de Uberlândia,Teatro - Licenciatura Ou Bacharelado,Gustavo Bacci,CO_ORIENTADOR,NAO
2019,TRABALHO_DE_CONCLUSAO_DE_CURSO_GRADUACAO,Universidade Federal de Uberlândia,Teatro - Licenciatura Ou Bacharelado,Marianne Dias,CO_ORIENTADOR,NAO
2019,INICIACAO_CIENTIFICA,Universidade Federal de Uberlândia,Teatro - Licenciatura Ou Bacharelado,Rosana Salomão Portilho,CO_ORIENTADOR,SIM
2017,INICIACAO_CIENTIFICA,Universidade Federal de Uberlândia,Teatro - Licenciatura Ou Bacharelado,Juliana Marques dos Santos,CO_ORIENTADOR,SIM
2016,ORIENTACAO-DE-OUTRA-NATUREZA,Universidade Federal de Uberlândia,Teatro - Licenciatura Ou Bacharelado,Julia Leão Souza,CO_ORIENTADOR,NAO
2020,INICIACAO_CIENTIFICA,Universidade Federal de Uberlândia,Teatro - Licenciatura Ou Bacharelado,WHANDER ALIPIO SULURICO SILVA,CO_ORIENTADOR,SIM
2009,MONOGRAFIA_DE_CONCLUSAO_DE_CURSO_APERFEICOAMENTO_E_ESPECIALIZACAO,Centro Universitário Maria Antonia - USP,Especialização em Linguagens da Arte,Raquel Tolaini Rosmaninho,CO_ORIENTADOR,NAO
