YEAR,NATURE,INSTITUTION,COURSE,STUDENT,TYPE,SPONSOR
2007,Dissertação de mestrado,Centro Universitário Senac,"Mestrado em Moda, Cultura e Arte",Gabriela Ordones Penna,ORIENTADOR_PRINCIPAL,SIM
2008,Dissertação de mestrado,Centro Universitário Senac,"Mestrado em Moda, Cultura e Arte",Fernando Augusto Hage Soares,ORIENTADOR_PRINCIPAL,SIM
2008,Dissertação de mestrado,Centro Universitário SENAC,"Mestrado em Moda, Cultura e Arte",Kássia Simões Garcia,ORIENTADOR_PRINCIPAL,NAO
2010,Dissertação de mestrado,Centro Universitário SENAC,"Mestrado em Moda, Cultura e Arte",Cleide Fialho Floresta,ORIENTADOR_PRINCIPAL,NAO
2011,Dissertação de mestrado,Centro Universitário Senac,"Mestrado em Moda, Cultura e Arte",Carlos Eduardo Monteiro Prates,ORIENTADOR_PRINCIPAL,SIM
2016,Dissertação de mestrado,Universidade Federal de Juiz de Fora,"Artes, Cultura e Linguagens",Joviana Fernandes Marques,ORIENTADOR_PRINCIPAL,SIM
2017,Dissertação de mestrado,Universidade Federal de Juiz de Fora,"Artes, Cultura e Linguagens",Thaiana Vieira,ORIENTADOR_PRINCIPAL,SIM
2017,Dissertação de mestrado,Universidade Federal de Juiz de Fora,"Artes, Cultura e Linguagens",Ana Paula Dessupoio,ORIENTADOR_PRINCIPAL,NAO
2018,Dissertação de mestrado,Universidade Federal de Juiz de Fora,"Artes, Cultura e Linguagens",Gabriela Soares Cabral,ORIENTADOR_PRINCIPAL,SIM
2018,Dissertação de mestrado,Universidade Federal de Juiz de Fora,"Artes, Cultura e Linguagens",Andrés Leonardo Caballero Piza,ORIENTADOR_PRINCIPAL,SIM
2019,Dissertação de mestrado,Universidade Federal de Juiz de Fora,"Artes, Cultura e Linguagens",Paulo de Oliveira Rodrigues Júnior,ORIENTADOR_PRINCIPAL,NAO
2019,Dissertação de mestrado,Universidade Federal de Juiz de Fora,"Artes, Cultura e Linguagens",Thomas Walter Dietz,ORIENTADOR_PRINCIPAL,NAO
2021,Dissertação de mestrado,Universidade Federal de Juiz de Fora,"Artes, Cultura e Linguagens",Tatiana Scali Abritta,ORIENTADOR_PRINCIPAL,NAO
2019,Dissertação de mestrado,Universidade Federal de Juiz de Fora,"Artes, Cultura e Linguagens",Mauro de Melo Júnior,ORIENTADOR_PRINCIPAL,NAO
2007,Dissertação de mestrado,Centro Universitário Senac,"Mestrado em Moda, Cultura e Arte",Maira Zimmermann de Andrade,ORIENTADOR_PRINCIPAL,SIM
2021,Tese de doutorado,Universidade Federal do Pará,Artes,Fernando Augusto Hage Soares,CO_ORIENTADOR,NAO
2005,INICIACAO_CIENTIFICA,Faculdade Senac de Moda,Design de Moda,Moda e comportamento: bom gosto e requinte no mundo gay,CO_ORIENTADOR,NAO
2005,INICIACAO_CIENTIFICA,Centro Universitário Senac,Design de moda,Vivian Cosme Pacheco,CO_ORIENTADOR,NAO
2005,INICIACAO_CIENTIFICA,Centro Universitário SENAC,Design de moda,Paula Belen Fajardo,CO_ORIENTADOR,NAO
2006,INICIACAO_CIENTIFICA,Centro Universitário Senac,Design de moda,MARIANA HERNANDEZ FACCHINI,CO_ORIENTADOR,SIM
2006,INICIACAO_CIENTIFICA,Centro Universitário Senac,Design de moda,Mariana Carbonell,CO_ORIENTADOR,SIM
2006,TRABALHO_DE_CONCLUSAO_DE_CURSO_GRADUACAO,Centro Universitário Senac,Design de moda,Rita Vidal Borba,CO_ORIENTADOR,NAO
2006,TRABALHO_DE_CONCLUSAO_DE_CURSO_GRADUACAO,Centro Universitário Senac,Design de moda,Manuela Mello da Costa,CO_ORIENTADOR,NAO
2006,TRABALHO_DE_CONCLUSAO_DE_CURSO_GRADUACAO,Centro Universitário Senac,Design de moda,Raquel Thomé de Almeida Pinto,CO_ORIENTADOR,NAO
2006,TRABALHO_DE_CONCLUSAO_DE_CURSO_GRADUACAO,Centro Universitário Senac,Design de moda,Raquel Fernandes Pereira,CO_ORIENTADOR,NAO
2007,INICIACAO_CIENTIFICA,Centro Universitário Senac,Design de moda,Kelly Cistina Ribeiro da Rocha,CO_ORIENTADOR,SIM
2007,INICIACAO_CIENTIFICA,Centro Universitário Senac,Design de moda,Mariana Hernadez Facchini,CO_ORIENTADOR,SIM
2007,TRABALHO_DE_CONCLUSAO_DE_CURSO_GRADUACAO,Centro Universitário SENAC,Bacharelado em Design de Moda,Ana Paula Mendonça,CO_ORIENTADOR,NAO
2008,INICIACAO_CIENTIFICA,Centro Universitário Senac,Design de moda,Bruna Martins Pinto,CO_ORIENTADOR,SIM
2008,INICIACAO_CIENTIFICA,Centro Universitário Senac,Design de moda,Vanessa Ribeiro Coutinho,CO_ORIENTADOR,NAO
2009,TRABALHO_DE_CONCLUSAO_DE_CURSO_GRADUACAO,Centro Universitário Senac,Bacharelado em Design de Moda,Prycila Marques da Silva Duarte,CO_ORIENTADOR,NAO
2009,TRABALHO_DE_CONCLUSAO_DE_CURSO_GRADUACAO,Centro Universitário Senac,Bacharelado em Design de Moda,Camila Sonoda Hoshino,CO_ORIENTADOR,NAO
2009,TRABALHO_DE_CONCLUSAO_DE_CURSO_GRADUACAO,Centro Universitário Senac,Bacharelado em Design de Moda,Aline Marques,CO_ORIENTADOR,NAO
2009,TRABALHO_DE_CONCLUSAO_DE_CURSO_GRADUACAO,Centro Universitário Senac,Bacharelado em Design de Moda,Fernanda Mi Young Kim,CO_ORIENTADOR,NAO
2009,INICIACAO_CIENTIFICA,Centro Universitário Senac,Bacharelado em Design de Moda,Beatriz Gomes Ribeiro,CO_ORIENTADOR,NAO
2009,INICIACAO_CIENTIFICA,Centro Universitário Senac,Bacharelado em Design de Moda,Amanda Medeiros Nunes,CO_ORIENTADOR,NAO
2009,INICIACAO_CIENTIFICA,Centro Universitário Senac,Bacharelado em Design de Moda,Marisa Mancebo Reid,CO_ORIENTADOR,SIM
2009,TRABALHO_DE_CONCLUSAO_DE_CURSO_GRADUACAO,Centro Universitário Senac,Bacharelado em Design de Moda,Camila Pinheiro Franco Babka.,CO_ORIENTADOR,NAO
2009,TRABALHO_DE_CONCLUSAO_DE_CURSO_GRADUACAO,Centro Universitário Senac,Bacharelado em Design de Moda,Caroline Linzmaier,CO_ORIENTADOR,NAO
2009,TRABALHO_DE_CONCLUSAO_DE_CURSO_GRADUACAO,Centro Universitário Senac,Bacharelado em Design de Moda,Érika Attanázio Souto,CO_ORIENTADOR,NAO
2009,TRABALHO_DE_CONCLUSAO_DE_CURSO_GRADUACAO,Centro Universitário Senac,Bacharelado em Design de Moda,Rafaela Mara de Almeida Brito,CO_ORIENTADOR,NAO
2009,TRABALHO_DE_CONCLUSAO_DE_CURSO_GRADUACAO,Centro Universitário Senac,Bacharelado em Design de Moda,Ana Carolina Terra Florez,CO_ORIENTADOR,NAO
2009,TRABALHO_DE_CONCLUSAO_DE_CURSO_GRADUACAO,Centro Universitário Senac,Bacharelado em Design de Moda,Bárbara Gonçalves.,CO_ORIENTADOR,NAO
2009,TRABALHO_DE_CONCLUSAO_DE_CURSO_GRADUACAO,Centro Universitário Senac,Bacharelado em Design de Moda,Bruna Martins Pinto,CO_ORIENTADOR,NAO
2010,TRABALHO_DE_CONCLUSAO_DE_CURSO_GRADUACAO,Centro Universitário Senac,Bacharelado em Design de Moda,Maria Valéria Esteves,CO_ORIENTADOR,NAO
2010,TRABALHO_DE_CONCLUSAO_DE_CURSO_GRADUACAO,Centro Universitário Senac,Bacharelado em Design de Moda,Alessandra Costa,CO_ORIENTADOR,NAO
2010,TRABALHO_DE_CONCLUSAO_DE_CURSO_GRADUACAO,Centro Universitário Senac,Bacharelado em Design de Moda,Ana Délcia Menezes de Montes,CO_ORIENTADOR,NAO
2010,TRABALHO_DE_CONCLUSAO_DE_CURSO_GRADUACAO,Centro Universitário Senac,Bacharelado em Design de Moda,Marcos Isao Yamashita,CO_ORIENTADOR,NAO
2010,TRABALHO_DE_CONCLUSAO_DE_CURSO_GRADUACAO,Centro Universitário SENAC,Design de moda,Thayane Regina de Andrade Francisco,CO_ORIENTADOR,NAO
2010,TRABALHO_DE_CONCLUSAO_DE_CURSO_GRADUACAO,Centro Universitário SENAC,Design de moda,Luiza Lopes da Silva Peixoto,CO_ORIENTADOR,NAO
2010,TRABALHO_DE_CONCLUSAO_DE_CURSO_GRADUACAO,Centro Universitário Senac,Bacharelado em Design de Moda,Raquel Abramant Souza,CO_ORIENTADOR,NAO
2011,INICIACAO_CIENTIFICA,Centro Universitário Senac,,Ana Paula da Silva de Souza,CO_ORIENTADOR,NAO
2011,INICIACAO_CIENTIFICA,Centro Universitário Senac,Design de moda,Jéssica Francine Volpin,CO_ORIENTADOR,NAO
2012,INICIACAO_CIENTIFICA,Centro Universitário Senac,,Thaís Fernandes Boaventura da Silva,CO_ORIENTADOR,SIM
2012,INICIACAO_CIENTIFICA,Centro Universitário Senac,Design de moda,Juliana Nishimoto Godoy Freitas,CO_ORIENTADOR,NAO
2012,INICIACAO_CIENTIFICA,Centro Universitário Senac,Design de moda,Lariana Moreno Pereira,CO_ORIENTADOR,NAO
2011,INICIACAO_CIENTIFICA,Centro Universitário Senac,Design de moda,Andréa Coletto Perecin,CO_ORIENTADOR,NAO
2011,INICIACAO_CIENTIFICA,Centro Universitário Senac,Bacharelado em Design de Moda,Raissa Gonçalves Caselas,CO_ORIENTADOR,NAO
2011,TRABALHO_DE_CONCLUSAO_DE_CURSO_GRADUACAO,Centro Universitário Senac,Bacharelado em Design de Moda,Dênis Mioshi de Carvalho,CO_ORIENTADOR,NAO
2011,TRABALHO_DE_CONCLUSAO_DE_CURSO_GRADUACAO,Centro Universitário Senac,Design de moda,Fabiana de Oliveira Regis,CO_ORIENTADOR,NAO
2011,TRABALHO_DE_CONCLUSAO_DE_CURSO_GRADUACAO,Centro Universitário Senac,Design de moda,Juliana Caetano Prezzoti,CO_ORIENTADOR,NAO
2011,TRABALHO_DE_CONCLUSAO_DE_CURSO_GRADUACAO,Centro Universitário Senac,Design de moda,Milena Rosa Mota,CO_ORIENTADOR,NAO
2011,TRABALHO_DE_CONCLUSAO_DE_CURSO_GRADUACAO,Centro Universitário Senac,Bacharelado em Design de Moda,Louise Renne Lutkus,CO_ORIENTADOR,NAO
2011,TRABALHO_DE_CONCLUSAO_DE_CURSO_GRADUACAO,Centro Universitário Senac,Bacharelado em Design de Moda,Gisele Miki,CO_ORIENTADOR,NAO
2011,TRABALHO_DE_CONCLUSAO_DE_CURSO_GRADUACAO,Centro Universitário Senac,Design de moda,Carla Lie Mutuoka,CO_ORIENTADOR,NAO
2011,TRABALHO_DE_CONCLUSAO_DE_CURSO_GRADUACAO,Centro Universitário Senac,Design de moda,Camila Damasceno Gambetta de Almeida,CO_ORIENTADOR,NAO
2011,TRABALHO_DE_CONCLUSAO_DE_CURSO_GRADUACAO,Centro Universitário Senac,Design de moda,Sheila Donato de Castro,CO_ORIENTADOR,NAO
2012,TRABALHO_DE_CONCLUSAO_DE_CURSO_GRADUACAO,Centro Universitário Senac,Bacharelado em Design de Moda,Isis Lima de Carvalho,CO_ORIENTADOR,NAO
2012,TRABALHO_DE_CONCLUSAO_DE_CURSO_GRADUACAO,Centro Universitário Senac,Bacharelado em Design de Moda,Eliza Tieko Kawamura Kuroda,CO_ORIENTADOR,NAO
2012,TRABALHO_DE_CONCLUSAO_DE_CURSO_GRADUACAO,Centro Universitário Senac,Bacharelado em Design de Moda,Anderson Tomaz Jerônimo,CO_ORIENTADOR,NAO
2012,TRABALHO_DE_CONCLUSAO_DE_CURSO_GRADUACAO,Centro Universitário Senac,Bacharelado em Design de Moda,Isabela Tedodoro Fantazzini,CO_ORIENTADOR,NAO
2012,TRABALHO_DE_CONCLUSAO_DE_CURSO_GRADUACAO,Centro Universitário Senac,Bacharelado em Design de Moda,Francielle Fernandes Faria,CO_ORIENTADOR,NAO
2013,MONOGRAFIA_DE_CONCLUSAO_DE_CURSO_APERFEICOAMENTO_E_ESPECIALIZACAO,Universidade Federal de Juiz de Fora,"Moda, Cultura de Moda e Arte",Clara Rocha Freesz,CO_ORIENTADOR,NAO
2014,MONOGRAFIA_DE_CONCLUSAO_DE_CURSO_APERFEICOAMENTO_E_ESPECIALIZACAO,Universidade Federal de Juiz de Fora,"Moda, Cultura de Moda e Arte",Ana Paula Dessupoio,CO_ORIENTADOR,NAO
2014,MONOGRAFIA_DE_CONCLUSAO_DE_CURSO_APERFEICOAMENTO_E_ESPECIALIZACAO,Universidade Federal de Juiz de Fora,"Moda, Cultura de Moda e Arte",Isabela Rodrigues,CO_ORIENTADOR,NAO
2014,TRABALHO_DE_CONCLUSAO_DE_CURSO_GRADUACAO,Universidade Federal de Juiz de Fora,Moda,Talyta de souza Romagnoli,CO_ORIENTADOR,NAO
2014,TRABALHO_DE_CONCLUSAO_DE_CURSO_GRADUACAO,Universidade Federal de Juiz de Fora,Moda,Nathália Varela Alvarenga,CO_ORIENTADOR,NAO
2014,INICIACAO_CIENTIFICA,Universidade Federal de Juiz de Fora,Interdisciplinar em Artes e Design,Ana Luiza Castro Mendonça,CO_ORIENTADOR,NAO
2014,INICIACAO_CIENTIFICA,Universidade Federal de Juiz de Fora,Interdisciplinar em Artes e Design,Rayane Patrícia de Ávila,CO_ORIENTADOR,NAO
2019,INICIACAO_CIENTIFICA,Universidade Federal de Juiz de Fora,Interdisciplinar em Artes e Design,THAYANE PILAR MARTINS DA SILVA,CO_ORIENTADOR,NAO
2016,TRABALHO_DE_CONCLUSAO_DE_CURSO_GRADUACAO,Universidade Federal de Juiz de Fora,Moda,Isadora Marílllia Moreira de Almeida,CO_ORIENTADOR,NAO
2016,TRABALHO_DE_CONCLUSAO_DE_CURSO_GRADUACAO,Universidade Federal de Juiz de Fora,Moda,Thalita Barbosa de Castro,CO_ORIENTADOR,NAO
2015,MONOGRAFIA_DE_CONCLUSAO_DE_CURSO_APERFEICOAMENTO_E_ESPECIALIZACAO,Universidade Federal de Juiz de Fora,"Moda, Cultura de Moda e Arte",Gabriela Soares Cabral,CO_ORIENTADOR,NAO
2016,INICIACAO_CIENTIFICA,Universidade Federal de Juiz de Fora,Moda,Mariana da Silva Almeida,CO_ORIENTADOR,SIM
2016,MONOGRAFIA_DE_CONCLUSAO_DE_CURSO_APERFEICOAMENTO_E_ESPECIALIZACAO,Universidade Federal de Juiz de Fora,"Moda, Cultura de Moda e Arte",Marlúcia Pereira da Silva,CO_ORIENTADOR,NAO
2016,TRABALHO_DE_CONCLUSAO_DE_CURSO_GRADUACAO,Universidade Federal de Juiz de Fora,Moda,Laura Nicolato Cordeiro,CO_ORIENTADOR,NAO
2017,TRABALHO_DE_CONCLUSAO_DE_CURSO_GRADUACAO,Universidade Federal de Juiz de Fora,Moda,Mariana Silva de Almeida,CO_ORIENTADOR,NAO
2017,TRABALHO_DE_CONCLUSAO_DE_CURSO_GRADUACAO,Universidade Federal de Juiz de Fora,Moda,Ninive Maria dos Santos Sant'anna,CO_ORIENTADOR,NAO
2017,TRABALHO_DE_CONCLUSAO_DE_CURSO_GRADUACAO,Universidade Federal de Juiz de Fora,Moda,Mariana Imbroisi Vaz de Paiva,CO_ORIENTADOR,NAO
2019,INICIACAO_CIENTIFICA,Universidade Federal de Juiz de Fora,Moda,Janaliza Aparecida da Silva Pereira,CO_ORIENTADOR,SIM
2019,INICIACAO_CIENTIFICA,Universidade Federal de Juiz de Fora,Moda,Laise Lutz Condé de Castro,CO_ORIENTADOR,SIM
2019,INICIACAO_CIENTIFICA,Universidade Federal de Juiz de Fora,Moda,Thamara Vercino,CO_ORIENTADOR,SIM
2018,TRABALHO_DE_CONCLUSAO_DE_CURSO_GRADUACAO,Universidade Federal de Juiz de Fora,Moda,Raquel Salgado,CO_ORIENTADOR,NAO
2018,TRABALHO_DE_CONCLUSAO_DE_CURSO_GRADUACAO,Universidade Federal de Juiz de Fora,Moda,Patrícia Naiara Sad,CO_ORIENTADOR,NAO
2018,TRABALHO_DE_CONCLUSAO_DE_CURSO_GRADUACAO,Universidade Federal de Juiz de Fora,Moda,Vanessa Almeida da Silva,CO_ORIENTADOR,NAO
2019,MONOGRAFIA_DE_CONCLUSAO_DE_CURSO_APERFEICOAMENTO_E_ESPECIALIZACAO,Universidade Federal de Juiz de Fora,Ensino de Artes Visuais,Denise Dutra Nascimento,CO_ORIENTADOR,NAO
2019,MONOGRAFIA_DE_CONCLUSAO_DE_CURSO_APERFEICOAMENTO_E_ESPECIALIZACAO,Universidade Federal de Juiz de Fora,Ensino de Artes Visuais,Elaine Aparecida Queiroz Vidal,CO_ORIENTADOR,NAO
2019,MONOGRAFIA_DE_CONCLUSAO_DE_CURSO_APERFEICOAMENTO_E_ESPECIALIZACAO,Universidade Federal de Juiz de Fora,Ensino de Artes Visuais,Fabiano Eloy Atílio Batista,CO_ORIENTADOR,NAO
2019,MONOGRAFIA_DE_CONCLUSAO_DE_CURSO_APERFEICOAMENTO_E_ESPECIALIZACAO,Universidade Federal de Juiz de Fora,Ensino de Artes Visuais,Laura Campos Daibert,CO_ORIENTADOR,NAO
2019,TRABALHO_DE_CONCLUSAO_DE_CURSO_GRADUACAO,Universidade Federal de Juiz de Fora,Moda,Daniele Ayres de Assis,CO_ORIENTADOR,NAO
2019,TRABALHO_DE_CONCLUSAO_DE_CURSO_GRADUACAO,Universidade Federal de Juiz de Fora,Moda,Janaliza A. da Silva Pereira e Luciana Campos Vasconcelos,CO_ORIENTADOR,NAO
2020,INICIACAO_CIENTIFICA,Universidade Federal de Juiz de Fora,Moda,paulo rodrigues de oliveira júnior,CO_ORIENTADOR,SIM
2019,ORIENTACAO-DE-OUTRA-NATUREZA,Universidade Federal de Juiz de Fora,Moda,Thayane Pilar Martins da Silva,CO_ORIENTADOR,SIM
2020,INICIACAO_CIENTIFICA,Universidade Federal de Juiz de Fora,Moda,RAMON VILAÇA DE ALMEIDA,CO_ORIENTADOR,SIM
2021,TRABALHO_DE_CONCLUSAO_DE_CURSO_GRADUACAO,Universidade Federal de Juiz de Fora,Moda,Thayane Pilar Martins da Silva,CO_ORIENTADOR,NAO
2020,TRABALHO_DE_CONCLUSAO_DE_CURSO_GRADUACAO,Universidade Federal de Juiz de Fora,Moda,PAULO DE OLIVEIRA RODRIGUES JUNIOR,CO_ORIENTADOR,NAO
2021,TRABALHO_DE_CONCLUSAO_DE_CURSO_GRADUACAO,Universidade Federal de Juiz de Fora,Moda,Ana Letícia Melo Mattos,CO_ORIENTADOR,NAO
2015,INICIACAO_CIENTIFICA,Universidade Federal de Juiz de Fora,Interdisciplinar em Artes e Design,MARLA BATISTA BUENO,CO_ORIENTADOR,SIM
