YEAR,NATURE,INSTITUTION,COURSE,STUDENT,TYPE,SPONSOR
2018,Dissertação de mestrado,Universidade Federal de Juiz de Fora,"Artes, Cultura e Linguagens",Cecília Samel Côrtes Fernandes,ORIENTADOR_PRINCIPAL,SIM
2019,Dissertação de mestrado,Universidade Federal de Juiz de Fora,"Artes, Cultura e Linguagens",Cláudio de Melo Filho,ORIENTADOR_PRINCIPAL,SIM
2019,Dissertação de mestrado,Universidade Federal de Juiz de Fora,"Artes, Cultura e Linguagens",Edmárcia Alves Andrade,ORIENTADOR_PRINCIPAL,NAO
2021,Dissertação de mestrado,Universidade Federal de Juiz de Fora,"Artes, Cultura e Linguagens",Giulia Drumond Imazio Silveira,ORIENTADOR_PRINCIPAL,NAO
2009,MONOGRAFIA_DE_CONCLUSAO_DE_CURSO_APERFEICOAMENTO_E_ESPECIALIZACAO,Universidade Estadual de Campinas,Especialização em Artes Visuais,Marta Masiero Ramos,CO_ORIENTADOR,NAO
2018,INICIACAO_CIENTIFICA,Universidade Federal de Juiz de Fora,Artes,Clara Mourão Downey,CO_ORIENTADOR,SIM
2018,INICIACAO_CIENTIFICA,Universidade Federal de Juiz de Fora,,Tamares Hagar Silva,CO_ORIENTADOR,SIM
2019,TRABALHO_DE_CONCLUSAO_DE_CURSO_GRADUACAO,Universidade Federal de Juiz de Fora,Artes Visuais,Matheus Pereira de Almeida,CO_ORIENTADOR,NAO
2019,ORIENTACAO-DE-OUTRA-NATUREZA,Universidade Federal de Juiz de Fora,Artes,FERNANDA FERREIRA DE MELLO,CO_ORIENTADOR,SIM
2019,ORIENTACAO-DE-OUTRA-NATUREZA,Universidade Federal de Juiz de Fora,Artes,Isabela Fernandes Lima Silva,CO_ORIENTADOR,SIM
2019,ORIENTACAO-DE-OUTRA-NATUREZA,Universidade Federal de Juiz de Fora,Artes,MARIA ANTONIA DO CARMO VIEIRA,CO_ORIENTADOR,SIM
2019,ORIENTACAO-DE-OUTRA-NATUREZA,Universidade Federal de Juiz de Fora,Artes,Maria Clara Esteves Brigatto,CO_ORIENTADOR,SIM
2019,ORIENTACAO-DE-OUTRA-NATUREZA,Universidade Federal de Juiz de Fora,Artes,Nina de Faria Cristofaro,CO_ORIENTADOR,SIM
2019,ORIENTACAO-DE-OUTRA-NATUREZA,Universidade Federal de Juiz de Fora,Artes,WESLLEY SHANSES MOREIRA,CO_ORIENTADOR,SIM
2019,ORIENTACAO-DE-OUTRA-NATUREZA,Universidade Federal de Juiz de Fora,Artes,WESLLEY SHANSES MOREIRA,CO_ORIENTADOR,SIM
2019,ORIENTACAO-DE-OUTRA-NATUREZA,Universidade Federal de Juiz de Fora,Artes,IVO LAZAREVITCH FILHO,CO_ORIENTADOR,SIM
2019,ORIENTACAO-DE-OUTRA-NATUREZA,Universidade Federal de Juiz de Fora,Artes,MARIA LUIZA MOTTA FIGUEIREDO PAMPLONA,CO_ORIENTADOR,SIM
2019,ORIENTACAO-DE-OUTRA-NATUREZA,Universidade Federal de Juiz de Fora,Artes,FELIPE MAGNO ELLER RODRIGUES,CO_ORIENTADOR,SIM
2019,ORIENTACAO-DE-OUTRA-NATUREZA,Universidade Federal de Juiz de Fora,Cinema e Audiovisual,DIOGO DE MELO GOMES SILVA,CO_ORIENTADOR,SIM
2019,ORIENTACAO-DE-OUTRA-NATUREZA,Universidade Federal de Juiz de Fora,Cinema e Audiovisual,BRUNO NOGUEIRA LEONARDO,CO_ORIENTADOR,SIM
2019,ORIENTACAO-DE-OUTRA-NATUREZA,Universidade Federal de Juiz de Fora,Artes,MARCELO DE OLIVEIRA CARVALHO,CO_ORIENTADOR,SIM
2019,ORIENTACAO-DE-OUTRA-NATUREZA,Universidade Federal de Juiz de Fora,Artes,ADA MEDEIROS DUTRA,CO_ORIENTADOR,SIM
2021,TRABALHO_DE_CONCLUSAO_DE_CURSO_GRADUACAO,Universidade Federal de Juiz de Fora,Artes Visuais,Marize Moreno de Carvalho,CO_ORIENTADOR,NAO
2020,ORIENTACAO-DE-OUTRA-NATUREZA,Universidade Federal de Juiz de Fora,Interdisciplinar em Artes e Design,Ada Medeiros Dutra,CO_ORIENTADOR,SIM
2020,ORIENTACAO-DE-OUTRA-NATUREZA,Universidade Federal de Juiz de Fora,Interdisciplinar em Artes e Design,Alice de L. Costa; Isadora C. Mayrinck; Jéssica M. da Silva,CO_ORIENTADOR,SIM
2020,ORIENTACAO-DE-OUTRA-NATUREZA,Universidade Federal de Juiz de Fora,Artes Visuais,Camila Vitório Siqueira,CO_ORIENTADOR,SIM
2020,ORIENTACAO-DE-OUTRA-NATUREZA,Universidade Federal de Juiz de Fora,Artes,Isabela Fernandes Lima Silva,CO_ORIENTADOR,SIM
2020,ORIENTACAO-DE-OUTRA-NATUREZA,Universidade Federal de Juiz de Fora,Artes,Ismael Honório da Silva,CO_ORIENTADOR,SIM
2020,ORIENTACAO-DE-OUTRA-NATUREZA,Universidade Federal de Juiz de Fora,Interdisciplinar em Artes e Design,Nina de Faria Cristofaro,CO_ORIENTADOR,SIM
2020,ORIENTACAO-DE-OUTRA-NATUREZA,Universidade Federal de Juiz de Fora,Moda,Weslley Shanses Moreira,CO_ORIENTADOR,SIM
2021,TRABALHO_DE_CONCLUSAO_DE_CURSO_GRADUACAO,Universidade Federal de Juiz de Fora,Artes Visuais,Camila Vitório Siqueira,CO_ORIENTADOR,NAO
2009,MONOGRAFIA_DE_CONCLUSAO_DE_CURSO_APERFEICOAMENTO_E_ESPECIALIZACAO,Universidade Estadual de Campinas,Especialização em Artes Visuais,Emilton Barbosa de Oliveira,CO_ORIENTADOR,NAO
