YEAR,NATURE,INSTITUTION,COURSE,STUDENT,TYPE,SPONSOR
2019,Dissertação de mestrado,Universidade Federal de Minas Gerais,Artes,Mariá de Sá Frizzera Scárdua,ORIENTADOR_PRINCIPAL,SIM
2018,Dissertação de mestrado,Universidade Federal de Minas Gerais,Artes,Luciano Soares Mariz,ORIENTADOR_PRINCIPAL,NAO
2019,Dissertação de mestrado,Universidade Federal de Minas Gerais,Artes,André Luis Silva,ORIENTADOR_PRINCIPAL,NAO
2010,ORIENTACAO-DE-OUTRA-NATUREZA,Universidade Federal de Minas Gerais,Artes Visuais,Luciana Rothberg,CO_ORIENTADOR,NAO
2010,ORIENTACAO-DE-OUTRA-NATUREZA,Universidade Federal de Minas Gerais,Cinema de Animação e Arte Digital,Relton Guicheney,CO_ORIENTADOR,SIM
2011,ORIENTACAO-DE-OUTRA-NATUREZA,Universidade Federal de Minas Gerais,Cinema de Animação e Arte Digital,Laira Nóbrega de Ávila,CO_ORIENTADOR,SIM
2013,TRABALHO_DE_CONCLUSAO_DE_CURSO_GRADUACAO,Universidade Federal de Minas Gerais,Cinema de Animação e Arte Digital,João Eduardo Nassif Veiga,CO_ORIENTADOR,NAO
2012,ORIENTACAO-DE-OUTRA-NATUREZA,Universidade Federal de Minas Gerais,Design,Camila Albino Martins de Alvarenga,CO_ORIENTADOR,NAO
2013,ORIENTACAO-DE-OUTRA-NATUREZA,Universidade Federal de Minas Gerais,Cinema de Animação e Artes Digitais,Amanda Silva Murta,CO_ORIENTADOR,NAO
2013,TRABALHO_DE_CONCLUSAO_DE_CURSO_GRADUACAO,Universidade Federal de Minas Gerais,Design,Camila Albino Martins de Alvarenga,CO_ORIENTADOR,NAO
2013,TRABALHO_DE_CONCLUSAO_DE_CURSO_GRADUACAO,Universidade Federal de Minas Gerais,Design,Guilherme Harrison Alves Pereira,CO_ORIENTADOR,NAO
2014,TRABALHO_DE_CONCLUSAO_DE_CURSO_GRADUACAO,Universidade Federal de Minas Gerais,Design,Pedro Ragazzi,CO_ORIENTADOR,NAO
2015,TRABALHO_DE_CONCLUSAO_DE_CURSO_GRADUACAO,Universidade Federal de Minas Gerais,Design,Ródney Gomes Arôuca,CO_ORIENTADOR,NAO
2016,TRABALHO_DE_CONCLUSAO_DE_CURSO_GRADUACAO,Universidade Federal de Minas Gerais,Design,Ana Lúcia Cardoso de Magalhães,CO_ORIENTADOR,NAO
2016,TRABALHO_DE_CONCLUSAO_DE_CURSO_GRADUACAO,Universidade Federal de Minas Gerais,Design,André Duarte Pereira,CO_ORIENTADOR,NAO
2016,TRABALHO_DE_CONCLUSAO_DE_CURSO_GRADUACAO,Universidade Federal de Minas Gerais,Design,Thiago de Souza Paulo,CO_ORIENTADOR,NAO
2016,TRABALHO_DE_CONCLUSAO_DE_CURSO_GRADUACAO,Universidade Federal de Minas Gerais,Design,Fabiana Kauder,CO_ORIENTADOR,NAO
2016,TRABALHO_DE_CONCLUSAO_DE_CURSO_GRADUACAO,Universidade Federal de Minas Gerais,Cinema de Animação e Artes Digitais,Clara Andrade Pimentel,CO_ORIENTADOR,NAO
2016,ORIENTACAO-DE-OUTRA-NATUREZA,Universidade Federal de Minas Gerais,Cinema de Animação e Artes Digitais,Carolina Rodrigues Pereira,CO_ORIENTADOR,SIM
2016,TRABALHO_DE_CONCLUSAO_DE_CURSO_GRADUACAO,Universidade Federal de Minas Gerais,Design,Rafaela Lucci Imakawa de Andrade,CO_ORIENTADOR,NAO
2017,INICIACAO_CIENTIFICA,Universidade Federal de Minas Gerais,Design,Adriene Amaral Naves Reis,CO_ORIENTADOR,SIM
2019,TRABALHO_DE_CONCLUSAO_DE_CURSO_GRADUACAO,Universidade Federal de Minas Gerais,Cinema de Animação e Artes Digitais,Nicole Souza de Paiva Almeida,CO_ORIENTADOR,NAO
2019,TRABALHO_DE_CONCLUSAO_DE_CURSO_GRADUACAO,Universidade Federal de Minas Gerais,Cinema de Animação e Artes Digitais,Elisa Guimarães Santos,CO_ORIENTADOR,NAO
2019,TRABALHO_DE_CONCLUSAO_DE_CURSO_GRADUACAO,Universidade Federal de Minas Gerais,Cinema de Animação e Artes Digitais,Thalysson Maya Souza do Carmo,CO_ORIENTADOR,NAO
2013,TRABALHO_DE_CONCLUSAO_DE_CURSO_GRADUACAO,Universidade Federal de Minas Gerais,Design,Samuel Machado Delfino,CO_ORIENTADOR,NAO
