YEAR,NATURE,INSTITUTION,COURSE,STUDENT,TYPE,SPONSOR
2009,Dissertação de mestrado,Universidade Federal de Minas Gerais,Artes,Juliana Carvalho,ORIENTADOR_PRINCIPAL,NAO
2010,Dissertação de mestrado,Universidade Federal de Minas Gerais,Pós-graduaçao em Artes,Rita Maia,ORIENTADOR_PRINCIPAL,NAO
2008,Dissertação de mestrado,Universidade Federal de Minas Gerais,Programa de Pós Graduação em Artes,Isaque Ribeiro,ORIENTADOR_PRINCIPAL,SIM
2008,Dissertação de mestrado,Universidade Estadual Paulista Júlio de Mesquita Filho,Artes,Thaís de Carvalho Hércules,CO_ORIENTADOR,NAO
2010,Dissertação de mestrado,Escola de Belas Artes,Teatro,Marcelo Eduardo Rocco de Gasperi,ORIENTADOR_PRINCIPAL,NAO
2011,Dissertação de mestrado,Universidade Federal de Minas Gerais,Programa de Pós Graduação em Artes,Frederico Ramos Oliveira,ORIENTADOR_PRINCIPAL,NAO
2011,Dissertação de mestrado,Escola de Belas Artes - UFMG,Pós-graduação em Artes,Luciana Eastwood Romagnolli,ORIENTADOR_PRINCIPAL,NAO
2011,Dissertação de mestrado,Escola de Belas Artes - UFMG,Pós-graduação em Artes,Flaviano Souza e Silva,ORIENTADOR_PRINCIPAL,SIM
2010,Dissertação de mestrado,Escola de Belas Artes - UFMG,Pós-graduação em Artes,Eberth Guimarães,CO_ORIENTADOR,NAO
2012,Dissertação de mestrado,Escola de Belas Artes - UFMG,Pós-graduação em Artes,Diogo Horta Miguel,ORIENTADOR_PRINCIPAL,NAO
2013,Dissertação de mestrado,Universidade Federal de Minas Gerais,Artes,Hortência Campos Maia,ORIENTADOR_PRINCIPAL,SIM
2015,Dissertação de mestrado,Universidade Federal de Minas Gerais,Artes,Juliana Souto Lemos,ORIENTADOR_PRINCIPAL,NAO
2016,Dissertação de mestrado,Escola de Belas Artes - UFMG,Pós-graduação em Artes,Samara Vilaça Xavier,ORIENTADOR_PRINCIPAL,SIM
2010,Dissertação de mestrado,Universidade Federal de Minas Gerais,Artes,Renata Mara Fonseca de Almeida,ORIENTADOR_PRINCIPAL,SIM
2011,Tese de doutorado,Escola de Belas Artes - UFMG,Artes,Luiz Carlos de Almeida Garrocho,ORIENTADOR_PRINCIPAL,NAO
2012,Tese de doutorado,Escola de Belas Artes - UFMG,Artes,Marcelo Eduardo Rocco,ORIENTADOR_PRINCIPAL,NAO
2013,Tese de doutorado,Universidade Federal de Minas Gerais,Artes,Isaque Ribeiro,ORIENTADOR_PRINCIPAL,NAO
2015,Tese de doutorado,Universidade Federal de Minas Gerais,Artes,Gabriela Córdoba Christófaro,ORIENTADOR_PRINCIPAL,NAO
2013,Tese de doutorado,Escola de Belas Artes - UFMG,Artes,Cecília Maria de Araújo Ferreira,CO_ORIENTADOR,SIM
2016,Tese de doutorado,Escola de Belas Artes - UFMG,Artes,MARIA ELISA PEREIRA DE ALMEIDA,ORIENTADOR_PRINCIPAL,SIM
2010,Tese de doutorado,Universidade Federal de Minas Gerais,Artes,maria Gorete Oliveira de Souza,ORIENTADOR_PRINCIPAL,SIM
2006,TRABALHO_DE_CONCLUSAO_DE_CURSO_GRADUACAO,Universidade Federal de Ouro Preto,Artes Cênicas,Alexis Nehemy,CO_ORIENTADOR,NAO
2008,INICIACAO_CIENTIFICA,Universidade Federal de Minas Gerais,Curso de Teatro,Diogo Horta,CO_ORIENTADOR,SIM
2008,ORIENTACAO-DE-OUTRA-NATUREZA,Universidade Federal de Minas Gerais,Curso de Teatro,Mariana Vasconcelos,CO_ORIENTADOR,SIM
2008,INICIACAO_CIENTIFICA,Universidade Federal de Minas Gerais,Curso de Teatro,Hortência Maia,CO_ORIENTADOR,SIM
2009,ORIENTACAO-DE-OUTRA-NATUREZA,Universidade Federal de Minas Gerais,,Marilene Martins,CO_ORIENTADOR,NAO
2009,TRABALHO_DE_CONCLUSAO_DE_CURSO_GRADUACAO,Escola de Belas Artes - UFMG,Teatro,Hortência Maia,CO_ORIENTADOR,NAO
2009,TRABALHO_DE_CONCLUSAO_DE_CURSO_GRADUACAO,Escola de Belas Artes - UFMG,Teatro,Jéssica Azevedo,CO_ORIENTADOR,NAO
2009,TRABALHO_DE_CONCLUSAO_DE_CURSO_GRADUACAO,Universidade Federal de Minas Gerais,Curso de Graduação em Teatro,Beatriz Campos,CO_ORIENTADOR,NAO
2009,TRABALHO_DE_CONCLUSAO_DE_CURSO_GRADUACAO,Universidade Federal de Minas Gerais,Curso de Graduação em Teatro,Renata Carvalho Correa,CO_ORIENTADOR,NAO
2009,INICIACAO_CIENTIFICA,Universidade Federal de Minas Gerais,Curso de Graduação em Teatro,Rafael Lucas,CO_ORIENTADOR,SIM
2009,INICIACAO_CIENTIFICA,Universidade Federal de Minas Gerais,Curso de Graduação em Teatro,Iasmim Marques,CO_ORIENTADOR,SIM
2009,INICIACAO_CIENTIFICA,Universidade Federal de Minas Gerais,Curso de Graduação em Teatro,Sabrina Marinho,CO_ORIENTADOR,SIM
2009,INICIACAO_CIENTIFICA,Universidade Federal de Minas Gerais,Curso de Graduação em Teatro,Eliane Chan,CO_ORIENTADOR,SIM
2010,INICIACAO_CIENTIFICA,Universidade Federal de Minas Gerais,,Daniela Costa,CO_ORIENTADOR,SIM
2010,INICIACAO_CIENTIFICA,Universidade Federal de Minas Gerais,Curso de Graduação em Teatro,Maria Tereza Godinho,CO_ORIENTADOR,SIM
2010,TRABALHO_DE_CONCLUSAO_DE_CURSO_GRADUACAO,Escola de Belas Artes - UFMG,Teatro,Diogo Horta,CO_ORIENTADOR,NAO
2010,MONOGRAFIA_DE_CONCLUSAO_DE_CURSO_APERFEICOAMENTO_E_ESPECIALIZACAO,Universidade Aberta do Brasil,Curso de Especialização no Ensino de Artes Visuais,Maria Aparecida da Costa Souza,CO_ORIENTADOR,NAO
2010,MONOGRAFIA_DE_CONCLUSAO_DE_CURSO_APERFEICOAMENTO_E_ESPECIALIZACAO,Universidade Aberta do Brasil,Curso de Especialização no Ensino de Artes Visuais,Neusa Ferreira Bastos,CO_ORIENTADOR,NAO
2010,MONOGRAFIA_DE_CONCLUSAO_DE_CURSO_APERFEICOAMENTO_E_ESPECIALIZACAO,Universidade Aberta do Brasil,Curso de Especialização no Ensino de Artes Visuais,Cardênia Pereira Sobrinho,CO_ORIENTADOR,NAO
2010,MONOGRAFIA_DE_CONCLUSAO_DE_CURSO_APERFEICOAMENTO_E_ESPECIALIZACAO,Universidade Aberta do Brasil,Curso de Especialização no Ensino de Artes Visuais,Christian Nassif de Oliveira Santos,CO_ORIENTADOR,NAO
2010,TRABALHO_DE_CONCLUSAO_DE_CURSO_GRADUACAO,Universidade Federal de Minas Gerais,Teatro,Fabiana de Moura Bergamini,CO_ORIENTADOR,NAO
2010,INICIACAO_CIENTIFICA,Escola de Belas Artes,Teatro,Bruna Betito,CO_ORIENTADOR,SIM
2012,INICIACAO_CIENTIFICA,Escola de Belas Artes - UFMG,Teatro,Carolina França,CO_ORIENTADOR,SIM
2010,INICIACAO_CIENTIFICA,Escola de Belas Artes - UFMG,Teatro,Rafael Lucas,CO_ORIENTADOR,SIM
2011,TRABALHO_DE_CONCLUSAO_DE_CURSO_GRADUACAO,Escola de Belas Artes - UFMG,Teatro,Frederico Pícoli Barbosa Dias,CO_ORIENTADOR,NAO
2011,TRABALHO_DE_CONCLUSAO_DE_CURSO_GRADUACAO,Escola de Belas Artes - UFMG,Teatro,Mariana Vasconcelos Nogueira,CO_ORIENTADOR,NAO
2011,ORIENTACAO-DE-OUTRA-NATUREZA,Universidade Federal de Minas Gerais,Teatro,Rogério Lopes,CO_ORIENTADOR,SIM
2012,INICIACAO_CIENTIFICA,Escola de Belas Artes - UFMG,Teatro,Bruna Betito Estribilli,CO_ORIENTADOR,SIM
2012,INICIACAO_CIENTIFICA,Escola de Belas Artes - UFMG,Teatro,Carolina França Correa,CO_ORIENTADOR,SIM
2013,INICIACAO_CIENTIFICA,Escola de Belas Artes - UFMG,Teatro,Adriana França Correa,CO_ORIENTADOR,SIM
2013,INICIACAO_CIENTIFICA,Escola de Belas Artes - UFMG,Teatro,Aline Nogueira,CO_ORIENTADOR,SIM
2014,INICIACAO_CIENTIFICA,Escola de Belas Artes - UFMG,Teatro,Allan Barbosa,CO_ORIENTADOR,SIM
2014,INICIACAO_CIENTIFICA,Escola de Belas Artes - UFMG,Teatro,Izabella Borges,CO_ORIENTADOR,SIM
2014,MONOGRAFIA_DE_CONCLUSAO_DE_CURSO_APERFEICOAMENTO_E_ESPECIALIZACAO,Escola de Belas Artes - UFMG,Teatro,Lennison de Castro Farah,CO_ORIENTADOR,NAO
2016,MONOGRAFIA_DE_CONCLUSAO_DE_CURSO_APERFEICOAMENTO_E_ESPECIALIZACAO,Escola de Belas Artes - UFMG,Ensino de Arte,Ana Cristina Azevedo de Souza,CO_ORIENTADOR,NAO
2016,MONOGRAFIA_DE_CONCLUSAO_DE_CURSO_APERFEICOAMENTO_E_ESPECIALIZACAO,Escola de Belas Artes - UFMG,Ensino de Arte,Ana Cristina Azevedo de Souza,CO_ORIENTADOR,NAO
2015,MONOGRAFIA_DE_CONCLUSAO_DE_CURSO_APERFEICOAMENTO_E_ESPECIALIZACAO,Escola de Belas Artes - UFMG,Ensino de Arte,Anair Patrícia Heringuer,CO_ORIENTADOR,NAO
2015,MONOGRAFIA_DE_CONCLUSAO_DE_CURSO_APERFEICOAMENTO_E_ESPECIALIZACAO,Escola de Belas Artes - UFMG,Ensino de Arte,Maria Angélica Castello Branco Rena,CO_ORIENTADOR,NAO
2015,MONOGRAFIA_DE_CONCLUSAO_DE_CURSO_APERFEICOAMENTO_E_ESPECIALIZACAO,Escola de Belas Artes - UFMG,Ensino de Arte,Nancy María Mora Castro,CO_ORIENTADOR,NAO
2015,MONOGRAFIA_DE_CONCLUSAO_DE_CURSO_APERFEICOAMENTO_E_ESPECIALIZACAO,Escola de Belas Artes - UFMG,Ensino de Arte,Nancy María Mora Castro,CO_ORIENTADOR,NAO
2015,MONOGRAFIA_DE_CONCLUSAO_DE_CURSO_APERFEICOAMENTO_E_ESPECIALIZACAO,Escola de Belas Artes - UFMG,Ensino de Arte,Paula Cristiane de Souza Silva,CO_ORIENTADOR,NAO
2015,MONOGRAFIA_DE_CONCLUSAO_DE_CURSO_APERFEICOAMENTO_E_ESPECIALIZACAO,Escola de Belas Artes - UFMG,Ensino de Arte,Silezia Ferreira dos Santos,CO_ORIENTADOR,NAO
2015,MONOGRAFIA_DE_CONCLUSAO_DE_CURSO_APERFEICOAMENTO_E_ESPECIALIZACAO,Escola de Belas Artes - UFMG,Ensino de Arte,Vanessa Cristina Alves Kaizer,CO_ORIENTADOR,NAO
2015,MONOGRAFIA_DE_CONCLUSAO_DE_CURSO_APERFEICOAMENTO_E_ESPECIALIZACAO,Escola de Belas Artes - UFMG,Ensino de Arte,Ana Cristina Azevedo de Souza,CO_ORIENTADOR,NAO
2015,MONOGRAFIA_DE_CONCLUSAO_DE_CURSO_APERFEICOAMENTO_E_ESPECIALIZACAO,Escola de Belas Artes - UFMG,Ensino de Arte,Ana Patrícia Castelo Branco Heringer,CO_ORIENTADOR,NAO
2015,MONOGRAFIA_DE_CONCLUSAO_DE_CURSO_APERFEICOAMENTO_E_ESPECIALIZACAO,Escola de Belas Artes - UFMG,Ensino de Arte,Nancy Mora Castro,CO_ORIENTADOR,NAO
2015,MONOGRAFIA_DE_CONCLUSAO_DE_CURSO_APERFEICOAMENTO_E_ESPECIALIZACAO,Escola de Belas Artes - UFMG,Ensino de Arte,Paula Cristiane de Souza Silva,CO_ORIENTADOR,NAO
2015,MONOGRAFIA_DE_CONCLUSAO_DE_CURSO_APERFEICOAMENTO_E_ESPECIALIZACAO,Escola de Belas Artes - UFMG,Ensino de Arte,Silézia Ferreira dos Santos,CO_ORIENTADOR,NAO
2015,MONOGRAFIA_DE_CONCLUSAO_DE_CURSO_APERFEICOAMENTO_E_ESPECIALIZACAO,Escola de Belas Artes - UFMG,Ensino de Arte,Vanessa Cristina Alvez Kaiser,CO_ORIENTADOR,NAO
2015,MONOGRAFIA_DE_CONCLUSAO_DE_CURSO_APERFEICOAMENTO_E_ESPECIALIZACAO,Escola de Belas Artes - UFMG,Ensino de Arte,Maria Angélica Castello Branco Rena,CO_ORIENTADOR,NAO
2017,INICIACAO_CIENTIFICA,Escola de Belas Artes - UFMG,Teatro,Cinara Diniz,CO_ORIENTADOR,SIM
2018,INICIACAO_CIENTIFICA,Escola de Belas Artes - UFMG,Teatro,Cinara DIniz,CO_ORIENTADOR,SIM
2018,TRABALHO_DE_CONCLUSAO_DE_CURSO_GRADUACAO,Escola de Belas Artes - UFMG,Teatro,Rafael Eleotério,CO_ORIENTADOR,NAO
2019,TRABALHO_DE_CONCLUSAO_DE_CURSO_GRADUACAO,Escola de Belas Artes - UFMG,Teatro,Maria Luiza Meyer,CO_ORIENTADOR,NAO
2019,TRABALHO_DE_CONCLUSAO_DE_CURSO_GRADUACAO,Escola de Belas Artes - UFMG,Teatro,Paula Pireti,CO_ORIENTADOR,NAO
2019,ORIENTACAO-DE-OUTRA-NATUREZA,Escola de Belas Artes - UFMG,,Theresa Dudeck,CO_ORIENTADOR,SIM
2010,MONOGRAFIA_DE_CONCLUSAO_DE_CURSO_APERFEICOAMENTO_E_ESPECIALIZACAO,Pontifícia Universidade Católica de Minas Gerais,Especialização em Produção e Crítica Culuralt,Bruno Furletti,CO_ORIENTADOR,NAO
