YEAR,NATURE,INSTITUTION,COURSE,STUDENT,TYPE,SPONSOR
2011,Dissertação de mestrado,Universidade do Estado de Santa Catarina,Música,Gabriele Mendes da Silva,ORIENTADOR_PRINCIPAL,NAO
2010,Dissertação de mestrado,Universidade do Estado de Santa Catarina,Música,Josiane Paula Maltauro Lopes,ORIENTADOR_PRINCIPAL,NAO
2014,Dissertação de mestrado,Universidade Federal de Uberlândia,Artes,Roberto Leonardo Caimi,ORIENTADOR_PRINCIPAL,NAO
2019,Dissertação de mestrado,Universidade Federal de Uberlândia,Música,João Paulo de Rezende Oliveira,ORIENTADOR_PRINCIPAL,NAO
2015,Dissertação de mestrado,Universidade Federal de Uberlândia,Artes,Gislaine Sousa Silva,ORIENTADOR_PRINCIPAL,NAO
2007,TRABALHO_DE_CONCLUSAO_DE_CURSO_GRADUACAO,Universidade do Estado de Santa Catarina,Licenciatura Musica,Gabriele Mendes da Silva,CO_ORIENTADOR,NAO
2008,TRABALHO_DE_CONCLUSAO_DE_CURSO_GRADUACAO,Universidade do Estado de Santa Catarina,Licenciatura Musica,Marcel Andrioli,CO_ORIENTADOR,NAO
2009,TRABALHO_DE_CONCLUSAO_DE_CURSO_GRADUACAO,Universidade do Estado de Santa Catarina,Licenciatura Musica,Monalisa B. G. Granemann,CO_ORIENTADOR,NAO
2009,TRABALHO_DE_CONCLUSAO_DE_CURSO_GRADUACAO,Universidade do Estado de Santa Catarina,Licenciatura Musica,Humberto Braun Inocêncio,CO_ORIENTADOR,NAO
2009,TRABALHO_DE_CONCLUSAO_DE_CURSO_GRADUACAO,Universidade do Estado de Santa Catarina,Licenciatura Musica,Méri Cristiane Sartori Cardoso,CO_ORIENTADOR,NAO
2010,TRABALHO_DE_CONCLUSAO_DE_CURSO_GRADUACAO,Universidade do Estado de Santa Catarina,Licenciatura Musica,Ramon Franco Sezerino,CO_ORIENTADOR,NAO
2009,TRABALHO_DE_CONCLUSAO_DE_CURSO_GRADUACAO,Universidade do Estado de Santa Catarina,Licenciatura Musica,Alex Sandro Gomes Pereira,CO_ORIENTADOR,NAO
2010,TRABALHO_DE_CONCLUSAO_DE_CURSO_GRADUACAO,Universidade do Estado de Santa Catarina,Licenciatura Musica,Luiz Alberto Santos Cunha,CO_ORIENTADOR,NAO
2010,TRABALHO_DE_CONCLUSAO_DE_CURSO_GRADUACAO,Universidade do Estado de Santa Catarina,Licenciatura Musica,Humberto Ribeiro,CO_ORIENTADOR,NAO
2010,TRABALHO_DE_CONCLUSAO_DE_CURSO_GRADUACAO,Universidade do Estado de Santa Catarina,Licenciatura Musica,Patrick Almeida Cavalheiro,CO_ORIENTADOR,NAO
2013,INICIACAO_CIENTIFICA,Universidade Federal de Uberlândia,Música - Licenciatura Ou Bacharelado,Gaspar Ribeiro Rodrigues,CO_ORIENTADOR,SIM
2014,TRABALHO_DE_CONCLUSAO_DE_CURSO_GRADUACAO,Universidade Federal de Uberlândia,Música - Licenciatura Ou Bacharelado,Armando César da Silva,CO_ORIENTADOR,NAO
2014,TRABALHO_DE_CONCLUSAO_DE_CURSO_GRADUACAO,Universidade Federal de Uberlândia,Música - Licenciatura Ou Bacharelado,Gaspar Ribeiro Rodrigues,CO_ORIENTADOR,NAO
2017,TRABALHO_DE_CONCLUSAO_DE_CURSO_GRADUACAO,Universidade Federal de Uberlândia,Abi - Música,Cleivimar Gonçalves da Silva,CO_ORIENTADOR,NAO
2015,TRABALHO_DE_CONCLUSAO_DE_CURSO_GRADUACAO,Universidade Federal de Uberlândia,Abi - Música,Maria Clara de Melo Mesquita,CO_ORIENTADOR,NAO
2015,TRABALHO_DE_CONCLUSAO_DE_CURSO_GRADUACAO,Universidade Federal de Uberlândia,Abi - Música,Eliézer Evangelista Silva,CO_ORIENTADOR,NAO
2008,TRABALHO_DE_CONCLUSAO_DE_CURSO_GRADUACAO,Universidade do Estado de Santa Catarina,Licenciatura Musica,Thiago Grando Módolo,CO_ORIENTADOR,NAO
