YEAR,NATURE,INSTITUTION,COURSE,STUDENT,TYPE,SPONSOR
2021,Dissertação de mestrado,Universidade Federal de São João Del-Rei,PPGMUS - Música (Mestrado),Elisangela Naves Vivas,ORIENTADOR_PRINCIPAL,NAO
2013,Dissertação de mestrado,Universidade Federal do Pará,Artes,Jonathan Guimarães e Miranda,CO_ORIENTADOR,NAO
2005,TRABALHO_DE_CONCLUSAO_DE_CURSO_GRADUACAO,Universidade do Estado de Minas Gerais,Música,Matheus Almeida Rodrigues,ORIENTADOR_PRINCIPAL,NAO
2005,TRABALHO_DE_CONCLUSAO_DE_CURSO_GRADUACAO,Universidade do Estado de Minas Gerais,Música,Ricardo Rodrigues,ORIENTADOR_PRINCIPAL,NAO
2005,TRABALHO_DE_CONCLUSAO_DE_CURSO_GRADUACAO,Universidade do Estado de Minas Gerais,Música,Janaína Mara da Silva e Mendonça,ORIENTADOR_PRINCIPAL,NAO
2005,MONOGRAFIA_DE_CONCLUSAO_DE_CURSO_APERFEICOAMENTO_E_ESPECIALIZACAO,Universidade do Estado de Minas Gerais,Eduacação Musical,Daniella Costa,ORIENTADOR_PRINCIPAL,NAO
2009,INICIACAO_CIENTIFICA,Universidade Federal de São João Del-Rei,Educação Física,ELISANGELA NAVES VIVAS CORRÊA,CO_ORIENTADOR,NAO
2012,INICIACAO_CIENTIFICA,Universidade Federal de São João Del-Rei,Educação Física,GLEDYS SYMPPOL GOMES MORATO,CO_ORIENTADOR,NAO
2015,INICIACAO_CIENTIFICA,Universidade Federal de São João Del-Rei,Música,Marco Antônio de Lima,CO_ORIENTADOR,NAO
2015,INICIACAO_CIENTIFICA,Universidade Federal de São João Del-Rei,Música,William da Silva Marques,CO_ORIENTADOR,SIM
2015,ORIENTACAO-DE-OUTRA-NATUREZA,Universidade Federal de São João Del-Rei,Música,HELYSON ELPÍDIO SANTOS CRUZ,CO_ORIENTADOR,SIM
2018,INICIACAO_CIENTIFICA,Universidade Federal de São João Del-Rei,Música,NATALIA TUESTA HUARNIZO,CO_ORIENTADOR,NAO
2018,INICIACAO_CIENTIFICA,Universidade Federal de São João Del-Rei,Música,Raul Charles Rodrigues Rosa,CO_ORIENTADOR,SIM
2018,INICIACAO_CIENTIFICA,Universidade Federal de São João Del-Rei,Educação Física,JENIFFER VIVAS CORRÊA,CO_ORIENTADOR,NAO
2018,INICIACAO_CIENTIFICA,Universidade Federal de São João Del-Rei,Música,Raul Charles Rodrigues Rosa,CO_ORIENTADOR,NAO
2019,INICIACAO_CIENTIFICA,Universidade Federal de São João Del-Rei,Música,Marcos Alexandre do Nascimento,CO_ORIENTADOR,NAO
2020,INICIACAO_CIENTIFICA,Universidade Federal de São João Del-Rei,Música,Elisangela Naves Vivas,CO_ORIENTADOR,SIM
2020,INICIACAO_CIENTIFICA,Universidade Federal de São João Del-Rei,Música,Marcos Alexandre do Nascimento,CO_ORIENTADOR,SIM
2021,INICIACAO_CIENTIFICA,Universidade Federal de São João Del-Rei,Música,Elisangela Naves Vivas,CO_ORIENTADOR,NAO
2021,ORIENTACAO-DE-OUTRA-NATUREZA,Universidade Federal de São João Del-Rei,Música,Elisangela Naves Vivas,CO_ORIENTADOR,SIM
2021,TRABALHO_DE_CONCLUSAO_DE_CURSO_GRADUACAO,Universidade Federal de São João Del-Rei,Música,José Paulo Gimenez Resende,CO_ORIENTADOR,NAO
2016,INICIACAO_CIENTIFICA,Universidade Federal de São João Del-Rei,Música,MARLON GERALDO MOREIRA DELUCHI,CO_ORIENTADOR,NAO
