YEAR,NATURE,INSTITUTION,COURSE,STUDENT,TYPE,SPONSOR
2014,Dissertação de mestrado,Universidade Federal de Minas Gerais,Música,Eli Salim Joory,ORIENTADOR_PRINCIPAL,NAO
2015,Dissertação de mestrado,Universidade Federal de Minas Gerais,Música,Nathália Angela Fragoso Rossi,ORIENTADOR_PRINCIPAL,SIM
2017,Dissertação de mestrado,Universidade Federal de Minas Gerais,Música,Lucas Pimentel Telles,ORIENTADOR_PRINCIPAL,NAO
2018,Dissertação de mestrado,Universidade Federal de Minas Gerais,Música,Marcos Eduardo Athayde,ORIENTADOR_PRINCIPAL,SIM
2019,Dissertação de mestrado,Universidade Federal de Minas Gerais,Música,Lucas Filipe Alves de Oliveira,ORIENTADOR_PRINCIPAL,NAO
2020,Dissertação de mestrado,Universidade Federal de Minas Gerais,Música,Eduardo de Markus Athayde,ORIENTADOR_PRINCIPAL,SIM
2012,Dissertação de mestrado,Universidade Federal de Minas Gerais,Música,Sérgio Rodrigo Ribeiro Lacerda,ORIENTADOR_PRINCIPAL,SIM
2013,Tese de doutorado,Universidade Federal de Minas Gerais,Engenharia Elétrica,Alan Robert Resende de Freitas,CO_ORIENTADOR,NAO
2018,Tese de doutorado,Universidade Federal de Minas Gerais,Música,MARCOS ANTÔNIO SILVA SANTOS,ORIENTADOR_PRINCIPAL,NAO
2016,Tese de doutorado,Universidad de Oviedo,Doctorado en Historia del Arte y Musicología,Leslie Freitas de Torres,CO_ORIENTADOR,NAO
2016,INICIACAO_CIENTIFICA,Universidade Federal de Minas Gerais,Música - Composição,Luciano Santos do Sacramento,CO_ORIENTADOR,SIM
2017,INICIACAO_CIENTIFICA,Universidade Federal de Minas Gerais,Abi - Música,Marcus Vinicius Souza Monteiro,CO_ORIENTADOR,SIM
2015,INICIACAO_CIENTIFICA,Universidade Federal de Minas Gerais,Abi - Música,Marco Antonio Moreira da Silva,CO_ORIENTADOR,SIM
