PROJ,YEAR_INI,YEAR_FIN,NATUREZA,INTEGRANTES,COORDENA
Concepções de Cultura na Obra de Artur Azevedo,2002,2006,PESQUISA,"['Alberto Ferreira da Rocha Junior', 'Juan Pablo Salgado Araújo Monteiro', 'manuela Sabino de Freitas', 'Valdirene de Paiva Paula', 'José Leandro Fernando da Silva', 'Carmen Losano Borges']","['SIM', 'NAO', 'NAO', 'NAO', 'NAO', 'NAO']"
Teatro Brasileiro de Revista:  de Artur Azevedo a São João del-Rei,1998,2002,PESQUISA,['Alberto Ferreira da Rocha Junior'],['SIM']
Acesso virtual aos acervos históricos e documentais de São João del-Rei,2003,2006,PESQUISA,"['Alberto Ferreira da Rocha Junior', 'Flávia Graça Laira', 'Aline Moraes Lopes', 'Vanusa Rafaela Aparecida de Oliveira', 'Fabrício de Carvalho Oliveira']","['SIM', 'NAO', 'NAO', 'NAO', 'NAO']"
Arquivos teatrais: letra e voz,2005,2010,PESQUISA,"['Alberto Ferreira da Rocha Junior', 'Vanusa Rafaela Aparecida de Oliveira', 'Girlene Verly Ferreira de Carvalho Rezende', 'Maria Tereza Gomes de Almeida Lima']","['SIM', 'NAO', 'NAO', 'NAO']"
"Escritas (auto)biográficas: aspectos culturais, discursivos e literários",2009,2013,PESQUISA,"['Alberto Ferreira da Rocha Junior', 'Suely da Fonseca Quintana', 'Dylia Lysardo-Dias']","['SIM', 'NAO', 'NAO']"
Araci,2014,2016,EXTENSAO,['Alberto Ferreira da Rocha Junior'],['SIM']
"Araci: teatro, contemporaneidade e extensão universitária",2014,2016,PESQUISA,"['Alberto Ferreira da Rocha Junior', 'Cláudio Guilarduci', 'Juliana Alves Mota Drummond', 'Marcelo Rocco']","['SIM', 'NAO', 'NAO', 'NAO']"
"Diversidade sexual e teatro no Brasil: visibilidade, minoritarismo e representação",2017,ATUAL,PESQUISA,"['Alberto Ferreira da Rocha Junior', 'Weverton Andrade Silva', 'Henrique Leonel Assis Coelho', 'Caio César Silva Rocha', 'Matheus Cunha Rodrigues', 'Isabella Tinoco Scola', 'Raíssa Aparecida Garcia', 'Artur Augusto Damasceno', 'Luís Henrique Reis Silva', 'Maria Esther Mendes Margarida']","['SIM', 'NAO', 'NAO', 'NAO', 'NAO', 'NAO', 'NAO', 'NAO', 'NAO', 'NAO']"
"Cultura, política, sexualidade e gênero: biografia de Herbert Daniel",2016,2017,PESQUISA,"['Alberto Ferreira da Rocha Junior', 'Suely da Fonseca Quintana']","['SIM', 'NAO']"
