YEAR,NATURE,INSTITUTION,COURSE,STUDENT,TYPE,SPONSOR
2005,Dissertação de mestrado,Universidade Federal de São João Del-Rei,Teoria Literaria e Critica da Cultura,Carmen Cristiane Borges Losano,ORIENTADOR_PRINCIPAL,NAO
2006,Dissertação de mestrado,Universidade Federal de São João Del-Rei,Teoria Literaria e Critica da Cultura,Maria Tereza Gomes de Almeida Lima,ORIENTADOR_PRINCIPAL,SIM
2008,Dissertação de mestrado,Universidade Federal de São João Del-Rei,Teoria Literaria e Critica da Cultura,Vilmar Henrique Ananias,ORIENTADOR_PRINCIPAL,SIM
2009,Dissertação de mestrado,Universidade Federal de São João Del-Rei,Teoria Literaria e Critica da Cultura,Rafael Soares de Oliveira,ORIENTADOR_PRINCIPAL,SIM
2007,Dissertação de mestrado,Universidade Federal de São João Del-Rei,Teoria Literaria e Critica da Cultura,Heleniara Amorim Moura,ORIENTADOR_PRINCIPAL,SIM
2010,Dissertação de mestrado,Universidade Federal de São João Del-Rei,Teoria Literaria e Critica da Cultura,Telma Cristina Jesus de Castro,ORIENTADOR_PRINCIPAL,SIM
2011,Dissertação de mestrado,Universidade Federal de São João Del-Rei,Teoria Literaria e Critica da Cultura,Tulio de Oliveira Tortoriello,ORIENTADOR_PRINCIPAL,NAO
2012,Dissertação de mestrado,Universidade Federal de São João Del-Rei,Teoria Literaria e Critica da Cultura,Elton Mendes Francelino,ORIENTADOR_PRINCIPAL,SIM
2011,Dissertação de mestrado,Universidade Federal de São João Del-Rei,Teoria Literaria e Critica da Cultura,Lucimara de Andrade,ORIENTADOR_PRINCIPAL,SIM
2011,Dissertação de mestrado,Universidade Federal de São João Del-Rei,Teoria Literaria e Critica da Cultura,Girlene Verly Ferreira de Carvalho Rezende,ORIENTADOR_PRINCIPAL,SIM
2012,Dissertação de mestrado,Universidade Federal de São João Del-Rei,Teoria Literaria e Critica da Cultura,Fabiana Patrícia Lima Pinto,ORIENTADOR_PRINCIPAL,SIM
2013,Dissertação de mestrado,Universidade Federal de São João Del-Rei,Teoria Literaria e Critica da Cultura,Luciana Barros Pontes,ORIENTADOR_PRINCIPAL,NAO
2013,Dissertação de mestrado,Universidade Federal de São João Del-Rei,Teoria Literaria e Critica da Cultura,John Wayne Antonio Pereira,ORIENTADOR_PRINCIPAL,SIM
2014,Dissertação de mestrado,Universidade Federal de São João Del-Rei,Teoria Literaria e Critica da Cultura,Guilherme Augusto dos Santos,ORIENTADOR_PRINCIPAL,SIM
2014,Dissertação de mestrado,Universidade Federal de São João Del-Rei,Teoria Literaria e Critica da Cultura,Juliana Rodrigues de Almeida,ORIENTADOR_PRINCIPAL,NAO
2014,Dissertação de mestrado,Universidade Federal de São João Del-Rei,Teoria Literaria e Critica da Cultura,Robinson José Resende,ORIENTADOR_PRINCIPAL,NAO
2015,Dissertação de mestrado,Universidade Federal de São João Del-Rei,Teoria Literaria e Critica da Cultura,Henrique Alberto Alves Ferreira,ORIENTADOR_PRINCIPAL,NAO
2014,Dissertação de mestrado,Universidade Federal de São João Del-Rei,Teoria Literaria e Critica da Cultura,Pedro Inácio Leonel Ferreira Soares,ORIENTADOR_PRINCIPAL,NAO
2018,Dissertação de mestrado,Universidade Federal de São João Del-Rei,Teoria Literaria e Critica da Cultura,Dirceu de Jesus Vieira,ORIENTADOR_PRINCIPAL,SIM
2020,Dissertação de mestrado,Universidade Federal de São João Del-Rei,Artes Cênicas,Weverton Andrade Silva,ORIENTADOR_PRINCIPAL,NAO
2021,Dissertação de mestrado,Universidade Federal de São João Del-Rei,Artes Cênicas,Caio César Silva Rocha,ORIENTADOR_PRINCIPAL,NAO
2021,Dissertação de mestrado,Universidade Federal de São João Del-Rei,Artes Cênicas,Osmar Vanio Fernandes,ORIENTADOR_PRINCIPAL,NAO
2022,Dissertação de mestrado,Universidade Federal de São João Del-Rei,Artes Cênicas,Olívia Mara Rodrigues de Melo,ORIENTADOR_PRINCIPAL,SIM
2016,Dissertação de mestrado,Universidade Federal de São João Del-Rei,Teoria Literaria e Critica da Cultura,Richard Bertolin de Oliveira,ORIENTADOR_PRINCIPAL,SIM
2012,Tese de doutorado,Universidade Federal de Minas Gerais,Artes,Juliana Alves Mota Drummond,CO_ORIENTADOR,NAO
1996,MONOGRAFIA_DE_CONCLUSAO_DE_CURSO_APERFEICOAMENTO_E_ESPECIALIZACAO,Universidade Federal de São João Del-Rei,Curso de Aperfeiçoamento Em História,Marilane Aparecida dos Santos,ORIENTADOR_PRINCIPAL,SIM
1996,INICIACAO_CIENTIFICA,Universidade Federal de São João Del-Rei,Psicologia,Jacqueline Dias Carvalho,CO_ORIENTADOR,SIM
1997,INICIACAO_CIENTIFICA,Universidade Federal de São João Del-Rei,Psicologia,Jacqueline Dias Carvalho,CO_ORIENTADOR,SIM
1994,INICIACAO_CIENTIFICA,Universidade Federal de São João Del-Rei,Psicologia,Irlan Soares Farias,CO_ORIENTADOR,SIM
2003,INICIACAO_CIENTIFICA,Universidade Federal de São João Del-Rei,Letras,Juan Pablo Salgado de Araújo Monteiro,CO_ORIENTADOR,SIM
2003,INICIACAO_CIENTIFICA,Universidade Federal de São João Del-Rei,Letras,Manuela Sabino de Freitas,CO_ORIENTADOR,SIM
2003,INICIACAO_CIENTIFICA,Universidade Federal de São João Del-Rei,Letras,Valdirene de Paiva Paula,CO_ORIENTADOR,SIM
2003,ORIENTACAO-DE-OUTRA-NATUREZA,Universidade Federal de São João Del-Rei,Letras,José Leandro Fernando da Silva,CO_ORIENTADOR,SIM
2003,ORIENTACAO-DE-OUTRA-NATUREZA,Universidade Federal de São João Del-Rei,Letras,Flávia Graça Laira,CO_ORIENTADOR,SIM
2003,ORIENTACAO-DE-OUTRA-NATUREZA,Universidade Federal de São João Del-Rei,Economia,Fabrício de Carvalho Oliveira,CO_ORIENTADOR,SIM
2003,ORIENTACAO-DE-OUTRA-NATUREZA,Universidade Federal de São João Del-Rei,Letras,Vanusa Rafaela Aparecida de Oliveira,CO_ORIENTADOR,SIM
2004,ORIENTACAO-DE-OUTRA-NATUREZA,Universidade Federal de São João Del-Rei,Letras,José Leandro Fernando Silva,CO_ORIENTADOR,SIM
2005,INICIACAO_CIENTIFICA,Universidade Federal de São João Del-Rei,Letras,Girlene Verly Ferreira de Carvalho Rezende,CO_ORIENTADOR,SIM
2005,ORIENTACAO-DE-OUTRA-NATUREZA,Universidade Federal de São João Del-Rei,Letras,Manuela Sabino de Freitas,CO_ORIENTADOR,SIM
2004,INICIACAO_CIENTIFICA,Universidade Federal de São João Del-Rei,Letras,Valdirene de Paiva Paula,CO_ORIENTADOR,SIM
2004,INICIACAO_CIENTIFICA,Universidade Federal de São João Del-Rei,Letras,Juan Pablo Salgado Araújo Monteiro,CO_ORIENTADOR,SIM
2005,INICIACAO_CIENTIFICA,Universidade Federal de São João Del-Rei,Letras,Elton Mendes Francelino,CO_ORIENTADOR,SIM
2007,INICIACAO_CIENTIFICA,Universidade Federal de São João Del-Rei,Música,Simonne Ellem Fonseca Nascimento,CO_ORIENTADOR,SIM
2006,INICIACAO_CIENTIFICA,Universidade Federal de São João Del-Rei,Letras,Girlene Verly Ferreira de Carvalho Rezende,CO_ORIENTADOR,SIM
2006,INICIACAO_CIENTIFICA,Universidade Federal de São João Del-Rei,Letras,Elton Mendes Francelino,CO_ORIENTADOR,SIM
2008,INICIACAO_CIENTIFICA,Universidade Federal de São João Del-Rei,Letras,Lucimara de Andrade,CO_ORIENTADOR,SIM
2008,INICIACAO_CIENTIFICA,Universidade Federal de São João Del-Rei,Música,Simonne Ellem Fonseca Nascimento,CO_ORIENTADOR,SIM
2007,MONOGRAFIA_DE_CONCLUSAO_DE_CURSO_APERFEICOAMENTO_E_ESPECIALIZACAO,Universidade Federal de São João Del-Rei,Curso de Especialização em Gestão Universitária,Claudinéa Margotti,CO_ORIENTADOR,NAO
2009,INICIACAO_CIENTIFICA,Universidade Federal de São João Del-Rei,Letras,Talita Lara Carvalho Nassur,CO_ORIENTADOR,SIM
2012,INICIACAO_CIENTIFICA,Universidade Federal de São João Del-Rei,Teatro,Ellen da Silva Rodrigues,CO_ORIENTADOR,SIM
2012,INICIACAO_CIENTIFICA,Universidade Federal de São João Del-Rei,Letras,Richard Bertolin de Oliveira,CO_ORIENTADOR,SIM
2012,INICIACAO_CIENTIFICA,Universidade Federal de São João Del-Rei,Teatro,Weverton Andrade Silva,CO_ORIENTADOR,SIM
2012,INICIACAO_CIENTIFICA,Universidade Federal de São João Del-Rei,Letras,Clauton de Rezende,CO_ORIENTADOR,SIM
2013,INICIACAO_CIENTIFICA,Universidade Federal de São João Del-Rei,Teatro,Richard Bertolin de Oliveira,CO_ORIENTADOR,SIM
2013,INICIACAO_CIENTIFICA,Universidade Federal de São João Del-Rei,Teatro,Ellen da Silva Rodrigues,CO_ORIENTADOR,SIM
2013,INICIACAO_CIENTIFICA,Universidade Federal de São João Del-Rei,Teatro,Diego José Domingos Pereira,CO_ORIENTADOR,SIM
2014,INICIACAO_CIENTIFICA,Universidade Federal de São João Del-Rei,Teatro,Camelia Amada São Francisco Guedes,CO_ORIENTADOR,SIM
2014,ORIENTACAO-DE-OUTRA-NATUREZA,Universidade Federal de São João Del-Rei,Teatro,Thales Rocha Firmo Dias,CO_ORIENTADOR,SIM
2014,ORIENTACAO-DE-OUTRA-NATUREZA,Universidade Federal de São João Del-Rei,Teatro,Nathalie Moreira de Oliveira,CO_ORIENTADOR,SIM
2014,INICIACAO_CIENTIFICA,Universidade Federal de São João Del-Rei,Teatro,Matheus Santana Cardoso Gouvêa,CO_ORIENTADOR,SIM
2014,ORIENTACAO-DE-OUTRA-NATUREZA,Universidade Federal de São João Del-Rei,Teatro,Weverton Andrade Silva,CO_ORIENTADOR,SIM
2014,INICIACAO_CIENTIFICA,Universidade Federal de São João Del-Rei,Teatro,Júnio de Carvalho Silva,CO_ORIENTADOR,SIM
2014,ORIENTACAO-DE-OUTRA-NATUREZA,Universidade Federal de São João Del-Rei,Teatro,WALIFER SANTOS DA SILVA,CO_ORIENTADOR,SIM
2014,ORIENTACAO-DE-OUTRA-NATUREZA,Universidade Federal de São João Del-Rei,Teatro,Diego José Domingos Pereira,CO_ORIENTADOR,SIM
2014,ORIENTACAO-DE-OUTRA-NATUREZA,Universidade Federal de São João Del-Rei,Teatro,Maria Gabriela Pereira Lucenti,CO_ORIENTADOR,SIM
2014,TRABALHO_DE_CONCLUSAO_DE_CURSO_GRADUACAO,Universidade Federal de São João Del-Rei,Teatro,Diego José Domingos Pereira,CO_ORIENTADOR,NAO
2014,TRABALHO_DE_CONCLUSAO_DE_CURSO_GRADUACAO,Universidade Federal de São João Del-Rei,Teatro,Guilherme Paiffer Pelodan,CO_ORIENTADOR,NAO
2015,TRABALHO_DE_CONCLUSAO_DE_CURSO_GRADUACAO,Universidade Federal de São João Del-Rei,Teatro,Weverton Andrade Silva,CO_ORIENTADOR,NAO
2015,ORIENTACAO-DE-OUTRA-NATUREZA,Universidade Federal de São João Del-Rei,Teatro,Thales Henrique Rocha Firmo Dias,CO_ORIENTADOR,SIM
2015,ORIENTACAO-DE-OUTRA-NATUREZA,Universidade Federal de São João Del-Rei,Teatro,Maria Gabriela Pereira Lucenti,CO_ORIENTADOR,SIM
2015,ORIENTACAO-DE-OUTRA-NATUREZA,Universidade Federal de São João Del-Rei,Teatro,Diego José Domingos Pereira,CO_ORIENTADOR,SIM
2015,ORIENTACAO-DE-OUTRA-NATUREZA,Universidade Federal de São João Del-Rei,Teatro,Nathalie Moreira de Oliveira,CO_ORIENTADOR,SIM
2015,ORIENTACAO-DE-OUTRA-NATUREZA,Universidade Federal de São João Del-Rei,Teatro,Weverton Andrade Silva,CO_ORIENTADOR,SIM
2015,INICIACAO_CIENTIFICA,Universidade Federal de São João Del-Rei,Teatro,Matheus Santana Cardoso Gouvêa,CO_ORIENTADOR,SIM
2015,INICIACAO_CIENTIFICA,Universidade Federal de São João Del-Rei,Teatro,Camelia Amada São Francisco Guedes,CO_ORIENTADOR,SIM
2015,INICIACAO_CIENTIFICA,Universidade Federal de São João Del-Rei,Teatro,Júnio de Carvalho Silva,CO_ORIENTADOR,SIM
2015,ORIENTACAO-DE-OUTRA-NATUREZA,Universidade Federal de São João Del-Rei,Teatro,WALIFER SANTOS DA SILVA,CO_ORIENTADOR,SIM
2015,INICIACAO_CIENTIFICA,Universidade Federal de São João Del-Rei,Teatro,Camelia Amada São Francisco Guedes,CO_ORIENTADOR,SIM
2015,INICIACAO_CIENTIFICA,Universidade Federal de São João Del-Rei,Teatro,Thales Henrique Rocha Firmo Dias,CO_ORIENTADOR,SIM
2016,TRABALHO_DE_CONCLUSAO_DE_CURSO_GRADUACAO,Universidade Federal de São João Del-Rei,Teatro,Fábio Luiz de Sena,CO_ORIENTADOR,NAO
2016,INICIACAO_CIENTIFICA,Universidade Federal de São João Del-Rei,Teatro,Thales Henrique Rocha Firmo Dias,CO_ORIENTADOR,SIM
2016,TRABALHO_DE_CONCLUSAO_DE_CURSO_GRADUACAO,Universidade Federal de São João Del-Rei,Teatro,Lidiane Thais Gonçalves,CO_ORIENTADOR,NAO
2017,TRABALHO_DE_CONCLUSAO_DE_CURSO_GRADUACAO,Universidade Federal de São João Del-Rei,Teatro,Luciana de Oliveira,CO_ORIENTADOR,NAO
2017,TRABALHO_DE_CONCLUSAO_DE_CURSO_GRADUACAO,Universidade Federal de São João Del-Rei,Teatro,Vanessa Auxiliadora Oliveira,CO_ORIENTADOR,NAO
2019,TRABALHO_DE_CONCLUSAO_DE_CURSO_GRADUACAO,Universidade Federal de São João Del-Rei,Teatro,Camelia Amada São Francisco Guedes,CO_ORIENTADOR,NAO
2018,TRABALHO_DE_CONCLUSAO_DE_CURSO_GRADUACAO,Universidade Federal de São João Del-Rei,Teatro,Diego José Domingos Pereira,CO_ORIENTADOR,NAO
2019,INICIACAO_CIENTIFICA,Universidade Federal de São João Del-Rei,Teatro,Matheus Cunha Rodrigues,CO_ORIENTADOR,SIM
2019,INICIACAO_CIENTIFICA,Universidade Federal de São João Del-Rei,Teatro,Henrique Leonel Assis Coelho,CO_ORIENTADOR,SIM
2019,ORIENTACAO-DE-OUTRA-NATUREZA,Universidade Federal de São João Del-Rei,Teatro,Artur Augusto Paz Dantas,CO_ORIENTADOR,SIM
2019,ORIENTACAO-DE-OUTRA-NATUREZA,Universidade Federal de São João Del-Rei,Teatro,Luís Henrique Reis Silva,CO_ORIENTADOR,SIM
2020,INICIACAO_CIENTIFICA,Universidade Federal de São João Del-Rei,Teatro,Maria Esther Mendes Margarida,CO_ORIENTADOR,SIM
2020,INICIACAO_CIENTIFICA,Universidade Federal de São João Del-Rei,Teatro,Isabella Tinôco Scola,CO_ORIENTADOR,SIM
2019,TRABALHO_DE_CONCLUSAO_DE_CURSO_GRADUACAO,Universidade Federal de São João Del-Rei,Teatro,Zilvanildo da Silva Lima,CO_ORIENTADOR,NAO
2020,INICIACAO_CIENTIFICA,Universidade Federal de São João Del-Rei,Teatro,Matheus Cunha Rodrigues,CO_ORIENTADOR,SIM
2021,TRABALHO_DE_CONCLUSAO_DE_CURSO_GRADUACAO,Universidade Federal de São João Del-Rei,Teatro,Matheus Cunha Rodrigues,CO_ORIENTADOR,NAO
2021,TRABALHO_DE_CONCLUSAO_DE_CURSO_GRADUACAO,Universidade Federal de São João Del-Rei,Teatro,Henrique Leonel de Assis Coelho,CO_ORIENTADOR,NAO
2021,TRABALHO_DE_CONCLUSAO_DE_CURSO_GRADUACAO,Universidade Federal de São João Del-Rei,Teatro,Raíssa Aparecida Garcia,CO_ORIENTADOR,NAO
