TITLE,YEAR,LANG,EDITORA,AUTHOR,ORDER,ORDER_OK
Cultura e extensão universitária. A produção de conhecimento comprometida com o desenvolvimento social,2008,Português,VAZIO,['Alberto Ferreira da Rocha Junior'],['1'],['1']
"Narrativas (auto)biográficas: literatura, discurso e teatro",2014,Português,VAZIO,['Alberto Ferreira da Rocha Junior'],['1'],['1']
"Anais do XI IABA Brasil 2018: International Auto Biography Association Secret Lives: Hiding, Revealing, Belonging",2018,Inglês,VAZIO,"['Alberto Ferreira da Rocha Junior', 'Suely da Fonseca Quintana']","['1', '2']",['1']
O Teatro e a Cidade de São João del-Rei,2016,Português,VAZIO,"['Alberto Ferreira da Rocha Junior', 'Cláudio Guilarduci']","['1', '2']",['1']
