COURSE,YEAR,INTEGRANTES
Entre o Ocidente e o Oriente,2012,"['Alberto Ferreira da Rocha Junior', 'Carlos Frederico Pontes Bustamente']"
Sexualidade e teatro,2018,['Alberto Ferreira da Rocha Junior']
"Theatre, Autobiography, LGBT Issues - Workshop 4h Mestrado em Performing Arts University of Georgia",2019,['Alberto Ferreira da Rocha Junior']
O corpo cômico,2002,['Alberto Ferreira da Rocha Junior']
Narrativas da história do teatro brasileiro,2004,['Alberto Ferreira da Rocha Junior']
"Theatre, Auto/biography and LGBT",2016,['Alberto Ferreira da Rocha Junior']
