INSTITUTION,YEAR_INI,YEAR_FIN,MONTH_INI,MONTH_FIN,COURSE,TYPE,DISC
Universidade Federal de Uberlândia,2013,09,09,09,Curso de Teatro - Licenciatura integral ou noturno,GRADUACAO,"['Estágio Supervisionado III - Licenciatura integral', 'Oficina de Montagem Cênica II - Licenciatura integral', 'Práticas Teatrais I - Licenciatura integral']"
Universidade Federal de Uberlândia,2013,03,03,03,Curso de Teatro - Licenciatura integral ou noturno,GRADUACAO,"['Oficina de Montagem Cênica I - Licenciatura integral', 'Estágio Supervisionado III - Licenciatura integral', 'Elaboração de Trabalho de Conclusão de Curso', 'Oficina de Montagem Cênica I - Licenciatura noturno', 'Estágio Supervisionado III - Licenciatura noturno']"
Universidade Federal de Uberlândia,2014,08,08,08,Curso de Teatro - Licenciatura integral ou noturno,GRADUACAO,"['Estágio Supervisionado IV - Licenciatura Integral', 'Elaboração de Trabalho de Conclusão de Curso', 'Defesa de Trabalho de Conclusão de Curso']"
Universidade Federal de Uberlândia,2014,02,02,02,Curso de Teatro - Licenciatura integral ou noturno,GRADUACAO,"['Defesa de Trabalho de Conclusão de Curso', 'Elaboração de Trabalho de Conclusão de Curso', 'Estágio Supervisionado I - Licenciatura integral', 'Pedagogia do Teatro II - Licenciatura integral', 'Pedagogia do Teatro II - Licenciatura noturno']"
Universidade Federal de Uberlândia,2016,07,07,07,Curso de Teatro - Licenciatura integral ou noturno,GRADUACAO,"['Estágio Supervisionado IV', 'Elaboração de Trabalho de Conclusão de Curso', 'Defesa de Trabalho de Conclusão de Curso']"
Universidade Federal de Uberlândia,2016,12,12,12,Curso de Teatro - Licenciatura integral ou noturno,GRADUACAO,"['Estágio Supervisionado III', 'Oficina de Montagem Cênica I', 'Pedagogia do Teatro II - integral', 'Pedagogia do Teatro II - noturno']"
Universidade Federal de Uberlândia,2018,12,12,12,Curso de Teatro - Licenciatura integral ou noturno,GRADUACAO,"['Pedagogia do Teatro II', 'Estágio Supervisionado III', 'Oficina de Montagem Cênica I']"
