YEAR,NATURE,INSTITUTION,COURSE,STUDENT,TYPE,SPONSOR
2017,Dissertação de mestrado,Universidade Federal de Uberlândia,Prof-Artes,Marna Cristiane Silva,ORIENTADOR_PRINCIPAL,NAO
2005,ORIENTACAO-DE-OUTRA-NATUREZA,Universidade Federal de Uberlândia,Curso de Teatro,Angelita Ferreira Franklin,CO_ORIENTADOR,NAO
2005,ORIENTACAO-DE-OUTRA-NATUREZA,Universidade Federal de Uberlândia,Curso de Teatro,Suze Lea M. Ferreira de Oliveira,CO_ORIENTADOR,NAO
2005,ORIENTACAO-DE-OUTRA-NATUREZA,Universidade Federal de Uberlândia,Curso de Teatro,Simone Aparecida dos Passos,CO_ORIENTADOR,NAO
2005,ORIENTACAO-DE-OUTRA-NATUREZA,Universidade Federal de Uberlândia,Curso de Teatro,Jacqueline da Silva Carrijo,CO_ORIENTADOR,NAO
2005,ORIENTACAO-DE-OUTRA-NATUREZA,Universidade Federal de Uberlândia,Curso de Teatro,Silvana Silva Martins,CO_ORIENTADOR,NAO
2005,ORIENTACAO-DE-OUTRA-NATUREZA,Universidade Federal de Uberlândia,Curso de Teatro,Daiane Aparecida Costa,CO_ORIENTADOR,NAO
2005,ORIENTACAO-DE-OUTRA-NATUREZA,Universidade Federal de Uberlândia,Curso de Teatro,Lilian Aparecida Rosa,CO_ORIENTADOR,NAO
2005,ORIENTACAO-DE-OUTRA-NATUREZA,Universidade Federal de Uberlândia,Curso de Teatro,Natália Marques Parreira,CO_ORIENTADOR,NAO
2005,ORIENTACAO-DE-OUTRA-NATUREZA,Universidade Federal de Uberlândia,Curso de Teatro,Thiago Xavier Ferreira,CO_ORIENTADOR,NAO
2005,ORIENTACAO-DE-OUTRA-NATUREZA,Universidade Federal de Uberlândia,Curso de Teatro,Fernanda Alves Rodrigues de Paula,CO_ORIENTADOR,NAO
2005,ORIENTACAO-DE-OUTRA-NATUREZA,Universidade Federal de Uberlândia,Curso de Teatro,Paula Renata Moraes,CO_ORIENTADOR,NAO
2005,ORIENTACAO-DE-OUTRA-NATUREZA,Universidade Federal de Uberlândia,Curso de Teatro,Casio Machado Martins,CO_ORIENTADOR,NAO
2005,ORIENTACAO-DE-OUTRA-NATUREZA,Universidade Federal de Uberlândia,Curso de Teatro,Frederico de Carvalho Ferreira,CO_ORIENTADOR,NAO
2005,ORIENTACAO-DE-OUTRA-NATUREZA,Universidade Federal de Uberlândia,Curso de Teatro,Aline Correa do Couto,CO_ORIENTADOR,NAO
2006,ORIENTACAO-DE-OUTRA-NATUREZA,Universidade Federal de Uberlândia,Curso de Teatro,Angelita Ferreira Franklin,CO_ORIENTADOR,NAO
2006,ORIENTACAO-DE-OUTRA-NATUREZA,Universidade Federal de Uberlândia,Curso de Teatro,Suze Lea M. Ferreira de Oliveira,CO_ORIENTADOR,NAO
2006,ORIENTACAO-DE-OUTRA-NATUREZA,Universidade Federal de Uberlândia,Curso de Teatro,Simone Aparecida dos Passos,CO_ORIENTADOR,NAO
2006,ORIENTACAO-DE-OUTRA-NATUREZA,Universidade Federal de Uberlândia,Curso de Teatro,Jacqueline da Silva Carrijo,CO_ORIENTADOR,NAO
2006,ORIENTACAO-DE-OUTRA-NATUREZA,Universidade Federal de Uberlândia,Curso de Teatro,Fernanda Alves Rodrigues de Paula,CO_ORIENTADOR,NAO
2006,ORIENTACAO-DE-OUTRA-NATUREZA,Universidade Federal de Uberlândia,Curso de Teatro,Silvana Silva Martins,CO_ORIENTADOR,NAO
2006,ORIENTACAO-DE-OUTRA-NATUREZA,Universidade Federal de Uberlândia,Curso de Teatro,Thiago Xavier Ferreira,CO_ORIENTADOR,NAO
2006,ORIENTACAO-DE-OUTRA-NATUREZA,Universidade Federal de Uberlândia,Curso de Teatro,Natália Marques Parreira,CO_ORIENTADOR,NAO
2013,ORIENTACAO-DE-OUTRA-NATUREZA,Universidade do Estado de Santa Catarina,Abi - Teatro,Márcio Cardoso,CO_ORIENTADOR,NAO
2013,ORIENTACAO-DE-OUTRA-NATUREZA,Universidade do Estado de Santa Catarina,Abi - Teatro,Maria Rachel de Souza Chula,CO_ORIENTADOR,NAO
2013,ORIENTACAO-DE-OUTRA-NATUREZA,Universidade do Estado de Santa Catarina,Abi - Teatro,Tânia Farinon,CO_ORIENTADOR,NAO
2013,ORIENTACAO-DE-OUTRA-NATUREZA,Universidade do Estado de Santa Catarina,Abi - Teatro,Ana Lúcia Kroeff Vieira,CO_ORIENTADOR,NAO
2013,ORIENTACAO-DE-OUTRA-NATUREZA,Universidade do Estado de Santa Catarina,Abi - Teatro,Dimitri Steckel Camorlinga,CO_ORIENTADOR,NAO
2013,ORIENTACAO-DE-OUTRA-NATUREZA,Universidade do Estado de Santa Catarina,Abi - Teatro,Lucinéia Longnen,CO_ORIENTADOR,NAO
2013,ORIENTACAO-DE-OUTRA-NATUREZA,Universidade do Estado de Santa Catarina,Abi - Teatro,Marina Medeiros de Oliveira,CO_ORIENTADOR,NAO
2013,ORIENTACAO-DE-OUTRA-NATUREZA,Universidade do Estado de Santa Catarina,Abi - Teatro,Marina Castro Soares,CO_ORIENTADOR,NAO
2013,ORIENTACAO-DE-OUTRA-NATUREZA,Universidade do Estado de Santa Catarina,Abi - Teatro,Luanda Wilk,CO_ORIENTADOR,NAO
2013,ORIENTACAO-DE-OUTRA-NATUREZA,Universidade do Estado de Santa Catarina,Abi - Teatro,Marcos Laporta,CO_ORIENTADOR,NAO
2013,ORIENTACAO-DE-OUTRA-NATUREZA,Universidade do Estado de Santa Catarina,Abi - Teatro,Hanna Feltrin,CO_ORIENTADOR,NAO
2013,ORIENTACAO-DE-OUTRA-NATUREZA,Universidade do Estado de Santa Catarina,Abi - Teatro,Tânia Froner,CO_ORIENTADOR,NAO
2013,ORIENTACAO-DE-OUTRA-NATUREZA,Universidade do Estado de Santa Catarina,Teatro,Maíra Wiener,CO_ORIENTADOR,NAO
2013,ORIENTACAO-DE-OUTRA-NATUREZA,Universidade do Estado de Santa Catarina,Teatro,Chaiany Gracietti,CO_ORIENTADOR,NAO
2013,ORIENTACAO-DE-OUTRA-NATUREZA,Universidade do Estado de Santa Catarina,Teatro,Joana Kretze Bradenburg,CO_ORIENTADOR,NAO
2013,ORIENTACAO-DE-OUTRA-NATUREZA,Universidade do Estado de Santa Catarina,Teatro,Fábio Yokomizo,CO_ORIENTADOR,NAO
2015,TRABALHO_DE_CONCLUSAO_DE_CURSO_GRADUACAO,Universidade Federal de Uberlândia,Teatro,Afonso Fernandes Lopes Neto,CO_ORIENTADOR,NAO
2015,TRABALHO_DE_CONCLUSAO_DE_CURSO_GRADUACAO,Universidade Federal de Uberlândia,Teatro,Gabriela Neves Guimarães,CO_ORIENTADOR,NAO
2015,TRABALHO_DE_CONCLUSAO_DE_CURSO_GRADUACAO,Universidade Federal de Uberlândia,Teatro,Rodrigo Salviano dos Santos,CO_ORIENTADOR,NAO
2015,INICIACAO_CIENTIFICA,Universidade Federal de Uberlândia,Teatro - Licenciatura Ou Bacharelado,Julia Leão Souza,CO_ORIENTADOR,NAO
2014,INICIACAO_CIENTIFICA,Universidade Federal de Uberlândia,Teatro - Licenciatura Ou Bacharelado,Diogo Dias De Menezes,CO_ORIENTADOR,NAO
2016,TRABALHO_DE_CONCLUSAO_DE_CURSO_GRADUACAO,Universidade Federal de Uberlândia,Teatro,Luciene Aparecida de Andrade,CO_ORIENTADOR,NAO
2017,TRABALHO_DE_CONCLUSAO_DE_CURSO_GRADUACAO,Universidade Federal de Uberlândia,Teatro,Rubia Bernardes Nascimento,CO_ORIENTADOR,NAO
2017,TRABALHO_DE_CONCLUSAO_DE_CURSO_GRADUACAO,Universidade Federal de Uberlândia,Teatro,Vitor Rodrigues Gomes,CO_ORIENTADOR,NAO
2021,TRABALHO_DE_CONCLUSAO_DE_CURSO_GRADUACAO,Universidade Federal de Uberlândia,Teatro,Júlia Leão Souza,CO_ORIENTADOR,NAO
2022,TRABALHO_DE_CONCLUSAO_DE_CURSO_GRADUACAO,Universidade Federal de Uberlândia,Curso de Teatro - licenciatura,Felipe Augusto Lemes,CO_ORIENTADOR,NAO
