YEAR,NATURE,INSTITUTION,COURSE,STUDENT,TYPE,SPONSOR
2018,Dissertação de mestrado,Universidade Federal de Ouro Preto,Estética e Filosofia da Arte,Maria Carolina de Oliveira Pienegonda,ORIENTADOR_PRINCIPAL,SIM
2020,Dissertação de mestrado,Universidade do Estado de Minas Gerais,Artes,Estandelau dos Passos Elias Júnior,ORIENTADOR_PRINCIPAL,NAO
2019,Dissertação de mestrado,Universidade do Estado de Minas Gerais,Artes,Gabriela Clemente de Oliveira,CO_ORIENTADOR,SIM
2019,Dissertação de mestrado,Universidade Federal de Ouro Preto,Estética e Filosofia da Arte,Ana Júlia Moreira Oliveira,ORIENTADOR_PRINCIPAL,SIM
2021,Dissertação de mestrado,Universidade do Estado de Minas Gerais,Artes,Laura Belisário de Almeida Camargo,ORIENTADOR_PRINCIPAL,NAO
2021,Dissertação de mestrado,Universidade do Estado de Minas Gerais,Artes,Luiza Alcântara Cavalcante,ORIENTADOR_PRINCIPAL,NAO
2009,INICIACAO_CIENTIFICA,Fundação Educacional do Vale do Jequitinhonha,Direito,Glender Macedo,CO_ORIENTADOR,SIM
2009,INICIACAO_CIENTIFICA,Fundação Educacional do Vale do Jequitinhonha,Direito,Fernanda Delfina Cunha,CO_ORIENTADOR,SIM
2009,ORIENTACAO-DE-OUTRA-NATUREZA,Fundação Educacional do Vale do Jequitinhonha,Direito,Emily Pires Lima,CO_ORIENTADOR,SIM
2009,ORIENTACAO-DE-OUTRA-NATUREZA,Fundação Educacional do Vale do Jequitinhonha,Direito,Emanuelle Albertine R. Pereira,CO_ORIENTADOR,SIM
2009,ORIENTACAO-DE-OUTRA-NATUREZA,Fundação Educacional do Vale do Jequitinhonha,Direito,Marina Maria Cordeiro Fonseca,CO_ORIENTADOR,SIM
2009,ORIENTACAO-DE-OUTRA-NATUREZA,Fundação Educacional do Vale do Jequitinhonha,Direito,Letícia Bezerra Peixoto,CO_ORIENTADOR,SIM
2013,TRABALHO_DE_CONCLUSAO_DE_CURSO_GRADUACAO,Universidade do Estado de Minas Gerais,Educação Artística,Leopoldo Marçal Maia Alves,CO_ORIENTADOR,NAO
2013,TRABALHO_DE_CONCLUSAO_DE_CURSO_GRADUACAO,Universidade do Estado de Minas Gerais,Educação Artística,Dayse Sapper,CO_ORIENTADOR,NAO
2013,TRABALHO_DE_CONCLUSAO_DE_CURSO_GRADUACAO,Universidade do Estado de Minas Gerais,Educação Artística,João Gabriel Oliveira Pereira da Silva,CO_ORIENTADOR,NAO
2014,TRABALHO_DE_CONCLUSAO_DE_CURSO_GRADUACAO,Universidade do Estado de Minas Gerais,Educação Artística,Mayra Lino,CO_ORIENTADOR,NAO
2014,TRABALHO_DE_CONCLUSAO_DE_CURSO_GRADUACAO,Universidade do Estado de Minas Gerais,Educação Artística,Jucélia Alves,CO_ORIENTADOR,NAO
2015,INICIACAO_CIENTIFICA,Universidade do Estado de Minas Gerais,Artes Plásticas,Luisa de Godoy Alves,CO_ORIENTADOR,SIM
2016,MONOGRAFIA_DE_CONCLUSAO_DE_CURSO_APERFEICOAMENTO_E_ESPECIALIZACAO,Universidade do Estado de Minas Gerais,Artes Plásticas e Contemporaneidade,Cláudio Henrique Marques da Silva,CO_ORIENTADOR,NAO
2016,INICIACAO_CIENTIFICA,Universidade do Estado de Minas Gerais,Artes Plásticas,Priscila Heeren,CO_ORIENTADOR,NAO
2016,ORIENTACAO-DE-OUTRA-NATUREZA,Universidade Federal de Minas Gerais,Abi - Artes Visuais,Luísa de Godoy Alves,CO_ORIENTADOR,NAO
2016,INICIACAO_CIENTIFICA,Universidade do Estado de Minas Gerais,Artes Plásticas,Eraldo Leandro de Morais Junior,CO_ORIENTADOR,NAO
2016,TRABALHO_DE_CONCLUSAO_DE_CURSO_GRADUACAO,Universidade do Estado de Minas Gerais,Artes Plásticas,Cibele Tietzmann,CO_ORIENTADOR,NAO
2018,INICIACAO_CIENTIFICA,Universidade do Estado de Minas Gerais,Artes Plásticas,Maria Figueiredo Vaz,CO_ORIENTADOR,SIM
2019,MONOGRAFIA_DE_CONCLUSAO_DE_CURSO_APERFEICOAMENTO_E_ESPECIALIZACAO,Universidade do Estado de Minas Gerais,Artes Plásticas e Contemporaneidade,Luísa de Godoy Alves,CO_ORIENTADOR,NAO
2018,INICIACAO_CIENTIFICA,Universidade do Estado de Minas Gerais,Artes Plásticas,Marina Brasil Barbosa,CO_ORIENTADOR,NAO
2018,INICIACAO_CIENTIFICA,Universidade do Estado de Minas Gerais,Artes Plásticas,Barbara Lissa Alves de Campos,CO_ORIENTADOR,NAO
2019,MONOGRAFIA_DE_CONCLUSAO_DE_CURSO_APERFEICOAMENTO_E_ESPECIALIZACAO,Universidade do Estado de Minas Gerais,Artes Plásticas e Contemporaneidade,Camilla Ayla Oliveira dos Anjos,CO_ORIENTADOR,NAO
2019,MONOGRAFIA_DE_CONCLUSAO_DE_CURSO_APERFEICOAMENTO_E_ESPECIALIZACAO,Universidade do Estado de Minas Gerais,Artes Plásticas e Contemporaneidade,Thiago Souza Pimentel,CO_ORIENTADOR,NAO
2019,MONOGRAFIA_DE_CONCLUSAO_DE_CURSO_APERFEICOAMENTO_E_ESPECIALIZACAO,Universidade do Estado de Minas Gerais,Artes Plásticas e Contemporaneidade,Juliana Santos Pereira,CO_ORIENTADOR,NAO
2019,MONOGRAFIA_DE_CONCLUSAO_DE_CURSO_APERFEICOAMENTO_E_ESPECIALIZACAO,Universidade do Estado de Minas Gerais,Artes Plásticas e Contemporaneidade,Pablo Henrique dos Santos Caldeira,CO_ORIENTADOR,NAO
2020,INICIACAO_CIENTIFICA,Universidade Federal de Minas Gerais,Artes Visuais,Daiely da Silva Goncalves,CO_ORIENTADOR,SIM
2020,INICIACAO_CIENTIFICA,Universidade Federal de Minas Gerais,Artes Visuais,Rebeca Miguel Amaral,CO_ORIENTADOR,SIM
2020,INICIACAO_CIENTIFICA,Universidade Federal de Minas Gerais,Filosofia,Lara Carvalho Cipriano,CO_ORIENTADOR,NAO
2020,TRABALHO_DE_CONCLUSAO_DE_CURSO_GRADUACAO,Universidade Federal de Minas Gerais,Artes Visuais,Clarice Panadés,CO_ORIENTADOR,NAO
2021,TRABALHO_DE_CONCLUSAO_DE_CURSO_GRADUACAO,Universidade Federal de Minas Gerais,Artes Visuais,Yasmin Rodrigues Martins,CO_ORIENTADOR,NAO
2014,TRABALHO_DE_CONCLUSAO_DE_CURSO_GRADUACAO,Universidade do Estado de Minas Gerais,Educação Artística,Giovane Diniz,CO_ORIENTADOR,NAO
