YEAR,NATURE,INSTITUTION,COURSE,STUDENT,TYPE,SPONSOR
2016,Dissertação de mestrado,Universidade Federal de Uberlândia,Artes,Daiane Aparecida Costa,ORIENTADOR_PRINCIPAL,SIM
2016,Dissertação de mestrado,Universidade Federal de Uberlândia,Artes,ELIZETE TECH,ORIENTADOR_PRINCIPAL,SIM
2016,Dissertação de mestrado,Universidade Federal de Uberlândia,Artes,Suze Léa Mendes Ferreira de Oliveira,ORIENTADOR_PRINCIPAL,SIM
2018,Dissertação de mestrado,Universidade Federal de Uberlândia,Artes Cênicas,Jacqueline Patrícia Alves Batista,ORIENTADOR_PRINCIPAL,SIM
2019,Dissertação de mestrado,Universidade Federal de Uberlândia,Artes Cênicas,Takaiúna Correia,ORIENTADOR_PRINCIPAL,NAO
2012,INICIACAO_CIENTIFICA,Instituto de Artes da Universidade Federal de Uberlândia,Teatro,Débora Helena Aparecida de Souza,CO_ORIENTADOR,SIM
2012,ORIENTACAO-DE-OUTRA-NATUREZA,Instituto de Artes da Universidade Federal de Uberlândia,Teatro,Paula Medeiros Martins Carrijo,CO_ORIENTADOR,SIM
2013,TRABALHO_DE_CONCLUSAO_DE_CURSO_GRADUACAO,Universidade Federal de Uberlândia,Teatro - Licenciatura Ou Bacharelado,Afonso Mansueto,CO_ORIENTADOR,NAO
2013,INICIACAO_CIENTIFICA,Universidade Federal de Uberlândia,Teatro,Gabriela Neves Guimarães,CO_ORIENTADOR,SIM
2016,INICIACAO_CIENTIFICA,Universidade Federal de Uberlândia,Teatro - Licenciatura Ou Bacharelado,Camila Ruth de Morais,CO_ORIENTADOR,SIM
2016,TRABALHO_DE_CONCLUSAO_DE_CURSO_GRADUACAO,Universidade Federal de Uberlândia,Teatro,Lorenna Karla Silva Freitas,CO_ORIENTADOR,NAO
2017,TRABALHO_DE_CONCLUSAO_DE_CURSO_GRADUACAO,Universidade Federal de Uberlândia,Teatro,Isabela de Abreu,CO_ORIENTADOR,NAO
2017,TRABALHO_DE_CONCLUSAO_DE_CURSO_GRADUACAO,Universidade Federal de Uberlândia,Teatro,Lucas Mali,CO_ORIENTADOR,NAO
2018,TRABALHO_DE_CONCLUSAO_DE_CURSO_GRADUACAO,Universidade Federal de Uberlândia,Teatro,Camila Ruth de Morais,CO_ORIENTADOR,NAO
2019,INICIACAO_CIENTIFICA,Universidade Federal de Uberlândia,Teatro,Felipe Augusto Lemos,CO_ORIENTADOR,SIM
2015,TRABALHO_DE_CONCLUSAO_DE_CURSO_GRADUACAO,Universidade Federal de Uberlândia,Teatro,Debora Helena Aparecida de Souza,CO_ORIENTADOR,NAO
