TITLE,YEAR,LANG,EDITORA,AUTHOR,ORDER,ORDER_OK
Corporeidade e relações etnicorraciais na escola - uma proposta de reflexão e trabalho a partir da investigação das culturas corporais,2013,Português,EDUFU,['Paulina Maria Caon'],['1'],['1']
"São Paulo Através do Espelho: refletindo sobre ação cultural, processos criativos e processos pedagógicos",2016,Bretão,EDUFU,"['Paulina Maria Caon', 'Verônica Veloso']","['1', '2']",['1']
Ações artísticas no contexto urbano em tempos de suspensão e contágio,2022,Português,Multifoco,"['Mônica Lopes Galvão', 'Paulina Maria Caon', 'Verônica Veloso']","['1', '2', '3']",['2']
"Devaneios de corpos, de olhares, de brincadeiras - coleção de histórias de campo e corporalidade no Centro Educacional Maria de Nazaré",2014,Português,Edibrás,['Paulina Maria Caon'],['1'],['1']
