TITLE,YEAR,DOI,LANG,JOURNAL,QUALIS,ISSN,AUTHOR,ORDER,ORDER_OK,JCR
"Resenha do livro: Oswaldo Goeldi: Iluminação, Ilustração. RUFINONI, Priscila Rossinetti. São Paulo: COSAC NAIFY e FAPESP, 2006, 316 p",2010,,Português,Revista VIS (UnB),A4,1518-5494,['Fabio Fonseca'],['1'],['1'],-99
"O mito e sua iconografia: um estudo acerca das sereias, da Antiguidade à Idade Média eclesiástica",2015,,Português,Roda da Fortuna,A4,2014-7430,"['Fabio Fonseca', 'Sara Scholze', 'Daniel Fernandes']","['1', '2', '3']",['1'],-99
Entrevista com Gilvan Samico,2020,10.14393/OUV-v15n2a2019-50281,Português,OUVIROUVER (ONLINE),XX,1983-1005,['Fabio Fonseca'],['1'],['1'],-99
Le dragon en héraldique luso-brésilienne,2021,10.1075/rein.00040.fon,Inglês,Reinardus,XX,1569-9951,['Fabio Fonseca'],['1'],['1'],-99
"A geometria na gravura de Gilvan Samico. Entre a técnica e a narrativa, a racionalização do espaço mítico.",2021,10.35699/2237-5864.2021.20564,Português,REVISTA DO PROGRAMA DE PÓS GRADUAÇÃO EM ARTES DA ESCOLA DE BELAS ARTES DA UFMG,XX,2238-2046,['Fabio Fonseca'],['1'],['1'],-99
"Narrativas artísticas: ramificações, contaminações e apagamentos",2021,10.14393/eda-v2-n1-2021-62551,Português,Revista Estado da Arte,XX,2675-4576,"['Fabio Fonseca', 'KERINSKA, NIKOLETA', 'RAMPIN, PRISCILA']","['1', '2', '3']",['1'],-99
ApresentaÃ§Ã£o,2022,10.14393/ouv-v17n2a2021-64269,Português,OUVIROUVER (ONLINE),XX,1983-1005,"['Fabio Fonseca', 'VAZ, TAMIRIS']","['1', '2']",['1'],-99
Memória e sobrevivência na representação de São  Jorge: o imaginário luso - brasileiro entre os séculos  XIV e XIX,2015,,Português,Mátria Digital,B3,2183-1467,['Fabio Fonseca'],['1'],['1'],-99
