PROJ,YEAR_INI,YEAR_FIN,NATUREZA,INTEGRANTES,COORDENA
Exposição Possibilidades para o desenho,2019,2019,EXTENSAO,['Fabio Fonseca'],['SIM']
Exposição Corpo e desenho,2019,2019,EXTENSAO,"['Fabio Fonseca', 'Keynni Douglas Menezes Cunha Junior']","['SIM', 'NAO']"
III Seminário de Pesquisas de TCC e Iniciação Científica desenvolvidas no Laboratório de Desenho.,2019,2019,EXTENSAO,"['Fabio Fonseca', 'Ronaldo Macedo Brandão']","['SIM', 'NAO']"
II Seminário de Pesquisas de TCC e Iniciação Científica desenvolvidas no Laboratório de Desenho,2019,2019,EXTENSAO,"['Fabio Fonseca', 'Ronaldo Macedo Brandão']","['SIM', 'NAO']"
"IV Seminário de Pesquisas de TCC, Monitoria e Iniciação Científica desenvolvidas no Laboratório de Desenho - LADES",2020,2020,EXTENSAO,"['Fabio Fonseca', 'Ronaldo Macedo Brandão', 'Felipe Meneghetti']","['SIM', 'NAO', 'NAO']"
Poéticas Acadêmicas,2021,2021,EXTENSAO,"['Fabio Fonseca', 'Suzana Adamy da Rocha', 'Roberto Andréas Barbosa Sá', 'Wlliam Henrique da Silva Toffoli']","['SIM', 'NAO', 'NAO', 'NAO']"
Grupo de pesquisa Núcleo de Pintura Pesquisa e Ensino,2019,ATUAL,PESQUISA,"['Fabio Fonseca', 'Afonso Celso Lana Leite', 'Ana Helena da Silva Delfino Duarte', 'Ana Paula Fernandes', 'Andréa Virginio Diogo Garcia', 'Aylana Teixeira Pimentel Canto', 'Brayan Lucas Arantes da Rocha Caires', 'Camila Rodrigues Moreira Cruz', 'Dayane de Souza Justino', 'Elsieni Coelho da Silva', 'Fábio Martins', 'Flaviane dos Santos Malaquias', 'Jane Cristina dos Reis Cobo Sanches', 'Karina Alves de Sousa', 'Maria Carolina Rodrigues Boaventura', 'Maria Regina Rodrigues', 'Roberta Maira de Melo', 'Rodrigo Freitas Rodrigues', 'Sérgio Ricardo Fernandes Rodrigues']","['NAO', 'NAO', 'SIM', 'NAO', 'NAO', 'NAO', 'NAO', 'NAO', 'NAO', 'NAO', 'NAO', 'NAO', 'NAO', 'NAO', 'NAO', 'NAO', 'NAO', 'NAO', 'NAO']"
Grupo de pesquisa Poéticas da Imagem,2019,ATUAL,PESQUISA,"['Fabio Fonseca', 'Amanda Cristina de Sousa', 'Andressa Rezende Boel', 'Beatriz Basile da Silva Rauscher', 'Bráulio de Britto Neves', 'Gastão da Cunha Frota', 'Luciano Vinhosa Simão', 'Mariza Barbosa de Oliveira', 'Nikoleta Tzvetanova Kerinska', 'Priscila Arantes Rampin', 'Silvia Amelia Nogueira de Souza', 'Vanessa Sonia Santos']","['NAO', 'NAO', 'NAO', 'SIM', 'NAO', 'NAO', 'NAO', 'NAO', 'NAO', 'NAO', 'NAO', 'NAO']"
"Imagens e sobrevivências: memória, modelos e cânones",2019,ATUAL,PESQUISA,"['Fabio Fonseca', 'Natália Carolina dos Santos', 'Lucas Kenui Mariano Furlaneto dos Santos', 'Ana Beatriz Carrera Cota', 'Corinne Barbosa Caldeira', 'Amanda Barbosa Roje Sanches']","['SIM', 'NAO', 'NAO', 'NAO', 'NAO', 'NAO']"
