YEAR,NATURE,INSTITUTION,COURSE,STUDENT,TYPE,SPONSOR
2008,Dissertação de mestrado,Universidade Anhembi Morumbi,Mestrado em Design,Ana Rita Valverde Peroba,ORIENTADOR_PRINCIPAL,NAO
2009,Dissertação de mestrado,Universidade Anhembi Morumbi,Mestrado em Design,Regina Silva Barbosa,ORIENTADOR_PRINCIPAL,NAO
2009,Dissertação de mestrado,Universidade Anhembi Morumbi,Mestrado em Design,Mariana Rachel Roncoletta,ORIENTADOR_PRINCIPAL,NAO
2015,Dissertação de mestrado,Universidade Federal de Juiz de Fora,"Artes, Cultura e Linguagens",Rodrigo Souza Silva,ORIENTADOR_PRINCIPAL,SIM
2015,Dissertação de mestrado,Universidade Federal de Juiz de Fora,"Mestrado em Arte, Cultura e Linguagens",Flávia de Paiva Paula Damato,ORIENTADOR_PRINCIPAL,NAO
2016,Dissertação de mestrado,Universidade Federal de Juiz de Fora,"Mestrado em Arte, Cultura e Linguagens",Isadora Maríllia de Moreira Almeida,ORIENTADOR_PRINCIPAL,NAO
2016,Dissertação de mestrado,Universidade Federal de Juiz de Fora,"Mestrado em Arte, Cultura e Linguagens",Nayse Ribeiro Ferreira Silva,ORIENTADOR_PRINCIPAL,NAO
2016,Dissertação de mestrado,Universidade Federal de Juiz de Fora,"Mestrado em Arte, Cultura e Linguagens",Ana Lúcia Pitta,ORIENTADOR_PRINCIPAL,NAO
2018,Dissertação de mestrado,Universidade Federal de Juiz de Fora,"PPG Artes, Cultura e Linguagens",Isadora Maríllia de Moreira Almeida,ORIENTADOR_PRINCIPAL,NAO
2018,Dissertação de mestrado,Universidade Federal de Juiz de Fora,"PPG Artes, Cultura e Linguagens",Flávia de Paiva Paula Damato,ORIENTADOR_PRINCIPAL,NAO
2019,Dissertação de mestrado,Universidade Federal de Juiz de Fora,"PPG Artes, Cultura e Linguagens",Pedro de Souza Fonseca,ORIENTADOR_PRINCIPAL,SIM
2022,Dissertação de mestrado,Universidade Federal de Juiz de Fora,"PPG Artes, Cultura e Linguagens",TALITA BOTELHO DE PAULA,ORIENTADOR_PRINCIPAL,NAO
2021,Dissertação de mestrado,Universidade Federal de Juiz de Fora,"Artes, Cultura e Linguagens",Marina de Aguiar Casali Dias,ORIENTADOR_PRINCIPAL,SIM
2003,TRABALHO_DE_CONCLUSAO_DE_CURSO_GRADUACAO,Universidade Anhembi Morumbi,Moda,Daneille Koller; Hugo Zuba; Marjory Mafra; Thalita Ribeiro,CO_ORIENTADOR,NAO
2004,TRABALHO_DE_CONCLUSAO_DE_CURSO_GRADUACAO,Universidade Anhembi Morumbi,Moda,Alessandra Ugolini,CO_ORIENTADOR,NAO
2004,TRABALHO_DE_CONCLUSAO_DE_CURSO_GRADUACAO,Universidade Anhembi Morumbi,Moda,Aline Silva,CO_ORIENTADOR,NAO
2004,TRABALHO_DE_CONCLUSAO_DE_CURSO_GRADUACAO,Universidade Anhembi Morumbi,Moda,Ana Luisa Grosso,CO_ORIENTADOR,NAO
2004,TRABALHO_DE_CONCLUSAO_DE_CURSO_GRADUACAO,Universidade Anhembi Morumbi,Moda,Bruna Rubacow,CO_ORIENTADOR,NAO
2004,TRABALHO_DE_CONCLUSAO_DE_CURSO_GRADUACAO,Universidade Anhembi Morumbi,Moda,Carolina Gerumaglia da Silva,CO_ORIENTADOR,NAO
2004,TRABALHO_DE_CONCLUSAO_DE_CURSO_GRADUACAO,Universidade Anhembi Morumbi,Moda,Carolina Navas,CO_ORIENTADOR,NAO
2004,TRABALHO_DE_CONCLUSAO_DE_CURSO_GRADUACAO,Universidade Anhembi Morumbi,Moda,Carolina Streimer,CO_ORIENTADOR,NAO
2004,TRABALHO_DE_CONCLUSAO_DE_CURSO_GRADUACAO,Universidade Anhembi Morumbi,Moda,Carolina Zonta,CO_ORIENTADOR,NAO
2004,TRABALHO_DE_CONCLUSAO_DE_CURSO_GRADUACAO,Universidade Anhembi Morumbi,Moda,Daniela Gennari,CO_ORIENTADOR,NAO
2004,TRABALHO_DE_CONCLUSAO_DE_CURSO_GRADUACAO,Universidade Anhembi Morumbi,Moda,Daniela Maluf,CO_ORIENTADOR,NAO
2004,TRABALHO_DE_CONCLUSAO_DE_CURSO_GRADUACAO,Universidade Anhembi Morumbi,Moda,Daniela Rocha,CO_ORIENTADOR,NAO
2004,TRABALHO_DE_CONCLUSAO_DE_CURSO_GRADUACAO,Universidade Anhembi Morumbi,Moda,Débora de Souza,CO_ORIENTADOR,NAO
2004,TRABALHO_DE_CONCLUSAO_DE_CURSO_GRADUACAO,Universidade Anhembi Morumbi,Moda,Elisa Navarro,CO_ORIENTADOR,NAO
2004,TRABALHO_DE_CONCLUSAO_DE_CURSO_GRADUACAO,Universidade Anhembi Morumbi,Moda,Elisa  Maria Dalsenter,CO_ORIENTADOR,NAO
2004,TRABALHO_DE_CONCLUSAO_DE_CURSO_GRADUACAO,Universidade Anhembi Morumbi,Moda,Érika de Bem,CO_ORIENTADOR,NAO
2004,TRABALHO_DE_CONCLUSAO_DE_CURSO_GRADUACAO,Universidade Anhembi Morumbi,Moda,Fernanda Barone,CO_ORIENTADOR,NAO
2004,TRABALHO_DE_CONCLUSAO_DE_CURSO_GRADUACAO,Universidade Anhembi Morumbi,Moda,Fernanda Chiu,CO_ORIENTADOR,NAO
2004,TRABALHO_DE_CONCLUSAO_DE_CURSO_GRADUACAO,Universidade Anhembi Morumbi,Moda,Gabriela Vidotti,CO_ORIENTADOR,NAO
2004,TRABALHO_DE_CONCLUSAO_DE_CURSO_GRADUACAO,Universidade Anhembi Morumbi,Moda,Giuliana Calandriello,CO_ORIENTADOR,NAO
2004,TRABALHO_DE_CONCLUSAO_DE_CURSO_GRADUACAO,Universidade Anhembi Morumbi,Moda,Heidi Hye Mi Na,CO_ORIENTADOR,NAO
2004,TRABALHO_DE_CONCLUSAO_DE_CURSO_GRADUACAO,Universidade Anhembi Morumbi,Moda,Joana Fischetti,CO_ORIENTADOR,NAO
2004,TRABALHO_DE_CONCLUSAO_DE_CURSO_GRADUACAO,Universidade Anhembi Morumbi,Moda,Joana Moraes B.C. e Silva,CO_ORIENTADOR,NAO
2004,TRABALHO_DE_CONCLUSAO_DE_CURSO_GRADUACAO,Universidade Anhembi Morumbi,Moda,Joyce Ribeiro dos Santos,CO_ORIENTADOR,NAO
2004,TRABALHO_DE_CONCLUSAO_DE_CURSO_GRADUACAO,Universidade Anhembi Morumbi,Moda,Juliana Palácio,CO_ORIENTADOR,NAO
2004,TRABALHO_DE_CONCLUSAO_DE_CURSO_GRADUACAO,Universidade Anhembi Morumbi,Moda,Juliana T. Martins,CO_ORIENTADOR,NAO
2004,TRABALHO_DE_CONCLUSAO_DE_CURSO_GRADUACAO,Universidade Anhembi Morumbi,Moda,Larissa Regina Bernava,CO_ORIENTADOR,NAO
2004,TRABALHO_DE_CONCLUSAO_DE_CURSO_GRADUACAO,Universidade Anhembi Morumbi,Moda,Laura Mchado,CO_ORIENTADOR,NAO
2004,TRABALHO_DE_CONCLUSAO_DE_CURSO_GRADUACAO,Universidade Anhembi Morumbi,Moda,Leticia Leandro de Bittencourt,CO_ORIENTADOR,NAO
2004,TRABALHO_DE_CONCLUSAO_DE_CURSO_GRADUACAO,Universidade Anhembi Morumbi,Moda,Leticia Vasconcelos Duarte,CO_ORIENTADOR,NAO
2004,TRABALHO_DE_CONCLUSAO_DE_CURSO_GRADUACAO,Universidade Anhembi Morumbi,Moda,Lidia Shu,CO_ORIENTADOR,NAO
2004,TRABALHO_DE_CONCLUSAO_DE_CURSO_GRADUACAO,Universidade Anhembi Morumbi,Moda,Livia Maneira da Silva,CO_ORIENTADOR,NAO
2004,TRABALHO_DE_CONCLUSAO_DE_CURSO_GRADUACAO,Universidade Anhembi Morumbi,Moda,Maíra Cymrot,CO_ORIENTADOR,NAO
2004,TRABALHO_DE_CONCLUSAO_DE_CURSO_GRADUACAO,Universidade Anhembi Morumbi,Moda,Maria Carolina Liberati,CO_ORIENTADOR,NAO
2004,TRABALHO_DE_CONCLUSAO_DE_CURSO_GRADUACAO,Universidade Anhembi Morumbi,Moda,Maria Carolina Pascale de Mattos,CO_ORIENTADOR,NAO
2004,TRABALHO_DE_CONCLUSAO_DE_CURSO_GRADUACAO,Universidade Anhembi Morumbi,Moda,Maria Silvia de Lima Pegorari,CO_ORIENTADOR,NAO
2004,TRABALHO_DE_CONCLUSAO_DE_CURSO_GRADUACAO,Universidade Anhembi Morumbi,Moda,Marilia Mendes,CO_ORIENTADOR,NAO
2004,TRABALHO_DE_CONCLUSAO_DE_CURSO_GRADUACAO,Universidade Anhembi Morumbi,Moda,Megui Obara,CO_ORIENTADOR,NAO
2004,TRABALHO_DE_CONCLUSAO_DE_CURSO_GRADUACAO,Universidade Anhembi Morumbi,Moda,Michelle Luise D.Bravo,CO_ORIENTADOR,NAO
2004,TRABALHO_DE_CONCLUSAO_DE_CURSO_GRADUACAO,Universidade Anhembi Morumbi,Moda,Milena S. Venturini de Barros,CO_ORIENTADOR,NAO
2004,TRABALHO_DE_CONCLUSAO_DE_CURSO_GRADUACAO,Universidade Anhembi Morumbi,Moda,Monica Silveira,CO_ORIENTADOR,NAO
2004,TRABALHO_DE_CONCLUSAO_DE_CURSO_GRADUACAO,Universidade Anhembi Morumbi,Moda,Naue Valeria Ferrari,CO_ORIENTADOR,NAO
2004,TRABALHO_DE_CONCLUSAO_DE_CURSO_GRADUACAO,Universidade Anhembi Morumbi,Moda,Patricia da Silva,CO_ORIENTADOR,NAO
2004,TRABALHO_DE_CONCLUSAO_DE_CURSO_GRADUACAO,Universidade Anhembi Morumbi,Moda,Paula Barradas,CO_ORIENTADOR,NAO
2004,TRABALHO_DE_CONCLUSAO_DE_CURSO_GRADUACAO,Universidade Anhembi Morumbi,Moda,Paula Curi,CO_ORIENTADOR,NAO
2004,TRABALHO_DE_CONCLUSAO_DE_CURSO_GRADUACAO,Universidade Anhembi Morumbi,Moda,Paula Ferrari,CO_ORIENTADOR,NAO
2004,TRABALHO_DE_CONCLUSAO_DE_CURSO_GRADUACAO,Universidade Anhembi Morumbi,Moda,Renata F. Gomes La Cava,CO_ORIENTADOR,NAO
2004,TRABALHO_DE_CONCLUSAO_DE_CURSO_GRADUACAO,Universidade Anhembi Morumbi,Moda,Renata Zocchi Santiago,CO_ORIENTADOR,NAO
2004,TRABALHO_DE_CONCLUSAO_DE_CURSO_GRADUACAO,Universidade Anhembi Morumbi,Moda,Rodrigo Milan Leão,CO_ORIENTADOR,NAO
2004,TRABALHO_DE_CONCLUSAO_DE_CURSO_GRADUACAO,Universidade Anhembi Morumbi,Moda,Rodrigo Nakamura,CO_ORIENTADOR,NAO
2004,TRABALHO_DE_CONCLUSAO_DE_CURSO_GRADUACAO,Universidade Anhembi Morumbi,Moda,Simone Holler Silveira,CO_ORIENTADOR,NAO
2004,TRABALHO_DE_CONCLUSAO_DE_CURSO_GRADUACAO,Universidade Anhembi Morumbi,Moda,Thais Teluko,CO_ORIENTADOR,NAO
2004,TRABALHO_DE_CONCLUSAO_DE_CURSO_GRADUACAO,Universidade Anhembi Morumbi,Moda,Vanise Miliono,CO_ORIENTADOR,NAO
2004,TRABALHO_DE_CONCLUSAO_DE_CURSO_GRADUACAO,Universidade Anhembi Morumbi,Moda,Priscila de Amorim Siqueira,CO_ORIENTADOR,NAO
2006,MONOGRAFIA_DE_CONCLUSAO_DE_CURSO_APERFEICOAMENTO_E_ESPECIALIZACAO,Centro Universitário Senac,Criação de Imagem e Styling de Moda,Thais Graciotti Pires,CO_ORIENTADOR,NAO
2006,MONOGRAFIA_DE_CONCLUSAO_DE_CURSO_APERFEICOAMENTO_E_ESPECIALIZACAO,Centro Universitário Senac,Criação de Imagem e Styling de Moda,Bernardo de Aguiar,CO_ORIENTADOR,NAO
2006,MONOGRAFIA_DE_CONCLUSAO_DE_CURSO_APERFEICOAMENTO_E_ESPECIALIZACAO,Universidade Anhembi Morumbi,"Especialização em Design, Produção e Tec. Gráfica","Daniel Pinheiro, Thiago Paiva e outros",CO_ORIENTADOR,NAO
2006,MONOGRAFIA_DE_CONCLUSAO_DE_CURSO_APERFEICOAMENTO_E_ESPECIALIZACAO,Universidade Anhembi Morumbi,Pós Graudação em Moda e Comunicação,Andrea Siqueira Tedeschi,CO_ORIENTADOR,NAO
2006,MONOGRAFIA_DE_CONCLUSAO_DE_CURSO_APERFEICOAMENTO_E_ESPECIALIZACAO,Centro Universitário Senac,Criação de Imagem e Styling de Moda,Sheila Souza Pereira,CO_ORIENTADOR,NAO
2006,MONOGRAFIA_DE_CONCLUSAO_DE_CURSO_APERFEICOAMENTO_E_ESPECIALIZACAO,Universidade Anhembi Morumbi,"Especialização em Design, Produção e Tec. Gráfica","Camila Satchauck, Euclides S.  e outros",CO_ORIENTADOR,NAO
2006,MONOGRAFIA_DE_CONCLUSAO_DE_CURSO_APERFEICOAMENTO_E_ESPECIALIZACAO,Centro Universitário Senac,Criação de Imagem e Styling de Moda,Maria Carolina Paranhos,CO_ORIENTADOR,NAO
2006,MONOGRAFIA_DE_CONCLUSAO_DE_CURSO_APERFEICOAMENTO_E_ESPECIALIZACAO,Universidade Anhembi Morumbi,Design de Hipermídia,Marcos Silva e outros,CO_ORIENTADOR,NAO
2006,MONOGRAFIA_DE_CONCLUSAO_DE_CURSO_APERFEICOAMENTO_E_ESPECIALIZACAO,Centro Universitário Senac,Criação de Imagem e Styling de Moda,Marcia Cristina Assis Ponciano Tramm,CO_ORIENTADOR,NAO
2006,MONOGRAFIA_DE_CONCLUSAO_DE_CURSO_APERFEICOAMENTO_E_ESPECIALIZACAO,Centro Universitário Senac,Criação de Imagem e Styling de Moda,Caio Junqueira Borges,CO_ORIENTADOR,NAO
2006,MONOGRAFIA_DE_CONCLUSAO_DE_CURSO_APERFEICOAMENTO_E_ESPECIALIZACAO,Centro Universitário Senac,Criação de Imagem e Styling de Moda,Alethea Yoemi Fuscaldo,CO_ORIENTADOR,NAO
2012,INICIACAO_CIENTIFICA,Universidade Federal de Juiz de Fora,Bacharelado em artes e design,Alberto Ribeiro Mendes,CO_ORIENTADOR,NAO
2012,INICIACAO_CIENTIFICA,Universidade Federal de Juiz de Fora,Bacharelado em artes e design,Henrique Teixeira Reis,CO_ORIENTADOR,SIM
2014,INICIACAO_CIENTIFICA,Universidade Federal de Juiz de Fora,Bacharelado em artes e design,Luna Fortunato Oliveira,CO_ORIENTADOR,NAO
2015,INICIACAO_CIENTIFICA,Universidade Federal de Juiz de Fora - BIC,IAD,Arantxa Carolina Cunha Araújo,CO_ORIENTADOR,SIM
2016,TRABALHO_DE_CONCLUSAO_DE_CURSO_GRADUACAO,Universidade Federal de Juiz de Fora,Bacharelado em Moda,Henrique Teixeira Reis,CO_ORIENTADOR,NAO
2016,TRABALHO_DE_CONCLUSAO_DE_CURSO_GRADUACAO,Universidade Federal de Juiz de Fora,Bacharelado em Moda,Mariana de Andrade,CO_ORIENTADOR,NAO
2017,TRABALHO_DE_CONCLUSAO_DE_CURSO_GRADUACAO,Universidade Federal de Juiz de Fora,Bacharelado em Moda,Suiane Silveira,CO_ORIENTADOR,NAO
2016,INICIACAO_CIENTIFICA,Universidade Federal de Juiz de Fora,Bacharelado em artes e design,Mariana Stolf Friggi,CO_ORIENTADOR,SIM
2018,TRABALHO_DE_CONCLUSAO_DE_CURSO_GRADUACAO,Universidade Federal de Juiz de Fora,Bacharelado em Moda,Maria Júlia Lucas,CO_ORIENTADOR,NAO
2018,TRABALHO_DE_CONCLUSAO_DE_CURSO_GRADUACAO,Universidade Federal de Juiz de Fora,Bacharelado em Moda,Ana Luiza Castro Mendonça,CO_ORIENTADOR,NAO
2018,INICIACAO_CIENTIFICA,Universidade Federal de Juiz de Fora,Bacharelado em artes e design,Mariana Stolf Friggi,CO_ORIENTADOR,NAO
2019,INICIACAO_CIENTIFICA,Universidade Federal de Juiz de Fora,Interdisciplinar em Artes e Design,Iago de Medeiros Christino,CO_ORIENTADOR,SIM
2022,TRABALHO_DE_CONCLUSAO_DE_CURSO_GRADUACAO,Universidade Federal de Juiz de Fora,Bacharelado em Moda,Gisele Brum Pereira,CO_ORIENTADOR,NAO
2014,INICIACAO_CIENTIFICA,Universidade Federal de Juiz de Fora,Artes,Arantxa Carolina Cunha Araújo,CO_ORIENTADOR,SIM
