YEAR,NATURE,INSTITUTION,COURSE,STUDENT,TYPE,SPONSOR
2017,Dissertação de mestrado,Universidade do Estado de Minas Gerais,Programa de Pós-Graduação Stricto Sensu em Artes,Islei Mariano Correa Hammer,ORIENTADOR_PRINCIPAL,NAO
2018,Dissertação de mestrado,Universidade do Estado de Minas Gerais,Programa de Pós-Graduação Stricto Sensu em Artes,Renata Júlia Cicarini,ORIENTADOR_PRINCIPAL,NAO
2020,Dissertação de mestrado,Universidade do Estado de Minas Gerais,Artes,Telma Isabel Vieira Martins,ORIENTADOR_PRINCIPAL,NAO
2022,Dissertação de mestrado,Universidade Federal de Minas Gerais,Música,Tauini Mauê Santos Rosa,ORIENTADOR_PRINCIPAL,NAO
2022,Dissertação de mestrado,Universidade Federal de Minas Gerais,Música,Isaac Luis Rodrigues de Sousa,ORIENTADOR_PRINCIPAL,SIM
2021,Dissertação de mestrado,Universidade Federal de Minas Gerais,Música,André Rangel de Carvalho,ORIENTADOR_PRINCIPAL,NAO
2004,MONOGRAFIA_DE_CONCLUSAO_DE_CURSO_APERFEICOAMENTO_E_ESPECIALIZACAO,Escola de Música e Belas Artes do Paraná,Música,Doriane Rossi,ORIENTADOR_PRINCIPAL,NAO
2006,MONOGRAFIA_DE_CONCLUSAO_DE_CURSO_APERFEICOAMENTO_E_ESPECIALIZACAO,Universidade Federal do Rio Grande do Sul,Especialização em Projetos Sociais e Culturais na,Felipe Gue Martini,CO_ORIENTADOR,NAO
2006,MONOGRAFIA_DE_CONCLUSAO_DE_CURSO_APERFEICOAMENTO_E_ESPECIALIZACAO,Instituto Federal de Ciências Humanas,Especialização em Projetos Sociais e Culturais na,Cloé Espírito Santo Brizolla,CO_ORIENTADOR,NAO
2006,MONOGRAFIA_DE_CONCLUSAO_DE_CURSO_APERFEICOAMENTO_E_ESPECIALIZACAO,Instituto Federal de Ciências Humanas,Especialização em Projetos Sociais e Culturais na,Iracema Pinto Pereira,CO_ORIENTADOR,NAO
2006,MONOGRAFIA_DE_CONCLUSAO_DE_CURSO_APERFEICOAMENTO_E_ESPECIALIZACAO,Instituto Federal de Ciências Humanas,Especialização em Projetos Sociais e Culturais na,Carmen Maria Rodrigues,CO_ORIENTADOR,NAO
2006,MONOGRAFIA_DE_CONCLUSAO_DE_CURSO_APERFEICOAMENTO_E_ESPECIALIZACAO,Instituto Federal de Ciências Humanas,Especialização em Projetos Sociais e Culturais na,Alda Arruda Bisso,CO_ORIENTADOR,NAO
2006,MONOGRAFIA_DE_CONCLUSAO_DE_CURSO_APERFEICOAMENTO_E_ESPECIALIZACAO,Instituto Federal de Ciências Humanas,Especialização em Projetos Sociais e Culturais na,Regina Maria P. Coelho de Souza,CO_ORIENTADOR,NAO
2010,TRABALHO_DE_CONCLUSAO_DE_CURSO_GRADUACAO,Universidade do Estado de Minas Gerais,Licenciatura em Música,Reinaldo Araújo da Silva,CO_ORIENTADOR,NAO
2015,TRABALHO_DE_CONCLUSAO_DE_CURSO_GRADUACAO,Universidade do Estado de Minas Gerais,Licenciatura em Música,Elmo Haizer,CO_ORIENTADOR,NAO
2012,TRABALHO_DE_CONCLUSAO_DE_CURSO_GRADUACAO,Universidade do Estado de Minas Gerais,Licenciatura em Música,ARIELLE BRUNA DE SOUZA,CO_ORIENTADOR,NAO
2012,TRABALHO_DE_CONCLUSAO_DE_CURSO_GRADUACAO,Universidade do Estado de Minas Gerais,Licenciatura em Música,Amanda Juliana da Costa,CO_ORIENTADOR,NAO
2012,TRABALHO_DE_CONCLUSAO_DE_CURSO_GRADUACAO,Universidade do Estado de Minas Gerais,Licenciatura em Música,Pedro Henrique Pedrosa de Melo,CO_ORIENTADOR,NAO
2013,MONOGRAFIA_DE_CONCLUSAO_DE_CURSO_APERFEICOAMENTO_E_ESPECIALIZACAO,Universidade do Estado de Minas Gerais,CURSO DE PÓS - GRADUAÇÃO LATO SENSU - PRINCÍPIOS E,Lucinéia Silveira Toledo,CO_ORIENTADOR,NAO
2013,TRABALHO_DE_CONCLUSAO_DE_CURSO_GRADUACAO,Universidade do Estado de Minas Gerais,Música,Guilherme Jorge de Matos,CO_ORIENTADOR,NAO
2013,TRABALHO_DE_CONCLUSAO_DE_CURSO_GRADUACAO,Universidade do Estado de Minas Gerais,Licenciatura em Música,Carla Guimarães de Vasconcellos Naves,CO_ORIENTADOR,NAO
2013,INICIACAO_CIENTIFICA,Universidade do Estado de Minas Gerais,Licenciatura em Música,Gustavo Moreira Silveira,CO_ORIENTADOR,SIM
2013,TRABALHO_DE_CONCLUSAO_DE_CURSO_GRADUACAO,Universidade do Estado de Minas Gerais,Licenciatura em Música,Giuliano Stefano Elias Coura,CO_ORIENTADOR,NAO
2013,TRABALHO_DE_CONCLUSAO_DE_CURSO_GRADUACAO,Universidade do Estado de Minas Gerais,Licenciatura em Música,Rodrigo Kelton Mendes,CO_ORIENTADOR,NAO
2014,TRABALHO_DE_CONCLUSAO_DE_CURSO_GRADUACAO,Universidade do Estado de Minas Gerais,Licenciatura em Música,Felipe Dutra,CO_ORIENTADOR,NAO
2015,TRABALHO_DE_CONCLUSAO_DE_CURSO_GRADUACAO,Universidade do Estado de Minas Gerais,Licenciatura em Música,Fernanda Oliveira,CO_ORIENTADOR,NAO
2014,INICIACAO_CIENTIFICA,Universidade do Estado de Minas Gerais,Música,Nareida Patricia do Rosario Lima,CO_ORIENTADOR,SIM
2014,TRABALHO_DE_CONCLUSAO_DE_CURSO_GRADUACAO,Universidade de Brasília,Música,Natália dos Santos Barbosa,CO_ORIENTADOR,NAO
2014,TRABALHO_DE_CONCLUSAO_DE_CURSO_GRADUACAO,Universidade de Brasília,Música,William Gláucio de Souza,CO_ORIENTADOR,NAO
2015,TRABALHO_DE_CONCLUSAO_DE_CURSO_GRADUACAO,Universidade do Estado de Minas Gerais,Licenciatura em Música,Greiciane Rigo,CO_ORIENTADOR,NAO
2015,INICIACAO_CIENTIFICA,Universidade do Estado de Minas Gerais,Música,Davi Alves de Sousa,CO_ORIENTADOR,SIM
2015,INICIACAO_CIENTIFICA,Universidade do Estado de Minas Gerais,Música,Vinicius Robert dos Santos,CO_ORIENTADOR,SIM
2015,INICIACAO_CIENTIFICA,Universidade do Estado de Minas Gerais,Música,Carlos Wagner Santos Lima,CO_ORIENTADOR,SIM
2016,TRABALHO_DE_CONCLUSAO_DE_CURSO_GRADUACAO,Universidade do Estado de Minas Gerais,Licenciatura em Música,Wandison Mendes Muniz,CO_ORIENTADOR,NAO
2016,INICIACAO_CIENTIFICA,Universidade do Estado de Minas Gerais,Licenciatura em Música,Davi Alves de Sousa,CO_ORIENTADOR,SIM
2018,INICIACAO_CIENTIFICA,Universidade do Estado de Minas Gerais,Licenciatura em Música,Dafne Kontoyannopoulos,CO_ORIENTADOR,SIM
2018,INICIACAO_CIENTIFICA,Universidade do Estado de Minas Gerais,Licenciatura em Música,Tauini Maue Santos Rosa,CO_ORIENTADOR,SIM
2017,TRABALHO_DE_CONCLUSAO_DE_CURSO_GRADUACAO,Universidade do Estado de Minas Gerais,Licenciatura em Música,Lucas de Aguiar Pereira,CO_ORIENTADOR,NAO
2018,TRABALHO_DE_CONCLUSAO_DE_CURSO_GRADUACAO,Universidade Federal de Minas Gerais,Abi - Música,Bruno Jacinto de Almeida Santos,CO_ORIENTADOR,NAO
2018,TRABALHO_DE_CONCLUSAO_DE_CURSO_GRADUACAO,Universidade Federal de Minas Gerais,Abi - Música,Allen Gomes Barroso,CO_ORIENTADOR,NAO
2019,INICIACAO_CIENTIFICA,Universidade Federal de Minas Gerais,Abi - Música,Rafael Barbosa,CO_ORIENTADOR,SIM
2019,INICIACAO_CIENTIFICA,Universidade Federal de Minas Gerais,,Caio Rangel,CO_ORIENTADOR,SIM
2019,INICIACAO_CIENTIFICA,Universidade Federal de Minas Gerais,Abi - Música,Ariane Tsubouchi,CO_ORIENTADOR,NAO
2019,TRABALHO_DE_CONCLUSAO_DE_CURSO_GRADUACAO,Universidade Federal de Minas Gerais,Abi - Música,Ariane Enohata Tsubouchi,CO_ORIENTADOR,NAO
2022,TRABALHO_DE_CONCLUSAO_DE_CURSO_GRADUACAO,Universidade Federal de Minas Gerais,Abi - Música,Tiago Almeida,CO_ORIENTADOR,NAO
2019,TRABALHO_DE_CONCLUSAO_DE_CURSO_GRADUACAO,Universidade Federal de Minas Gerais,Abi - Música,Raquel Anastácio,CO_ORIENTADOR,NAO
2019,TRABALHO_DE_CONCLUSAO_DE_CURSO_GRADUACAO,Universidade Federal de Minas Gerais,Música,Ariane Enohata Tsubouchi,CO_ORIENTADOR,NAO
2019,TRABALHO_DE_CONCLUSAO_DE_CURSO_GRADUACAO,Universidade Federal de Minas Gerais,Abi - Música,Caio Costa Campos,CO_ORIENTADOR,NAO
2020,TRABALHO_DE_CONCLUSAO_DE_CURSO_GRADUACAO,Universidade Federal de Minas Gerais,Abi - Música,Larissa Nunes Gonçalves,CO_ORIENTADOR,NAO
2021,TRABALHO_DE_CONCLUSAO_DE_CURSO_GRADUACAO,Universidade Federal de Minas Gerais,Abi - Música,Lucas Ladeira,CO_ORIENTADOR,NAO
2021,TRABALHO_DE_CONCLUSAO_DE_CURSO_GRADUACAO,Universidade Federal de Minas Gerais,Abi - Música,Amanda Barbalho,CO_ORIENTADOR,NAO
2021,INICIACAO_CIENTIFICA,Universidade Federal de Minas Gerais,Abi - Música,Amanda Barbalho,CO_ORIENTADOR,SIM
2021,INICIACAO_CIENTIFICA,Universidade Federal de Minas Gerais,Abi - Música,Aline Maria Rodrigues dos Santos,CO_ORIENTADOR,NAO
2013,INICIACAO_CIENTIFICA,Universidade do Estado de Minas Gerais,Licenciatura em Música,Caroline Magalhães dos Santos,CO_ORIENTADOR,SIM
