YEAR,NATURE,INSTITUTION,COURSE,STUDENT,TYPE,SPONSOR
2010,TRABALHO_DE_CONCLUSAO_DE_CURSO_GRADUACAO,Universidade Federal de Minas Gerais,Arquitetura e Urbanismo,Danielle Mendes,CO_ORIENTADOR,NAO
2011,TRABALHO_DE_CONCLUSAO_DE_CURSO_GRADUACAO,Universidade Federal de Minas Gerais,Arquitetura e Urbanismo,Dânia Lima,CO_ORIENTADOR,NAO
2011,ORIENTACAO-DE-OUTRA-NATUREZA,Universidade Federal de Minas Gerais,Arquitetura e Urbanismo,Dayane Cristina Damas Ferreira,CO_ORIENTADOR,SIM
2012,INICIACAO_CIENTIFICA,Universidade Federal de Minas Gerais,Arquitetura e Urbanismo,Gabriela Villas Boas Ornelas,CO_ORIENTADOR,SIM
2012,TRABALHO_DE_CONCLUSAO_DE_CURSO_GRADUACAO,Universidade Federal de Minas Gerais,Arquitetura e Urbanismo,Julia Garcia Estevam,CO_ORIENTADOR,NAO
2013,INICIACAO_CIENTIFICA,Universidade Federal de Minas Gerais,Arquitetura e Urbanismo,Artur Borges Lisboa,CO_ORIENTADOR,NAO
2014,INICIACAO_CIENTIFICA,Universidade Federal de Minas Gerais,Arquitetura e Urbanismo,Marianna Luiza Magalhães de Oliveira,CO_ORIENTADOR,SIM
2014,TRABALHO_DE_CONCLUSAO_DE_CURSO_GRADUACAO,Universidade Federal de Minas Gerais,Arquitetura e Urbanismo,Christopher Camilo França,CO_ORIENTADOR,NAO
2014,TRABALHO_DE_CONCLUSAO_DE_CURSO_GRADUACAO,Escola de Arquitetura da UFMG,Arquitetura e Urbanismo,Amanda Patrícia Pereira de Souza,CO_ORIENTADOR,NAO
2014,TRABALHO_DE_CONCLUSAO_DE_CURSO_GRADUACAO,Universidade Federal de Minas Gerais,Arquitetura e Urbanismo,Christopher Camilo França,CO_ORIENTADOR,NAO
2014,TRABALHO_DE_CONCLUSAO_DE_CURSO_GRADUACAO,Universidade Federal de Minas Gerais,Arquitetura e Urbanismo,Christopher Camilo França,CO_ORIENTADOR,NAO
2015,INICIACAO_CIENTIFICA,Universidade Federal de Minas Gerais,Arquitetura e Urbanismo,Eduarda Assis Carmo,CO_ORIENTADOR,SIM
2015,TRABALHO_DE_CONCLUSAO_DE_CURSO_GRADUACAO,Universidade Federal de Minas Gerais,Arquitetura e Urbanismo,Branca Peixoto Vasconcelos,CO_ORIENTADOR,NAO
2015,TRABALHO_DE_CONCLUSAO_DE_CURSO_GRADUACAO,Universidade Federal de Minas Gerais,Arquitetura e Urbanismo,Pedro Henrique Aguiar de Souza,CO_ORIENTADOR,NAO
2016,TRABALHO_DE_CONCLUSAO_DE_CURSO_GRADUACAO,Escola de Arquitetura da UFMG,Arquitetura e Urbanismo,Nicole Mara Vieira Dias dos Santos,CO_ORIENTADOR,NAO
2016,TRABALHO_DE_CONCLUSAO_DE_CURSO_GRADUACAO,Escola de Arquitetura da UFMG,Arquitetura e Urbanismo,Branca Peixoto Vasconcelos,CO_ORIENTADOR,NAO
2017,TRABALHO_DE_CONCLUSAO_DE_CURSO_GRADUACAO,Escola de Arquitetura da UFMG,Arquitetura e Urbanismo,Rayssa Scalabrino de Oliveira,CO_ORIENTADOR,NAO
2017,TRABALHO_DE_CONCLUSAO_DE_CURSO_GRADUACAO,Escola de Arquitetura da UFMG,Arquitetura e Urbanismo,Ricardo Destro Junior,CO_ORIENTADOR,NAO
2017,TRABALHO_DE_CONCLUSAO_DE_CURSO_GRADUACAO,Escola de Arquitetura da UFMG,Arquitetura e Urbanismo,Renata Fraga Ribeiro,CO_ORIENTADOR,NAO
2017,INICIACAO_CIENTIFICA,Escola de Arquitetura da UFMG,Arquitetura e Urbanismo,Branca Peixoto Vasconcelos,CO_ORIENTADOR,SIM
2017,INICIACAO_CIENTIFICA,Escola de Arquitetura da UFMG,Arquitetura e Urbanismo,Rayssa Scalabrino de Oliveira,CO_ORIENTADOR,SIM
2017,INICIACAO_CIENTIFICA,Escola de Arquitetura da UFMG,Arquitetura e Urbanismo,Rayssa Scalabrino de Oliveira,CO_ORIENTADOR,NAO
2017,TRABALHO_DE_CONCLUSAO_DE_CURSO_GRADUACAO,Escola de Arquitetura da UFMG,Arquitetura e Urbanismo,Aulus Jorge de Paula,CO_ORIENTADOR,NAO
2018,INICIACAO_CIENTIFICA,Universidade Federal de Minas Gerais,Arquitetura e Urbanismo,Laysla Silva Araujo Dias,CO_ORIENTADOR,SIM
2018,INICIACAO_CIENTIFICA,Universidade Federal de Minas Gerais,Artes Visuais - Gravura,Fernando Weslley de Souza Lima,CO_ORIENTADOR,SIM
2019,TRABALHO_DE_CONCLUSAO_DE_CURSO_GRADUACAO,Universidade Federal de Minas Gerais,Arquitetura e Urbanismo,Laysla Silva Araujo Dias,CO_ORIENTADOR,NAO
2018,TRABALHO_DE_CONCLUSAO_DE_CURSO_GRADUACAO,Universidade Federal de Minas Gerais,Arquitetura e Urbanismo,Ilana Lansky,CO_ORIENTADOR,NAO
2018,TRABALHO_DE_CONCLUSAO_DE_CURSO_GRADUACAO,Universidade Federal de Minas Gerais,Arquitetura e Urbanismo,Karen Lourenço,CO_ORIENTADOR,NAO
2018,INICIACAO_CIENTIFICA,Universidade Federal de Minas Gerais,Arquitetura e Urbanismo,Laysla Silva Araujo Dias,CO_ORIENTADOR,SIM
2018,INICIACAO_CIENTIFICA,Universidade Federal de Minas Gerais,Artes Visuais - Artes Gráficas,Fernando Weslley de Souza Lima,CO_ORIENTADOR,SIM
2019,TRABALHO_DE_CONCLUSAO_DE_CURSO_GRADUACAO,Escola de Arquitetura da UFMG,Arquitetura e Urbanismo,Vinicius Augusto Bicalho Moreira,CO_ORIENTADOR,NAO
2018,TRABALHO_DE_CONCLUSAO_DE_CURSO_GRADUACAO,Escola de Arquitetura da UFMG,Arquitetura e Urbanismo,Marina Amaro Gonçalves Costa,CO_ORIENTADOR,NAO
2019,INICIACAO_CIENTIFICA,Escola de Arquitetura da UFMG,Arquitetura e Urbanismo,Maria Julia Marques Rocha,CO_ORIENTADOR,SIM
2019,TRABALHO_DE_CONCLUSAO_DE_CURSO_GRADUACAO,Escola de Arquitetura da UFMG,Arquitetura e Urbanismo,Natália Dário Mendes Barros,CO_ORIENTADOR,NAO
2019,TRABALHO_DE_CONCLUSAO_DE_CURSO_GRADUACAO,Escola de Arquitetura da UFMG,Arquitetura e Urbanismo,Mayumi Mikemi Amaral,CO_ORIENTADOR,NAO
2019,TRABALHO_DE_CONCLUSAO_DE_CURSO_GRADUACAO,Escola de Arquitetura da UFMG,Arquitetura e Urbanismo,Samuel Godinho Batista Meira,CO_ORIENTADOR,NAO
2019,ORIENTACAO-DE-OUTRA-NATUREZA,Escola de Arquitetura da UFMG,Arquitetura e Urbanismo,Isabela Rocha Leão Magalhães,CO_ORIENTADOR,NAO
2019,ORIENTACAO-DE-OUTRA-NATUREZA,Escola de Arquitetura da UFMG,Arquitetura e Urbanismo,Victor Zannini Carneiro Fonseca,CO_ORIENTADOR,NAO
2020,TRABALHO_DE_CONCLUSAO_DE_CURSO_GRADUACAO,Escola de Arquitetura da UFMG,Arquitetura e Urbanismo,Luis Siqueira Dias,CO_ORIENTADOR,NAO
2020,TRABALHO_DE_CONCLUSAO_DE_CURSO_GRADUACAO,Escola de Arquitetura da UFMG,Arquitetura e Urbanismo,Paola Bonetto Ferrari,CO_ORIENTADOR,NAO
2019,TRABALHO_DE_CONCLUSAO_DE_CURSO_GRADUACAO,Escola de Arquitetura da UFMG,Arquitetura e Urbanismo,Marina Amaro Gonçalves Costa,CO_ORIENTADOR,NAO
2019,TRABALHO_DE_CONCLUSAO_DE_CURSO_GRADUACAO,Escola de Arquitetura da UFMG,Arquitetura e Urbanismo,Mariana Cristina Fernandes Pinto,CO_ORIENTADOR,NAO
2019,TRABALHO_DE_CONCLUSAO_DE_CURSO_GRADUACAO,Escola de Arquitetura da UFMG,Arquitetura e Urbanismo,Isabela de Moura Lopes,CO_ORIENTADOR,NAO
2020,TRABALHO_DE_CONCLUSAO_DE_CURSO_GRADUACAO,Escola de Arquitetura da UFMG,Arquitetura e Urbanismo,Mariana Cristina Fernandes Pinto,CO_ORIENTADOR,NAO
2016,TRABALHO_DE_CONCLUSAO_DE_CURSO_GRADUACAO,Escola de Arquitetura da UFMG,Arquitetura e Urbanismo,Nicole Mara Dias,CO_ORIENTADOR,NAO
