YEAR,NATURE,INSTITUTION,COURSE,STUDENT,TYPE,SPONSOR
2018,Dissertação de mestrado,Universidade Federal de Minas Gerais,Artes,Bárbara Andrade de Oliveira Alves,ORIENTADOR_PRINCIPAL,SIM
2019,Dissertação de mestrado,Universidade Federal de Minas Gerais,Artes,Patricia Vaz de Mello Lavall,ORIENTADOR_PRINCIPAL,SIM
2018,Dissertação de mestrado,Universidade Federal de Minas Gerais,Artes,Bruna Michels,ORIENTADOR_PRINCIPAL,NAO
2016,Tese de doutorado,Universidade Federal de Minas Gerais,História,Marina Furtado Gonçalves,CO_ORIENTADOR,SIM
2011,ORIENTACAO-DE-OUTRA-NATUREZA,Universidade Federal de Minas Gerais,Conservação-Restauração de Bens Culturais Móveis,Amanda Cristina Alves Cordeiro,CO_ORIENTADOR,NAO
2011,ORIENTACAO-DE-OUTRA-NATUREZA,Universidade Federal de Minas Gerais,Conservação-Restauração de Bens Culturais Móveis,Luciana D?Ávila Lage,CO_ORIENTADOR,NAO
2011,ORIENTACAO-DE-OUTRA-NATUREZA,Universidade Federal de Minas Gerais,Conservação-Restauração de Bens Culturais Móveis,Marina Furtado Gonçalves,CO_ORIENTADOR,NAO
2011,ORIENTACAO-DE-OUTRA-NATUREZA,Universidade Federal de Minas Gerais,Conservação-Restauração de Bens Culturais Móveis,Amanda Cristina Alves Cordeiro,CO_ORIENTADOR,NAO
2011,ORIENTACAO-DE-OUTRA-NATUREZA,Universidade Federal de Minas Gerais,Conservação-Restauração de Bens Culturais Móveis,Laura Guimarães do Rego Macedo,CO_ORIENTADOR,SIM
2011,ORIENTACAO-DE-OUTRA-NATUREZA,Universidade Federal de Minas Gerais,Conservação e Restauração de Bens Culturais Móveis,André Cabral Honor,CO_ORIENTADOR,SIM
2012,TRABALHO_DE_CONCLUSAO_DE_CURSO_GRADUACAO,Universidade Federal de Minas Gerais,Conservação-Restauração de Bens Culturais Móveis,Marina Furtado Gonçalves,CO_ORIENTADOR,NAO
2013,INICIACAO_CIENTIFICA,Universidade Federal de Minas Gerais,Conservação e Restauração de Bens Culturais Móveis,Aline Rabello Ferreira,CO_ORIENTADOR,SIM
2012,ORIENTACAO-DE-OUTRA-NATUREZA,Universidade Federal de Minas Gerais,Conservação e Restauração de Bens Culturais Móveis,Aline Rabello Ferreira,CO_ORIENTADOR,SIM
2014,INICIACAO_CIENTIFICA,Universidade Federal de Minas Gerais,História,Luiza Rabelo Parreira,CO_ORIENTADOR,SIM
2013,ORIENTACAO-DE-OUTRA-NATUREZA,Universidade Federal de Minas Gerais,Museologia,Gláucia Magda Alves Santos de Paula,CO_ORIENTADOR,NAO
2013,TRABALHO_DE_CONCLUSAO_DE_CURSO_GRADUACAO,Universidade Federal de Minas Gerais,Conservação e Restauração de Bens Culturais Móveis,Bruna Gabriela Ramos Dias,CO_ORIENTADOR,NAO
2013,TRABALHO_DE_CONCLUSAO_DE_CURSO_GRADUACAO,Universidade Federal de Minas Gerais,Conservação e Restauração de Bens Culturais Móveis,Hanna Fedra Carvalho de Andrade,CO_ORIENTADOR,NAO
2013,ORIENTACAO-DE-OUTRA-NATUREZA,Universidade Federal de Minas Gerais,Conservação e Restauração de Bens Culturais Móveis,Leandro Gonçalves de Rezende,CO_ORIENTADOR,SIM
2015,INICIACAO_CIENTIFICA,Universidade Federal de Minas Gerais,Conservação e Restauração de Bens Culturais Móveis,Rafaelle de Almeida Marques Brito,CO_ORIENTADOR,SIM
2016,INICIACAO_CIENTIFICA,Universidade Federal de Minas Gerais,Conservação e Restauração de Bens Culturais Móveis,Patrícia Vaz de Mello Lavall,CO_ORIENTADOR,SIM
2017,ORIENTACAO-DE-OUTRA-NATUREZA,Universidade Federal de Minas Gerais,Conservação e Restauração de Bens Culturais Móveis,Ana Clara de Assis Pullitti,CO_ORIENTADOR,NAO
2017,TRABALHO_DE_CONCLUSAO_DE_CURSO_GRADUACAO,Universidade Federal de Minas Gerais,Conservação e Restauração de Bens Culturais Móveis,Patrícia Vaz de Mello Lavall,CO_ORIENTADOR,NAO
2018,INICIACAO_CIENTIFICA,Universidade Federal de Minas Gerais,Conservação e Restauração de Bens Culturais Móveis,Ana Cristina Torres Campos,CO_ORIENTADOR,SIM
2018,INICIACAO_CIENTIFICA,Universidade Federal de Minas Gerais,Conservação e Restauração de Bens Culturais Móveis,Maycon Felipe da Silva Amaral,CO_ORIENTADOR,SIM
2019,TRABALHO_DE_CONCLUSAO_DE_CURSO_GRADUACAO,Universidade Federal de Minas Gerais,Conservação e Restauração de Bens Culturais Móveis,Ana Cristina Torres Campos,CO_ORIENTADOR,NAO
2020,TRABALHO_DE_CONCLUSAO_DE_CURSO_GRADUACAO,Universidade Federal de Minas Gerais,Conservação e Restauração de Bens Culturais Móveis,Larissa D'Arc de Faria,CO_ORIENTADOR,NAO
2019,TRABALHO_DE_CONCLUSAO_DE_CURSO_GRADUACAO,Universidade Federal de Minas Gerais,Conservação e Restauração de Bens Culturais Móveis,Diane Lopes de Almeida,CO_ORIENTADOR,NAO
2020,ORIENTACAO-DE-OUTRA-NATUREZA,Universidade Federal de Minas Gerais,Conservação e Restauração de Bens Culturais Móveis,ISABELA AZEVEDO FAGUNDES,CO_ORIENTADOR,SIM
2018,TRABALHO_DE_CONCLUSAO_DE_CURSO_GRADUACAO,Universidade Federal de Minas Gerais,Conservação e Restauração de Bens Culturais Móveis,Melissa Polichetti Ancona,CO_ORIENTADOR,NAO
