TITLE,YEAR,LANG,EDITORA,AUTHOR,ORDER,ORDER_OK
O testamento de Martim Afonso de Sousa e de Dona Ana Pimentel: aspectos históricos e simbólicos da materialidade do documento,2015,Bretão,Editora UFMG,"['Márcia Almada', 'Júnia Ferreira Furtado']","['1', '2']",['1']
"A produção, a circulação e o uso de manuscritos pintados na Era Moderna",2015,Português,Editora Clio,['Márcia Almada'],['1'],['1']
Calligraphy and royal symbls: an analyses of Portuguese and Brazilian painted manuscripts in the 18th century,2016,Inglês,Diaphanes,['Márcia Almada'],['1'],['1']
Os homens da boa pena e os manuscritos iluminados na Capitania  de Minas Gerais no século XVIII,2017,Português,University of Massachusetts,['Márcia Almada'],['1'],['1']
Cultura Material da escrita ou o texto como artefato,2018,Português,Paco Editorial,['Márcia Almada'],['1'],['1']
Recuperando História: um processo de doação de sesmarias,2000,Português,Fundação Casa de Rui Barbosa,"['Márcia Almada', 'Ricardo Henrique Garcia Santos', 'Valéria Miranda']","['1', '2', '3']",['1']
