YEAR,NATURE,INSTITUTION,COURSE,STUDENT,TYPE,SPONSOR
2021,Dissertação de mestrado,Universidade Federal de Uberlândia,Música,Daniel Sebastián Fajardo Martínez,ORIENTADOR_PRINCIPAL,SIM
2016,TRABALHO_DE_CONCLUSAO_DE_CURSO_GRADUACAO,Universidade Federal de Uberlândia,Música,Júlio César Monteiro da Silva,CO_ORIENTADOR,NAO
2015,ORIENTACAO-DE-OUTRA-NATUREZA,Universidade Federal de Uberlândia,Música - Saxofone,Helton Batista Fernandes,CO_ORIENTADOR,NAO
2015,TRABALHO_DE_CONCLUSAO_DE_CURSO_GRADUACAO,Universidade Federal de Uberlândia,Música,Luiz Fernando Rodovalho,CO_ORIENTADOR,NAO
2017,TRABALHO_DE_CONCLUSAO_DE_CURSO_GRADUACAO,Universidade Federal de Uberlândia,Música,Éder David Alves Fernandes,CO_ORIENTADOR,NAO
2017,TRABALHO_DE_CONCLUSAO_DE_CURSO_GRADUACAO,Universidade Federal de Uberlândia,Música,Isabella Amaral de Araújo,CO_ORIENTADOR,NAO
2018,TRABALHO_DE_CONCLUSAO_DE_CURSO_GRADUACAO,Universidade Federal de Uberlândia,Música - Saxofone,Uriel Moreira Pazini,CO_ORIENTADOR,NAO
2022,TRABALHO_DE_CONCLUSAO_DE_CURSO_GRADUACAO,Universidade Federal de Uberlândia,Música,João Pedro dos Santos Souza,CO_ORIENTADOR,NAO
2019,TRABALHO_DE_CONCLUSAO_DE_CURSO_GRADUACAO,Universidade Federal de Uberlândia,Música - Saxofone,Monamares Lúcio Copetti,CO_ORIENTADOR,NAO
2019,ORIENTACAO-DE-OUTRA-NATUREZA,Universidade Federal de Uberlândia,Música - Saxofone,Monamares Lúcio Copetti,CO_ORIENTADOR,NAO
2015,TRABALHO_DE_CONCLUSAO_DE_CURSO_GRADUACAO,Universidade Federal de Uberlândia,Música,Helton Batista Fernandes,CO_ORIENTADOR,NAO
