YEAR,NATURE,INSTITUTION,COURSE,STUDENT,TYPE,SPONSOR
2013,Dissertação de mestrado,Universidade Federal de São João Del-Rei,Teoria Literaria e Critica da Cultura,Talita Lara Carvalho Nassur,ORIENTADOR_PRINCIPAL,SIM
2014,Dissertação de mestrado,Universidade Federal de São João Del-Rei,Mestrado em Letras - Promel,Richardson Dutra da Costa Pego,ORIENTADOR_PRINCIPAL,SIM
2015,Dissertação de mestrado,Universidade Federal de São João Del-Rei,Mestrado em Letras - Promel,Jéssica França de Oliveira,ORIENTADOR_PRINCIPAL,SIM
2015,Dissertação de mestrado,Universidade Federal de São João Del-Rei,Mestrado em Letras - Promel,Hellen S. Bergo,ORIENTADOR_PRINCIPAL,SIM
2020,Dissertação de mestrado,Universidade Federal de São João Del-Rei,Programa de Pós-Graduação em Artes Cênicas-PPGAC,Diego José Domingos Pereira,ORIENTADOR_PRINCIPAL,SIM
2020,Dissertação de mestrado,Universidade Federal de São João Del-Rei,Programa de Pós-Graduação em Artes Cênicas-PPGAC,Erika Camila Pereira dos Santos,ORIENTADOR_PRINCIPAL,SIM
2019,Dissertação de mestrado,Universidade Federal de São João Del-Rei,"Pipaus Programa Pós Graduação em Artes, Urbanidade e sustentabilidade",Marcos Antonio Fernandes,CO_ORIENTADOR,NAO
2018,Dissertação de mestrado,Universidade Federal de São João Del-Rei,Artes Cênicas,Ana Paula Alab de Oliveira,ORIENTADOR_PRINCIPAL,NAO
2014,Dissertação de mestrado,Universidade Federal de São João Del-Rei,Teoria Literaria e Critica da Cultura,Camila Luiza Lelis,ORIENTADOR_PRINCIPAL,SIM
2021,Tese de doutorado,Universidade Federal da Bahia,Artes Cênicas,Elton Mendes Francelino,CO_ORIENTADOR,SIM
2005,INICIACAO_CIENTIFICA,Colégio Tiradentes da Polícia Militar de Minas Gerais,Ensino Médio,Wilen Gualberto Cardoso,CO_ORIENTADOR,SIM
2005,INICIACAO_CIENTIFICA,Colégio Tiradentes da Polícia Militar de Minas Gerais,Ensino Médio,Ramana de Mello Penha,CO_ORIENTADOR,SIM
2004,TRABALHO_DE_CONCLUSAO_DE_CURSO_GRADUACAO,Universidade Presidente Antônio Carlos,Comunicação Social,João Paulo Leroy,ORIENTADOR_PRINCIPAL,NAO
2004,TRABALHO_DE_CONCLUSAO_DE_CURSO_GRADUACAO,Universidade Presidente Antônio Carlos,Comunicação Social,Daniela Cristina Miranda,ORIENTADOR_PRINCIPAL,NAO
2004,TRABALHO_DE_CONCLUSAO_DE_CURSO_GRADUACAO,Universidade Presidente Antônio Carlos,Comunicação Social,Marcos Faria,ORIENTADOR_PRINCIPAL,NAO
2002,TRABALHO_DE_CONCLUSAO_DE_CURSO_GRADUACAO,Universidade Presidente Antônio Carlos,Pedagogia,Marcelo Ribeiro da Silva,ORIENTADOR_PRINCIPAL,NAO
2002,TRABALHO_DE_CONCLUSAO_DE_CURSO_GRADUACAO,Universidade Presidente Antônio Carlos,Pedagogia,Daniele dos Santos,ORIENTADOR_PRINCIPAL,NAO
2002,TRABALHO_DE_CONCLUSAO_DE_CURSO_GRADUACAO,Universidade Presidente Antônio Carlos,Pedagogia,Maria do Carmo do Nascimento,ORIENTADOR_PRINCIPAL,NAO
2002,TRABALHO_DE_CONCLUSAO_DE_CURSO_GRADUACAO,Universidade Presidente Antônio Carlos,Pedagogia,Eliane Medeiros Edon,ORIENTADOR_PRINCIPAL,NAO
2006,INICIACAO_CIENTIFICA,Universidade Presidente Antônio Carlos,Comunicação Social,Vanessa Moreira,CO_ORIENTADOR,NAO
2007,INICIACAO_CIENTIFICA,Universidade do Estado de Minas Gerais,Normal Superior,Daniela Gomes Duarte Matos Cerqueira,CO_ORIENTADOR,SIM
2007,INICIACAO_CIENTIFICA,Universidade do Estado de Minas Gerais,Ensino Médio,Cândida Amélia Marinho de Oliveira,CO_ORIENTADOR,SIM
2007,INICIACAO_CIENTIFICA,Universidade do Estado de Minas Gerais,Ensino Médio,Carlos Eduardo Duarte Alvim,CO_ORIENTADOR,SIM
2007,INICIACAO_CIENTIFICA,Universidade Presidente Antônio Carlos,Comunicação Social,Leila Bortolus,CO_ORIENTADOR,NAO
2008,INICIACAO_CIENTIFICA,Universidade do Estado de Minas Gerais,Ensino Médio,Cândida Amélia Marinho de Oliveira,CO_ORIENTADOR,SIM
2004,TRABALHO_DE_CONCLUSAO_DE_CURSO_GRADUACAO,Universidade Presidente Antônio Carlos,Comunicação Social,Lourenço Carlos da Silva,CO_ORIENTADOR,NAO
2005,TRABALHO_DE_CONCLUSAO_DE_CURSO_GRADUACAO,Universidade Presidente Antônio Carlos,Pedagogia,Cristina C. Madeira,CO_ORIENTADOR,NAO
2009,INICIACAO_CIENTIFICA,Universidade do Estado de Minas Gerais,Pedagogia,Swelen Diniz Ferreira,CO_ORIENTADOR,SIM
2009,INICIACAO_CIENTIFICA,Universidade do Estado de Minas Gerais,Pedagogia,Vânia Piedade do Carmo Haramoto,CO_ORIENTADOR,SIM
2009,TRABALHO_DE_CONCLUSAO_DE_CURSO_GRADUACAO,Universidade do Estado de Minas Gerais,Normal Superior,Renata Sandi do Nascimento,CO_ORIENTADOR,NAO
2009,TRABALHO_DE_CONCLUSAO_DE_CURSO_GRADUACAO,Universidade do Estado de Minas Gerais,Normal Superior,Natália de Melo Gonçalves,CO_ORIENTADOR,NAO
2010,INICIACAO_CIENTIFICA,Universidade do Estado de Minas Gerais,Normal Superior,Vânia Piedade do Carmo Haramoto,CO_ORIENTADOR,SIM
2010,INICIACAO_CIENTIFICA,Universidade do Estado de Minas Gerais,Normal Superior,Swelen Diniz Ferreira,CO_ORIENTADOR,SIM
2010,TRABALHO_DE_CONCLUSAO_DE_CURSO_GRADUACAO,Universidade do Estado de Minas Gerais,Pedagogia,Cláudia das dores César,CO_ORIENTADOR,NAO
2010,TRABALHO_DE_CONCLUSAO_DE_CURSO_GRADUACAO,Universidade do Estado de Minas Gerais,Pedagogia,Jovelina de Souza,CO_ORIENTADOR,NAO
2011,INICIACAO_CIENTIFICA,Universidade Federal de São João Del-Rei,Teatro,Nathalia Moreira de Oliveira,CO_ORIENTADOR,NAO
2011,INICIACAO_CIENTIFICA,Universidade Federal de São João Del-Rei,Teatro,Duglas da Silva Lauria,CO_ORIENTADOR,SIM
2011,INICIACAO_CIENTIFICA,Universidade Federal de São João Del-Rei,Teatro,Janaína Braga Trindade,CO_ORIENTADOR,SIM
2011,INICIACAO_CIENTIFICA,Universidade Federal de São João Del-Rei,Teatro,Guilherme Paiffer Pelodan,CO_ORIENTADOR,SIM
2012,ORIENTACAO-DE-OUTRA-NATUREZA,Universidade Federal de São João Del-Rei,Teatro,Erika Camila Pereira dos Santos,CO_ORIENTADOR,SIM
2012,ORIENTACAO-DE-OUTRA-NATUREZA,Universidade Federal de São João Del-Rei,Teatro,Ana Karla Tzortzato Almeida,CO_ORIENTADOR,SIM
2012,ORIENTACAO-DE-OUTRA-NATUREZA,Universidade Federal de São João Del-Rei,Teatro,Romiria Penha Turcheti Vasconcelos,CO_ORIENTADOR,SIM
2012,ORIENTACAO-DE-OUTRA-NATUREZA,Universidade Federal de São João del-Rei/PIBEX,Teatro,Antônio Marcos da Silva,CO_ORIENTADOR,SIM
2012,INICIACAO_CIENTIFICA,Universidade Federal de São João del-Rei/BIC-Júnior,Teatro,Gustavo Guimarães,CO_ORIENTADOR,SIM
2012,INICIACAO_CIENTIFICA,Universidade Federal de São João del-Rei/BIC-Júnior,Teatro,Arthur Rodrigues,CO_ORIENTADOR,SIM
2012,ORIENTACAO-DE-OUTRA-NATUREZA,Universidade Federal de São João Del-Rei,Arquitetura e Urbanismo,Jordana Lejoto,CO_ORIENTADOR,SIM
2012,INICIACAO_CIENTIFICA,Universidade Federal de São João Del-Rei,Teatro,Douglas Silva Lauria,CO_ORIENTADOR,SIM
2012,INICIACAO_CIENTIFICA,Universidade Federal de São João Del-Rei,Teatro,Janaina Braga Trindade,CO_ORIENTADOR,SIM
2013,INICIACAO_CIENTIFICA,Universidade Federal de São João Del-Rei,Teatro,Erika Camila Pereira dos Santos,CO_ORIENTADOR,SIM
2014,ORIENTACAO-DE-OUTRA-NATUREZA,Universidade Federal de São João del-Rei/PIBEX,Teatro,Douglas Silva Lauria,CO_ORIENTADOR,SIM
2014,ORIENTACAO-DE-OUTRA-NATUREZA,Universidade Federal de São João del-Rei/PIBEX,Teatro,Romíria Penha Turcheti Vasconcelos,CO_ORIENTADOR,SIM
2013,TRABALHO_DE_CONCLUSAO_DE_CURSO_GRADUACAO,Universidade Federal de São João Del-Rei,Teatro,Antonio Roberto de Oliveira,CO_ORIENTADOR,SIM
2014,TRABALHO_DE_CONCLUSAO_DE_CURSO_GRADUACAO,Universidade Federal de São João Del-Rei,Teatro,Cristina Aparecida de Barros,CO_ORIENTADOR,SIM
2013,TRABALHO_DE_CONCLUSAO_DE_CURSO_GRADUACAO,Universidade Federal de São João Del-Rei,Teatro,Ana Karla Tzortzato Almeida,CO_ORIENTADOR,SIM
2013,TRABALHO_DE_CONCLUSAO_DE_CURSO_GRADUACAO,Universidade Federal de São João Del-Rei,Teatro,Plínio Pereira de Rezende,CO_ORIENTADOR,NAO
2013,INICIACAO_CIENTIFICA,Universidade Federal de São João Del-Rei,Teatro,Antônio Marcos da Silva,CO_ORIENTADOR,SIM
2014,INICIACAO_CIENTIFICA,Universidade Federal de São João del-Rei / PIBIC Júnior,Teatro,Thaynara Abreu,CO_ORIENTADOR,SIM
2014,INICIACAO_CIENTIFICA,Universidade Federal de São João Del-Rei,Teatro,Janaina Braga Trindade,CO_ORIENTADOR,SIM
2014,ORIENTACAO-DE-OUTRA-NATUREZA,Universidade Federal de São João del-Rei/PIBEX,Teatro,FLAVIO GIOVANNI NOGUEIRA,CO_ORIENTADOR,SIM
2014,ORIENTACAO-DE-OUTRA-NATUREZA,Universidade Federal de São João del-Rei/PIBEX,Teatro,TIAGO DE ALENCAR BRANCO,CO_ORIENTADOR,SIM
2014,ORIENTACAO-DE-OUTRA-NATUREZA,Universidade Federal de São João del-Rei/PIBEX,Teatro,FELIPE SOUZA TRINDADE,CO_ORIENTADOR,SIM
2014,TRABALHO_DE_CONCLUSAO_DE_CURSO_GRADUACAO,Universidade Federal de São João Del-Rei,Teatro,Erika Camila Pereira dos Santos,CO_ORIENTADOR,NAO
2015,INICIACAO_CIENTIFICA,Universidade Federal de São João Del-Rei,Artes Aplicadas,Bey Trindade,CO_ORIENTADOR,SIM
2015,INICIACAO_CIENTIFICA,E.E. Governador Milton Campos,Ensino Médio - Educação Básica,Amanda Victória Silva,CO_ORIENTADOR,SIM
2015,ORIENTACAO-DE-OUTRA-NATUREZA,Universidade Federal de São João del-Rei/Monitoria,Teatro,Janaína Braga Trindade,CO_ORIENTADOR,SIM
2015,TRABALHO_DE_CONCLUSAO_DE_CURSO_GRADUACAO,Universidade Federal de São João Del-Rei,Teatro,Douglas Silva Lauria,CO_ORIENTADOR,NAO
2015,TRABALHO_DE_CONCLUSAO_DE_CURSO_GRADUACAO,Universidade Federal de São João Del-Rei,Teatro,Erika Camila Pereira dos Santos,CO_ORIENTADOR,NAO
2015,TRABALHO_DE_CONCLUSAO_DE_CURSO_GRADUACAO,Universidade Federal de São João Del-Rei,Teatro,Romíria Penha Turcheti Vasconcelos,CO_ORIENTADOR,NAO
2016,INICIACAO_CIENTIFICA,Universidade Federal de São João Del-Rei,Teatro,Matheus Correa dos Santos,CO_ORIENTADOR,SIM
2017,ORIENTACAO-DE-OUTRA-NATUREZA,Universidade Federal de São João del-Rei/PIBEX,Teatro,Rayla Dias,CO_ORIENTADOR,SIM
2017,ORIENTACAO-DE-OUTRA-NATUREZA,Universidade Federal de São João del-Rei/PIBEX,Teatro,Carolina Mandela,CO_ORIENTADOR,SIM
2017,TRABALHO_DE_CONCLUSAO_DE_CURSO_GRADUACAO,Universidade Federal de São João Del-Rei,Teatro,Taís Caroline de Sousa,CO_ORIENTADOR,NAO
2017,TRABALHO_DE_CONCLUSAO_DE_CURSO_GRADUACAO,Universidade Federal de São João Del-Rei,Teatro,Eliana Márcia Silva,CO_ORIENTADOR,NAO
2017,INICIACAO_CIENTIFICA,Universidade Federal de São João Del-Rei,,Rayla Dias,CO_ORIENTADOR,SIM
2017,INICIACAO_CIENTIFICA,Universidade Federal de São João Del-Rei,Teatro,Isabela Francisconi,CO_ORIENTADOR,SIM
2018,INICIACAO_CIENTIFICA,Universidade Federal de São João Del-Rei,Arquitetura e Urbanismo,Giovanna Mariano Rodrigues da Silva,CO_ORIENTADOR,SIM
2018,INICIACAO_CIENTIFICA,Universidade Federal de São João Del-Rei,Teatro,Ana Marina Nascimento,CO_ORIENTADOR,SIM
2018,ORIENTACAO-DE-OUTRA-NATUREZA,Universidade Federal de São João del-Rei/PIBEX,Teatro,Winnie Giarola Minucci Guimarães,CO_ORIENTADOR,SIM
2018,ORIENTACAO-DE-OUTRA-NATUREZA,Universidade Federal de São João del-Rei/PIBEX,Teatro,Laura de Paula Resende,CO_ORIENTADOR,SIM
2018,INICIACAO_CIENTIFICA,Universidade Federal de São João Del-Rei,Teatro,Rayla Dias,CO_ORIENTADOR,SIM
2018,INICIACAO_CIENTIFICA,Universidade Federal de São João Del-Rei,Teatro,Mayra Fernanda Pocho de Oliveira,CO_ORIENTADOR,SIM
2019,ORIENTACAO-DE-OUTRA-NATUREZA,Universidade Federal de São João del-Rei/ PIBID,Licenciatura em Teatro,Samantha Moreira Magalhâes,CO_ORIENTADOR,SIM
2019,ORIENTACAO-DE-OUTRA-NATUREZA,Universidade Federal de São João Del-Rei,Teatro,Bruno de Paula Silva,CO_ORIENTADOR,SIM
2019,ORIENTACAO-DE-OUTRA-NATUREZA,Universidade Federal de São João Del-Rei,Teatro,Pedro Henrique Moura Costa,CO_ORIENTADOR,SIM
2019,ORIENTACAO-DE-OUTRA-NATUREZA,Universidade Federal de São João Del-Rei,Teatro,Ana Paula Milagres Tostes,CO_ORIENTADOR,SIM
2019,ORIENTACAO-DE-OUTRA-NATUREZA,Universidade Federal de São João Del-Rei,Teatro,Raíssa Aparecida Garcia,CO_ORIENTADOR,SIM
2019,ORIENTACAO-DE-OUTRA-NATUREZA,Universidade Federal de São João Del-Rei,Teatro,Felipe Santiago Cáceres Moreira,CO_ORIENTADOR,SIM
2019,ORIENTACAO-DE-OUTRA-NATUREZA,Universidade Federal de São João Del-Rei,Teatro,Sabrine Maria Godinho Dias,CO_ORIENTADOR,SIM
2019,ORIENTACAO-DE-OUTRA-NATUREZA,Universidade Federal de São João Del-Rei,Teatro,Isadora Ferreira Lima Bevilaqua,CO_ORIENTADOR,SIM
2019,ORIENTACAO-DE-OUTRA-NATUREZA,Universidade Federal de São João Del-Rei,Teatro,Victor Henrique Alves Rodrigues,CO_ORIENTADOR,SIM
2019,ORIENTACAO-DE-OUTRA-NATUREZA,Universidade Federal de São João Del-Rei,Teatro,Leonardo Lopes Granha,CO_ORIENTADOR,SIM
2019,ORIENTACAO-DE-OUTRA-NATUREZA,Universidade Federal de São João Del-Rei,Teatro,Valéria Pereira Freitas,CO_ORIENTADOR,SIM
2018,ORIENTACAO-DE-OUTRA-NATUREZA,Universidade Federal de São João Del-Rei,Teatro,Marcelo Henrique Santos dos Reis,CO_ORIENTADOR,SIM
2019,TRABALHO_DE_CONCLUSAO_DE_CURSO_GRADUACAO,Universidade Federal de São João Del-Rei,Teatro,Rayla Dias,CO_ORIENTADOR,NAO
2019,TRABALHO_DE_CONCLUSAO_DE_CURSO_GRADUACAO,Universidade Federal de São João Del-Rei,Teatro,Kauê Antonio da Silva Rocha,CO_ORIENTADOR,NAO
2019,INICIACAO_CIENTIFICA,Universidade Federal de São João Del-Rei,Teatro,Rayla Dias,CO_ORIENTADOR,SIM
2019,INICIACAO_CIENTIFICA,Universidade Federal de São João Del-Rei,Teatro,Natalia Criatina Rocha Mendonça,CO_ORIENTADOR,SIM
2019,INICIACAO_CIENTIFICA,Universidade Federal de São João Del-Rei,Teatro,Natalia Criatina Rocha Mendonça,CO_ORIENTADOR,SIM
2020,INICIACAO_CIENTIFICA,Universidade Federal de São João Del-Rei,Teatro,Sofia Santos Costa de Figueiredo,CO_ORIENTADOR,SIM
2014,TRABALHO_DE_CONCLUSAO_DE_CURSO_GRADUACAO,Universidade Federal de São João Del-Rei,Teatro,Eliana Márcia Silva,CO_ORIENTADOR,NAO
