YEAR,NATURE,INSTITUTION,COURSE,STUDENT,TYPE,SPONSOR
2018,Dissertação de mestrado,Universidade Federal de Minas Gerais,Música,Marcus Vinícius Teixeira Ottoni,ORIENTADOR_PRINCIPAL,NAO
2021,Dissertação de mestrado,Universidade Federal de Minas Gerais,Música,Karen Luane Nascimento,ORIENTADOR_PRINCIPAL,NAO
2019,Dissertação de mestrado,Universidade Federal de Minas Gerais,Música,Valéria Leite Braga,ORIENTADOR_PRINCIPAL,NAO
1994,ORIENTACAO-DE-OUTRA-NATUREZA,Universidade Federal de Minas Gerais,,Vera Lúcia Nogueira Pereira,ORIENTADOR_PRINCIPAL,NAO
2000,ORIENTACAO-DE-OUTRA-NATUREZA,Universidade Federal de Minas Gerais,Música,Cláudia Nicodemo,CO_ORIENTADOR,SIM
2000,ORIENTACAO-DE-OUTRA-NATUREZA,Universidade Federal de Minas Gerais,Música,João Barreto,CO_ORIENTADOR,SIM
2004,MONOGRAFIA_DE_CONCLUSAO_DE_CURSO_APERFEICOAMENTO_E_ESPECIALIZACAO,Universidade Federal de Minas Gerais,Especialização em Educação Musical,Jusley Anecy Baldovinotti,CO_ORIENTADOR,NAO
2008,MONOGRAFIA_DE_CONCLUSAO_DE_CURSO_APERFEICOAMENTO_E_ESPECIALIZACAO,Escola de Música da UFMG,Especialização em Educação Musical,Ana Cristina Teixeira,CO_ORIENTADOR,NAO
2009,MONOGRAFIA_DE_CONCLUSAO_DE_CURSO_APERFEICOAMENTO_E_ESPECIALIZACAO,Escola de Música da UFMG,Especialização em Educação Musical,André de Barros Ferreira,CO_ORIENTADOR,NAO
2009,MONOGRAFIA_DE_CONCLUSAO_DE_CURSO_APERFEICOAMENTO_E_ESPECIALIZACAO,Escola de Música da UFMG,Especialização em Educação Musical,Renata Soares Cassini,CO_ORIENTADOR,NAO
2006,MONOGRAFIA_DE_CONCLUSAO_DE_CURSO_APERFEICOAMENTO_E_ESPECIALIZACAO,Escola de Música da UFMG,Especialização em Educação Musical,Carolina Rezende Fernandes,CO_ORIENTADOR,NAO
2009,MONOGRAFIA_DE_CONCLUSAO_DE_CURSO_APERFEICOAMENTO_E_ESPECIALIZACAO,Escola de Música da UFMG,Especialização em Educação Musical,Elisângela D?Assumpção,CO_ORIENTADOR,NAO
2009,ORIENTACAO-DE-OUTRA-NATUREZA,Escola de Música da UFMG,Licenciatura em Música,Thaís Rodrigues Fernandes Santos,CO_ORIENTADOR,SIM
2009,ORIENTACAO-DE-OUTRA-NATUREZA,Escola de Música da UFMG,Licenciatura em Música,Deborah Mussulini,CO_ORIENTADOR,NAO
2009,ORIENTACAO-DE-OUTRA-NATUREZA,Escola de Música da UFMG,Licenciatura em Música,Vários,CO_ORIENTADOR,NAO
2010,ORIENTACAO-DE-OUTRA-NATUREZA,Centro de Musicalização da UFMG,,Orientação coletiva,CO_ORIENTADOR,SIM
2009,ORIENTACAO-DE-OUTRA-NATUREZA,Centro de Musicalização da UFMG,Musicalização Infantil,Vários bolsistas,CO_ORIENTADOR,SIM
1995,ORIENTACAO-DE-OUTRA-NATUREZA,Escola de Música da UFMG,Licenciatura em Música,Helena Leite Mauro,CO_ORIENTADOR,NAO
2006,ORIENTACAO-DE-OUTRA-NATUREZA,Escola de Música da UFMG,,Vários,CO_ORIENTADOR,SIM
1995,ORIENTACAO-DE-OUTRA-NATUREZA,Escola de Música da UFMG,Licenciatura em Música,Vera Lúcia Nogueira Pereira,CO_ORIENTADOR,NAO
2006,ORIENTACAO-DE-OUTRA-NATUREZA,Escola de Música da UFMG,Licenciatura em Música,Rosa Maria Ribeiro,CO_ORIENTADOR,NAO
2010,TRABALHO_DE_CONCLUSAO_DE_CURSO_GRADUACAO,Escola de Música da UFMG,Licenciatura em Música,Ana Paula Taglianetti,CO_ORIENTADOR,NAO
2010,ORIENTACAO-DE-OUTRA-NATUREZA,Universidade Federal de Minas Gerais,Música -Licenciatura,Orientação coletiva,CO_ORIENTADOR,NAO
2011,MONOGRAFIA_DE_CONCLUSAO_DE_CURSO_APERFEICOAMENTO_E_ESPECIALIZACAO,Universidade Federal de Minas Gerais,Especialização em Educação Musical,Camila de Queiroz,CO_ORIENTADOR,NAO
2011,MONOGRAFIA_DE_CONCLUSAO_DE_CURSO_APERFEICOAMENTO_E_ESPECIALIZACAO,Universidade Federal de Minas Gerais,Especialização em Educação Musical,Marcilene Meneghin Hallak,CO_ORIENTADOR,NAO
2011,MONOGRAFIA_DE_CONCLUSAO_DE_CURSO_APERFEICOAMENTO_E_ESPECIALIZACAO,Universidade Federal de Minas Gerais,Especialização em Educação Musical,Daniela Luciana Pereira Soares,CO_ORIENTADOR,NAO
2011,ORIENTACAO-DE-OUTRA-NATUREZA,Universidade Federal de Minas Gerais,Música -Licenciatura,"Flávio Cravo,Otávio Carvalho,Altemar Fonseca,Henrique Lemos",CO_ORIENTADOR,NAO
2014,TRABALHO_DE_CONCLUSAO_DE_CURSO_GRADUACAO,Universidade Federal de Minas Gerais,Música -Licenciatura,Henrique Eufrásio de Lemos e Nayara Roberta Ferreira Paiva,CO_ORIENTADOR,NAO
2014,TRABALHO_DE_CONCLUSAO_DE_CURSO_GRADUACAO,Escola de Música da UFMG,Licenciatura em Música,Tamires Sathler Cordeiro,CO_ORIENTADOR,NAO
2015,TRABALHO_DE_CONCLUSAO_DE_CURSO_GRADUACAO,Escola de Música da UFMG,Licenciatura em Música,Daniel Gomes Santos,CO_ORIENTADOR,NAO
2016,TRABALHO_DE_CONCLUSAO_DE_CURSO_GRADUACAO,Escola de Música da UFMG,Licenciatura em Música,Cláudio Erquilau Braz,CO_ORIENTADOR,NAO
2017,TRABALHO_DE_CONCLUSAO_DE_CURSO_GRADUACAO,Universidade Federal de Minas Gerais,Música -Licenciatura,Clítia Rodrigues da Silva,CO_ORIENTADOR,NAO
2017,TRABALHO_DE_CONCLUSAO_DE_CURSO_GRADUACAO,Universidade Federal de Minas Gerais,Música -Licenciatura,Christopher Eustáquio Eleto,CO_ORIENTADOR,NAO
2017,TRABALHO_DE_CONCLUSAO_DE_CURSO_GRADUACAO,Escola de Música da UFMG,Licenciatura em Música,Douglas Aparecido Domingos,CO_ORIENTADOR,NAO
2017,TRABALHO_DE_CONCLUSAO_DE_CURSO_GRADUACAO,Escola de Música da UFMG,Licenciatura em Música,Jean Carlos Macedo Pedroza,CO_ORIENTADOR,NAO
2018,ORIENTACAO-DE-OUTRA-NATUREZA,Universidade Federal de Minas Gerais,Abi - Música,Orientação coletiva,CO_ORIENTADOR,NAO
2017,ORIENTACAO-DE-OUTRA-NATUREZA,Universidade Federal de Minas Gerais,Abi - Música,Orientação coletiva,CO_ORIENTADOR,NAO
2018,TRABALHO_DE_CONCLUSAO_DE_CURSO_GRADUACAO,Escola de Música da UFMG,Licenciatura em Música,Brennda Freitas Sales,CO_ORIENTADOR,NAO
2018,TRABALHO_DE_CONCLUSAO_DE_CURSO_GRADUACAO,Escola de Música da UFMG,Licenciatura em Música,Raphaela Aparecida Severino Lopes,CO_ORIENTADOR,NAO
2017,ORIENTACAO-DE-OUTRA-NATUREZA,Escola de Música da UFMG,Licenciatura em Música,Franciele Machado,CO_ORIENTADOR,SIM
2018,TRABALHO_DE_CONCLUSAO_DE_CURSO_GRADUACAO,Escola de Música da UFMG,Licenciatura em Música,Thiago Gazzinelli Haddad Antônio,CO_ORIENTADOR,NAO
2018,TRABALHO_DE_CONCLUSAO_DE_CURSO_GRADUACAO,Escola de Música da UFMG,Licenciatura em Música,Adriane Lins de Oliveira; Herbert do Nascimento Clarindo,CO_ORIENTADOR,NAO
2020,TRABALHO_DE_CONCLUSAO_DE_CURSO_GRADUACAO,Escola de Música da UFMG,Licenciatura em Música,Wladmyr Bubgniak,CO_ORIENTADOR,NAO
2021,TRABALHO_DE_CONCLUSAO_DE_CURSO_GRADUACAO,Escola de Música da UFMG,Licenciatura em Música,Rogério de Sena Silva Júnior,CO_ORIENTADOR,NAO
2018,ORIENTACAO-DE-OUTRA-NATUREZA,Universidade Federal de Minas Gerais,Abi - Música,Orientação coletiva,CO_ORIENTADOR,SIM
2022,TRABALHO_DE_CONCLUSAO_DE_CURSO_GRADUACAO,Escola de Belas Artes da UFMG,Licenciatura em Teatro,Nayara Cristina Cassiano de Oliveira Torres,CO_ORIENTADOR,NAO
2020,ORIENTACAO-DE-OUTRA-NATUREZA,Universidade Federal de Minas Gerais,Abi - Música,Orientação coletiva/Bolsistas PIBID,CO_ORIENTADOR,NAO
