INSTITUTION,YEAR_INI,YEAR_FIN,MONTH_INI,MONTH_FIN,COURSE,TYPE,DISC
secretaria de Educação do Município de Franca,2001,05,05,05,,ENSINO-MEDIO,"['Geografia', 'História']"
secretaria de Educação do Município de Franca,2001,08,08,08,,OUTRO,['Polivalente - Educação Infantil']
Secretaria de Educação do Estado de São Paulo,2001,01,01,01,,ENSINO-FUNDAMENTAL,['Ciências Humanas']
secretaria de Educação do Município de Franca,2001,05,05,05,,ENSINO-FUNDAMENTAL,"['Geografia', 'História']"
secretaria de Educação do Município de Franca,2002,05,05,05,,ENSINO-FUNDAMENTAL,['Polivalente - Ensino Fundamental I (1ª a 4ª série)']
Universidade Estadual Paulista &amp;quot;Júlio de Mesquita Filho&amp;quot;,2002,11,11,11,Pedagogia Cidadã,GRADUACAO,['Polivalente']
Universidade Estadual Paulista - Fundação para o Desenvolvimento da UNESP,2002,11,11,11,Pedagogia,GRADUACAO,['Polivalente']
Universidade Federal de Uberlândia,2004,07,07,07,Graduação em Matemática - Licenciatura,GRADUACAO,['Estrutura e Funcionamento do Ensino Fundamental e Médio']
Universidade Federal de Uberlândia,2004,02,02,02,Graduação em Psicologia - Licenciatura,GRADUACAO,['Estrutura e Funcionamento do Ensino Fundamental e Médio']
Universidade Federal de Uberlândia,2004,02,02,02,Ciências Biológicas - Licenciatura,GRADUACAO,['Estrutura e Funcionamento do Ensino Fundamental e Médio']
Secretaria de Educação do Estado de São Paulo,2005,,ATUAL,ATUAL,,ENSINO-FUNDAMENTAL,['História']
Universidade Federal de Uberlândia,2005,10,10,10,Licenciatura Plena em Artes Plásticas,GRADUACAO,['Estrutura e Funcionamento do Ensino Fundamental e Médio (PED90)']
Universidade Federal de Uberlândia,2005,07,07,07,Licenciatura Plena em Geografia,GRADUACAO,['Estrutura e Funcionamento do Ensino Fundamental e Médio (PED90)']
Universidade Federal de Uberlândia,2005,04,04,04,Licenciatura Plena em Filosofia,GRADUACAO,['Estrutura e Funcionamento do Ensino Fundamental e Médio (PED90)']
Universidade Federal de Uberlândia,2005,10,10,10,Licenciatura Plena em Educação Física,GRADUACAO,['Estrutura e Funcionamento do Ensino Fundamental e Médio (PED90)']
Faculdade Católica de Uberlândia,2006,12,12,12,História e Cultura Afro-brasileira,ESPECIALIZACAO,['O Movimento Hip Hop como Possibilidade Pedagógica']
Universidade Federal de Uberlândia,2006,10,10,10,Licenciatura e Bacharelado em Pedagogia,GRADUACAO,['Currículos e Programas']
Universidade Federal de Uberlândia,2006,10,10,10,Licenciatura e Bacharelado em Pedagogia,GRADUACAO,['Racismo e Educação: desafios para a formação docente (OPTATIVA)']
Universidade Federal de Uberlândia,2006,12,12,12,EDUCAÇÃO PARA AS RELAÇÕES ÉTNICO-RACIAIS,APERFEICOAMENTO,"['História e Cultura da África e Afro-brasileira', 'Políticas Públicas de Combate ao Racismo', 'Programa de Formação Continuada de Professores da Educação Básica: Gênero, Raça e Etnia']"
Universidade Federal dos Vales do Jequitinhonha e Mucuri - Campus JK,2007,12,12,12,Ciências Econômicas,GRADUACAO,"['História do Pensamento Econômico', 'História Econômica e Geral']"
Universidade Federal dos Vales do Jequitinhonha e Mucuri - Campus JK,2007,,ATUAL,ATUAL,Ciências Econômicas,GRADUACAO,['História Econômica e Geral I']
Universidade Federal dos Vales do Jequitinhonha e Mucuri - Campus JK,2008,12,12,12,Administração de Empresas,GRADUACAO,['Metodologia Ciêntífica']
Universidade Federal dos Vales do Jequitinhonha e Mucuri - Campus JK,2008,12,12,12,Ciências Contabeis,GRADUACAO,['Metodologia Ciêntífica']
Universidade Federal dos Vales do Jequitinhonha e Mucuri - Campus JK,2008,,ATUAL,ATUAL,Ciências Econômicas,GRADUACAO,['História Econômica e Geral II']
Universidade Federal dos Vales do Jequitinhonha e Mucuri - Campus JK,2011,,ATUAL,ATUAL,Ciências Econômicas,GRADUACAO,['HISTÓRIA ECONÔMICA E GERAL DA ÁFRICA']
Universidade Federal dos Vales do Jequitinhonha e Mucuri - Campus JK,2011,,ATUAL,ATUAL,Ciências Econômicas,GRADUACAO,['TRABALHO DE CONCLUSÃO DE CURSO - TCC II']
Universidade Federal de Uberlândia,2015,12,12,12,Matemática - Licenciatura Ou Bacharelado,GRADUACAO,['Política e Gestão da Educação e Projeto Integrado de Práticas Pedagógicas - PIPE']
Universidade Federal de Uberlândia,2015,12,12,12,Enfermagem - Licenciatura Ou Bacharelado,GRADUACAO,['Política e Gestão da Educação']
Universidade Federal de Uberlândia,2015,12,12,12,Letras,GRADUACAO,['Política e Gestão da Educação']
Universidade Federal de Uberlândia,2016,07,07,07,Ciências Biológicas - Licenciatura,GRADUACAO,['Política e Organização da Educação']
Universidade Federal de Uberlândia,2016,07,07,07,Música,GRADUACAO,['Política e Gestão da Educação']
Universidade Federal de Uberlândia,2016,03,03,03,Pedagogia,GRADUACAO,['Racismo e Educação: desafios para a formação docente']
Universidade Federal de Uberlândia,2016,03,03,03,Abi - Música,GRADUACAO,['Política e Gestão da Educação - PGE']
Universidade Federal de Uberlândia,2016,03,03,03,Ciências Biológicas - Licenciatura Ou Bacharelado,GRADUACAO,['Política e Gestão da Educação - PGE']
Universidade Federal de Uberlândia,2017,,ATUAL,ATUAL,Artes,POS-GRADUACAO,['Professor Colaborador no Programa de Mestrado Profissional em Artes - PROFARTES']
Universidade Federal de Uberlândia,2017,08,08,08,Pedagogia,GRADUACAO,['Racismo e Educação: desafios para a formação docente']
Universidade Federal de Uberlândia,2017,08,08,08,História - Licenciatura Ou Bacharelado,GRADUACAO,['Política e Gestão da Educação - PGE (Noturno)']
Universidade Federal de Uberlândia,2017,,ATUAL,ATUAL,Pedagogia,GRADUACAO,['Curriculos e Culturas Escolares']
Universidade Federal de Uberlândia,2017,,ATUAL,ATUAL,MESTRADO PROFISSIONAL EM ARTES - PROF-ARTES,POS-GRADUACAO,['Educação para as Relações Etnico-raciais']
Universidade Federal de Uberlândia,2017,08,08,08,História,GRADUACAO,['Política e Gestão da Educação - PGE (Mautino)']
