YEAR,NATURE,INSTITUTION,COURSE,STUDENT,TYPE,SPONSOR
2005,ORIENTACAO-DE-OUTRA-NATUREZA,Universidade Federal de Uberlândia,Licenciatura e Bacharelado em Pedagogia,Poliane Batista Silva,CO_ORIENTADOR,SIM
2005,ORIENTACAO-DE-OUTRA-NATUREZA,Universidade Federal de Uberlândia,Licenciatura Plena em Letras,Alexandre Fonseca Santos,CO_ORIENTADOR,SIM
2005,ORIENTACAO-DE-OUTRA-NATUREZA,Universidade Federal de Uberlândia,Licenciatura e Bacharelado em Pedagogia,Claudia da Silva Cunha,CO_ORIENTADOR,NAO
2006,ORIENTACAO-DE-OUTRA-NATUREZA,Universidade Federal de Uberlândia,Licenciatura Plena em Ciências Sociais,Daniel Antônio Coelho Silva,CO_ORIENTADOR,SIM
2006,ORIENTACAO-DE-OUTRA-NATUREZA,Universidade Federal de Uberlândia,Licenciatura e Bacharelado em Pedagogia,Kelly Cristina Caetano Silva,CO_ORIENTADOR,NAO
2007,INICIACAO_CIENTIFICA,Universidade Federal dos Vales do Jequitinhonha e Mucuri - Campus JK,Serviço Social,Luciana Nunes Rosa,CO_ORIENTADOR,SIM
2007,INICIACAO_CIENTIFICA,Universidade Federal dos Vales do Jequitinhonha e Mucuri - Campus JK,Serviço Social,Lindonete de Fátima Oliveira,CO_ORIENTADOR,NAO
2008,INICIACAO_CIENTIFICA,Universidade Federal dos Vales do Jequitinhonha e Mucuri - Campus JK,Ensino Médio,Maycon Matos Santos,CO_ORIENTADOR,SIM
2008,INICIACAO_CIENTIFICA,Universidade Federal dos Vales do Jequitinhonha e Mucuri - Campus JK,Ensino Médio,Nildiane Soares Sena,CO_ORIENTADOR,SIM
2007,INICIACAO_CIENTIFICA,Universidade Federal dos Vales do Jequitinhonha e Mucuri - Campus JK,Serviço Social,Sander Batista Ferreira,CO_ORIENTADOR,NAO
2007,INICIACAO_CIENTIFICA,Universidade Federal dos Vales do Jequitinhonha e Mucuri - Campus JK,Serviço Social,Freia de Aguiar Rodrigues da Silva,CO_ORIENTADOR,NAO
2007,INICIACAO_CIENTIFICA,Universidade Federal dos Vales do Jequitinhonha e Mucuri - Campus JK,Serviço Social,Patrícia Ferreira Primo,CO_ORIENTADOR,NAO
2007,INICIACAO_CIENTIFICA,Universidade Federal dos Vales do Jequitinhonha e Mucuri - Campus JK,Serviço Social,Ana Cláudia Cordeiro Maciel,CO_ORIENTADOR,NAO
2007,INICIACAO_CIENTIFICA,Universidade Federal dos Vales do Jequitinhonha e Mucuri - Campus JK,Serviço Social,Suelem Barreiros de Macedo,CO_ORIENTADOR,NAO
2008,INICIACAO_CIENTIFICA,Universidade Federal dos Vales do Jequitinhonha e Mucuri - Campus JK,Serviço Social,Suellen Barreiros de Macedo,CO_ORIENTADOR,NAO
2007,INICIACAO_CIENTIFICA,Universidade Federal dos Vales do Jequitinhonha e Mucuri - Campus JK,Serviço Social,Lindonete de Fátima Oliveira,CO_ORIENTADOR,NAO
2008,INICIACAO_CIENTIFICA,Universidade Federal dos Vales do Jequitinhonha e Mucuri - Campus JK,Serviço Social,Lindonete de Fátima Oliveira,CO_ORIENTADOR,NAO
2007,INICIACAO_CIENTIFICA,Universidade Federal dos Vales do Jequitinhonha e Mucuri - Campus JK,Serviço Social,Lizian Maria Silva Martins,CO_ORIENTADOR,NAO
2008,INICIACAO_CIENTIFICA,Universidade Federal dos Vales do Jequitinhonha e Mucuri - Campus JK,Serviço Social,Lizian Maria Silva Martins,CO_ORIENTADOR,NAO
2007,INICIACAO_CIENTIFICA,Universidade Federal dos Vales do Jequitinhonha e Mucuri - Campus JK,Serviço Social,Luciana Nunes Rosa,CO_ORIENTADOR,NAO
2007,INICIACAO_CIENTIFICA,Universidade Federal dos Vales do Jequitinhonha e Mucuri - Campus JK,Serviço Social,Raquel Ferreira de Figueredo,CO_ORIENTADOR,NAO
2008,INICIACAO_CIENTIFICA,Universidade Federal dos Vales do Jequitinhonha e Mucuri - Campus JK,Serviço Social,Raquel Ferreira de Figueredo,CO_ORIENTADOR,NAO
2007,INICIACAO_CIENTIFICA,Universidade Federal dos Vales do Jequitinhonha e Mucuri - Campus JK,Serviço Social,Cristina Xavier Cordeiro,CO_ORIENTADOR,NAO
2008,INICIACAO_CIENTIFICA,Universidade Federal dos Vales do Jequitinhonha e Mucuri - Campus JK,Serviço Social,Cristina Xavier Cordeiro,CO_ORIENTADOR,NAO
2007,INICIACAO_CIENTIFICA,Universidade Federal dos Vales do Jequitinhonha e Mucuri - Campus JK,Serviço Social,Aline Rodrigues Vitorino,CO_ORIENTADOR,NAO
2007,INICIACAO_CIENTIFICA,Universidade Federal dos Vales do Jequitinhonha e Mucuri - Campus JK,Serviço Social,Thayse Palmela Nogueira,CO_ORIENTADOR,NAO
2008,INICIACAO_CIENTIFICA,Universidade Federal dos Vales do Jequitinhonha e Mucuri - Campus JK,Serviço Social,Thayse Palmela Nogueira,CO_ORIENTADOR,NAO
2005,INICIACAO_CIENTIFICA,Universidade Federal dos Vales do Jequitinhonha e Mucuri - Campus JK,Serviço Social,Cláudia da Silva Cunha,CO_ORIENTADOR,NAO
2005,INICIACAO_CIENTIFICA,Universidade Federal de Uberlândia,Licenciatura e Bacharelado em Pedagogia,Aline Ferreira Rodrigues,CO_ORIENTADOR,NAO
2005,INICIACAO_CIENTIFICA,Universidade Federal de Uberlândia,Licenciatura Plena em Ciências Sociais,Corina Ilda da S. Ferreira,CO_ORIENTADOR,NAO
2005,INICIACAO_CIENTIFICA,Universidade Federal de Uberlândia,Licenciatura Plena em Ciências Sociais,Daniel Antônio Coelho Silva,CO_ORIENTADOR,NAO
2007,INICIACAO_CIENTIFICA,Universidade Federal de Uberlândia,Licenciatura Plena em Ciências Sociais,Daniela Porfírio Borges,CO_ORIENTADOR,NAO
2005,INICIACAO_CIENTIFICA,Universidade Federal de Uberlândia,Licenciatura e Bacharelado em Pedagogia,Dante Bernardes da Silva,CO_ORIENTADOR,NAO
2005,INICIACAO_CIENTIFICA,Universidade Federal de Uberlândia,Licenciatura Plena em Letras,Denise Batista de Melo,CO_ORIENTADOR,NAO
2005,INICIACAO_CIENTIFICA,Universidade Federal de Uberlândia,Licenciatura e Bacharelado em Pedagogia,Glaucy Oliveira Bernardes,CO_ORIENTADOR,NAO
2005,INICIACAO_CIENTIFICA,Universidade Federal de Uberlândia,Licenciatura e Bacharelado em Pedagogia,KellY Cristina Caetano Silva,CO_ORIENTADOR,NAO
2005,INICIACAO_CIENTIFICA,Universidade Federal de Uberlândia,Licenciatura e Bacharelado em Pedagogia,Livia Jericó Lusvardi,CO_ORIENTADOR,NAO
2005,INICIACAO_CIENTIFICA,Universidade Federal de Uberlândia,Licenciatura e Bacharelado em Pedagogia,Loide Simone da Silva,CO_ORIENTADOR,NAO
2005,INICIACAO_CIENTIFICA,Universidade Federal de Uberlândia,Licenciatura e Bacharelado em Pedagogia,Luciane ibeiro Dias Gonsalves,CO_ORIENTADOR,NAO
2005,ORIENTACAO-DE-OUTRA-NATUREZA,Universidade Federal de Uberlândia,Licenciatura e Bacharelado em Pedagogia,Regina Silva Tixeira,CO_ORIENTADOR,NAO
2005,ORIENTACAO-DE-OUTRA-NATUREZA,Universidade Federal de Uberlândia,Licenciatura e Bacharelado em Pedagogia,Renata Costa Silva,CO_ORIENTADOR,NAO
2005,INICIACAO_CIENTIFICA,Universidade Federal de Uberlândia,Licenciatura Plena em Ciências Sociais,Pedro Barbosa,CO_ORIENTADOR,NAO
2005,INICIACAO_CIENTIFICA,Universidade Federal de Uberlândia,Graduação em Histíria,Viviane Da Silva Pereira,CO_ORIENTADOR,NAO
2016,INICIACAO_CIENTIFICA,Universidade Federal de Uberlândia,,Amanda de Souza Honorio,CO_ORIENTADOR,SIM
2016,INICIACAO_CIENTIFICA,Universidade Federal de Uberlândia,,Letícia Ferreira Gondin,CO_ORIENTADOR,SIM
2016,ORIENTACAO-DE-OUTRA-NATUREZA,Universidade Federal de Uberlândia,Pedagogia,Gabriela Matos Cappuzzo,CO_ORIENTADOR,SIM
2016,ORIENTACAO-DE-OUTRA-NATUREZA,Universidade Federal de Uberlândia,Pedagogia,Joyce Sousa dos Prazeres da Silva,CO_ORIENTADOR,SIM
2016,ORIENTACAO-DE-OUTRA-NATUREZA,Universidade Federal de Uberlândia,Ciência da Computação,Thaís Oliveira Santos Lobato,CO_ORIENTADOR,SIM
2017,INICIACAO_CIENTIFICA,Universidade Federal de Uberlândia,Pedagogia,ISADORA NAVES DE FREITAS,CO_ORIENTADOR,SIM
2017,INICIACAO_CIENTIFICA,Universidade Federal de Uberlândia,Pedagogia,OTÁVIO HENRIQUE RODRIGUES CARVALHO,CO_ORIENTADOR,SIM
2016,INICIACAO_CIENTIFICA,Universidade Federal de Uberlândia,História,Victor Hugo Soliz,CO_ORIENTADOR,SIM
2017,INICIACAO_CIENTIFICA,ESCOLA ESTADUAL MARIO PORTO,Ensino Médio,CARLOS EDUARDO DE PAULA ALVES,CO_ORIENTADOR,SIM
2018,INICIACAO_CIENTIFICA,Universidade Federal de Uberlândia,História,MARCOS PAULO DE ASSIS,CO_ORIENTADOR,SIM
2018,INICIACAO_CIENTIFICA,Universidade Federal de Uberlândia,História,INGRYD KELLY KETTLEN FIRMIANO ARAUJO,CO_ORIENTADOR,SIM
2018,INICIACAO_CIENTIFICA,Universidade Federal de Uberlândia,Pedagogia,ANA VITORIA COSTA BERNARDES,CO_ORIENTADOR,SIM
2017,INICIACAO_CIENTIFICA,Universidade Federal de Uberlândia,História - Licenciatura Ou Bacharelado,LETICIA DA SILVA NASCIMENTO,CO_ORIENTADOR,SIM
2017,INICIACAO_CIENTIFICA,Universidade Federal de Uberlândia,Filosofia - Licenciatura Ou Bacharelado,BRENDA LETÍCIA PEREIRA VILELA,CO_ORIENTADOR,SIM
2017,INICIACAO_CIENTIFICA,Universidade Federal de Uberlândia,Dança,EVELY DE PAULA SANTOS MARTINS,CO_ORIENTADOR,SIM
2017,INICIACAO_CIENTIFICA,Universidade Federal de Uberlândia,Pedagogia,LORENA GABRIELLE DE ARAUJO,CO_ORIENTADOR,SIM
2017,INICIACAO_CIENTIFICA,Universidade Federal de Uberlândia,História - Licenciatura Ou Bacharelado,MARCOS PAULO DE ASSIS,CO_ORIENTADOR,SIM
2006,ORIENTACAO-DE-OUTRA-NATUREZA,Universidade Federal de Uberlândia,Licenciatura Plena em Ciências Sociais,Pedro Barbosa,CO_ORIENTADOR,SIM
