YEAR,NATURE,INSTITUTION,COURSE,STUDENT,TYPE,SPONSOR
2017,ORIENTACAO-DE-OUTRA-NATUREZA,Universidade do Estado de Santa Catarina,Teatro,Nicolas Moritz Ronchi e Isadora Caroline de Souza Lounge,CO_ORIENTADOR,NAO
2017,ORIENTACAO-DE-OUTRA-NATUREZA,Universidade do Estado de Santa Catarina,Teatro,Isadora Caroline de Souza Lunge e Nicolas Ronchi,CO_ORIENTADOR,NAO
2017,ORIENTACAO-DE-OUTRA-NATUREZA,Universidade do Estado de Santa Catarina,Teatro,Paula Mapa,CO_ORIENTADOR,NAO
2017,ORIENTACAO-DE-OUTRA-NATUREZA,Universidade do Estado de Santa Catarina,Teatro,Camila Christophe Santaella e Adriano Medeiros Marcírio,CO_ORIENTADOR,NAO
2017,ORIENTACAO-DE-OUTRA-NATUREZA,Universidade do Estado de Santa Catarina,Teatro,LUISA MAYEJI CALORE DA SILVA,CO_ORIENTADOR,NAO
2017,ORIENTACAO-DE-OUTRA-NATUREZA,Universidade do Estado de Santa Catarina,Teatro,Rafael Fabrin Maschke,CO_ORIENTADOR,NAO
2017,ORIENTACAO-DE-OUTRA-NATUREZA,Universidade do Estado de Santa Catarina,Teatro,MARCO ANTONIO HIGINO DA SILVA,CO_ORIENTADOR,NAO
2017,ORIENTACAO-DE-OUTRA-NATUREZA,Universidade do Estado de Santa Catarina,Teatro,JENIFFER REITZ e LARA PASTERNAK,CO_ORIENTADOR,NAO
2017,ORIENTACAO-DE-OUTRA-NATUREZA,Universidade do Estado de Santa Catarina,Teatro,MARCO ANTONIO HIGINO DA SILVA e  Joel Aroldo Pereira,CO_ORIENTADOR,NAO
2017,ORIENTACAO-DE-OUTRA-NATUREZA,Universidade do Estado de Santa Catarina,Teatro,Ana Flavia Zechini,CO_ORIENTADOR,NAO
2017,ORIENTACAO-DE-OUTRA-NATUREZA,Universidade do Estado de Santa Catarina,Teatro,Rafael Fabrin Maschke e Itamar Wagner S. Simões,CO_ORIENTADOR,NAO
2018,ORIENTACAO-DE-OUTRA-NATUREZA,Universidade do Estado de Santa Catarina,Teatro,ROBERTO LEVY SCHIANTE YOLANDA SAIS,CO_ORIENTADOR,NAO
2018,ORIENTACAO-DE-OUTRA-NATUREZA,Universidade do Estado de Santa Catarina,Teatro,Jerusa Mary Pereira e Naguissa Takemoto Viegas,CO_ORIENTADOR,NAO
2018,ORIENTACAO-DE-OUTRA-NATUREZA,Universidade do Estado de Santa Catarina,Teatro,Antonio Cesar Maggioni e Jocasta Silva dos Santos,CO_ORIENTADOR,NAO
2018,ORIENTACAO-DE-OUTRA-NATUREZA,Universidade do Estado de Santa Catarina,Teatro,"GIOVANA HENCKMAIER, LUIZA FUCHS E VINICIUS LORENZ",CO_ORIENTADOR,NAO
2018,ORIENTACAO-DE-OUTRA-NATUREZA,Universidade do Estado de Santa Catarina,Teatro,Beatriz Gonçalves,CO_ORIENTADOR,NAO
2018,ORIENTACAO-DE-OUTRA-NATUREZA,Universidade do Estado de Santa Catarina,Teatro,Camila Passos,CO_ORIENTADOR,NAO
2019,TRABALHO_DE_CONCLUSAO_DE_CURSO_GRADUACAO,Universidade do Estado de Santa Catarina,Teatro,Yolanda Sais,CO_ORIENTADOR,NAO
2019,ORIENTACAO-DE-OUTRA-NATUREZA,Universidade do Estado de Santa Catarina,Teatro,Jocasta Silva dos Santos,CO_ORIENTADOR,SIM
2019,ORIENTACAO-DE-OUTRA-NATUREZA,Universidade do Estado de Santa Catarina,Teatro,Amanda Stanck e João Pedro Ely,CO_ORIENTADOR,NAO
2019,ORIENTACAO-DE-OUTRA-NATUREZA,Universidade do Estado de Santa Catarina,Teatro,Rita Roldan,CO_ORIENTADOR,NAO
2019,ORIENTACAO-DE-OUTRA-NATUREZA,Universidade do Estado de Santa Catarina,Teatro,Sarah Motta,CO_ORIENTADOR,NAO
2020,TRABALHO_DE_CONCLUSAO_DE_CURSO_GRADUACAO,Universidade Federal de Minas Gerais,Teatro,Naiara Rezende Souza,CO_ORIENTADOR,NAO
2020,TRABALHO_DE_CONCLUSAO_DE_CURSO_GRADUACAO,Universidade Federal de Minas Gerais,Teatro,Thaís Emediato Corrêa Lopes,CO_ORIENTADOR,NAO
2021,ORIENTACAO-DE-OUTRA-NATUREZA,Universidade Federal de Minas Gerais,Teatro,Sarah Vá Moreira,CO_ORIENTADOR,SIM
2021,ORIENTACAO-DE-OUTRA-NATUREZA,Universidade Federal de Minas Gerais,Abi - Teatro,KELLY CRISTINA ABELINO SPINOLA DE CASTRO,CO_ORIENTADOR,SIM
2021,ORIENTACAO-DE-OUTRA-NATUREZA,Universidade Federal de Minas Gerais,Abi - Teatro,Anair Braga Moreira,CO_ORIENTADOR,SIM
2021,ORIENTACAO-DE-OUTRA-NATUREZA,Universidade Federal de Minas Gerais,Abi - Teatro,Guilherme da Luz Santos,CO_ORIENTADOR,SIM
2021,INICIACAO_CIENTIFICA,Universidade Federal de Minas Gerais,Teatro,Tiago Alves da Silva,CO_ORIENTADOR,SIM
2020,INICIACAO_CIENTIFICA,Universidade Federal de Minas Gerais,Teatro,Julia Campos Calixto,CO_ORIENTADOR,SIM
2020,INICIACAO_CIENTIFICA,Universidade Federal de Minas Gerais,Teatro,Kamilla Oliveira Soares,CO_ORIENTADOR,NAO
2020,INICIACAO_CIENTIFICA,Universidade Federal de Minas Gerais,Teatro,Nayara Fernandes da Silva Leite,CO_ORIENTADOR,NAO
2020,INICIACAO_CIENTIFICA,Universidade Federal de Minas Gerais,Teatro,Ariane Maria Lopes dos Santos,CO_ORIENTADOR,NAO
2019,ORIENTACAO-DE-OUTRA-NATUREZA,UDESC - Programa de monitoria,Teatro,Felipe Ferreira Ferro,CO_ORIENTADOR,SIM
2021,INICIACAO_CIENTIFICA,Universidade Federal de Minas Gerais,Teatro,Julia Campos Calixto,CO_ORIENTADOR,NAO
2022,TRABALHO_DE_CONCLUSAO_DE_CURSO_GRADUACAO,Universidade Federal de Minas Gerais,Abi - Teatro,CRISTIANI STEFANY FONSECA,CO_ORIENTADOR,NAO
2022,TRABALHO_DE_CONCLUSAO_DE_CURSO_GRADUACAO,Universidade Federal de Minas Gerais,Abi - Teatro,Kelly Spínola,CO_ORIENTADOR,NAO
2022,TRABALHO_DE_CONCLUSAO_DE_CURSO_GRADUACAO,Universidade Federal de Minas Gerais,Abi - Teatro,MARCELA RODRIGUES CIRINO,CO_ORIENTADOR,NAO
