YEAR,NATURE,INSTITUTION,COURSE,STUDENT,TYPE,SPONSOR
2003,TRABALHO_DE_CONCLUSAO_DE_CURSO_GRADUACAO,Faculdade Presbiteriana Gammon,Educação Física,João Paulo Barbosa,CO_ORIENTADOR,NAO
2005,TRABALHO_DE_CONCLUSAO_DE_CURSO_GRADUACAO,Faculdade Presbiteriana Gammon,Educação Física,Roberta Deslandes e Sara Nogueira,CO_ORIENTADOR,NAO
2002,INICIACAO_CIENTIFICA,Universidade Vale do Rio Verde de Três Corações,Fisioterapia,ELISABETE DO NASCIMENTO NEDER,CO_ORIENTADOR,NAO
2002,INICIACAO_CIENTIFICA,Universidade Vale do Rio Verde de Três Corações,Fisioterapia,Simone Urbano,CO_ORIENTADOR,NAO
2004,INICIACAO_CIENTIFICA,Universidade Vale do Rio Verde de Três Corações,Fisioterapia,Elias Peixoto,CO_ORIENTADOR,NAO
2004,INICIACAO_CIENTIFICA,Universidade Vale do Rio Verde de Três Corações,Fisioterapia,Aislane Prado,CO_ORIENTADOR,NAO
2006,INICIACAO_CIENTIFICA,Universidade Vale do Rio Verde de Três Corações,Fisioterapia,Mirella Barra,CO_ORIENTADOR,NAO
2006,TRABALHO_DE_CONCLUSAO_DE_CURSO_GRADUACAO,Faculdade Presbiteriana Gammon,Educação Física,Lilliann Mesquita e Karla Maria Mesquita,CO_ORIENTADOR,NAO
2006,TRABALHO_DE_CONCLUSAO_DE_CURSO_GRADUACAO,Faculdade Presbiteriana Gammon,Educação Física,Márcia Elisa,CO_ORIENTADOR,NAO
2006,TRABALHO_DE_CONCLUSAO_DE_CURSO_GRADUACAO,Centro Universitário de Formiga,Educação Física,Paulo Eduardo Souza Medeiros,CO_ORIENTADOR,NAO
2006,TRABALHO_DE_CONCLUSAO_DE_CURSO_GRADUACAO,Fundação Educacional Lucas Machado,Especialização Lato Sensu em Reabilitação Cardíaca,Juracimara Aparecida Flôr Penoni,CO_ORIENTADOR,NAO
2006,TRABALHO_DE_CONCLUSAO_DE_CURSO_GRADUACAO,Centro Universitário de Lavras,Fisioterapia,Juliana Márcia Resgala,CO_ORIENTADOR,NAO
2005,TRABALHO_DE_CONCLUSAO_DE_CURSO_GRADUACAO,Centro Universitário de Formiga,Educação Física,Cecília Silva Cunha,CO_ORIENTADOR,NAO
2005,TRABALHO_DE_CONCLUSAO_DE_CURSO_GRADUACAO,Centro Universitário de Formiga,Educação Física,Aline Alves Tavares,CO_ORIENTADOR,NAO
2005,TRABALHO_DE_CONCLUSAO_DE_CURSO_GRADUACAO,Centro Universitário de Formiga,Educação Física,Susamar Soares de Araújo,CO_ORIENTADOR,NAO
2005,TRABALHO_DE_CONCLUSAO_DE_CURSO_GRADUACAO,Centro Universitário de Formiga,Educação Física,Vívian Regina Elias,CO_ORIENTADOR,NAO
2005,TRABALHO_DE_CONCLUSAO_DE_CURSO_GRADUACAO,Centro Universitário de Formiga,Educação Física,Welbert Alves Martins,CO_ORIENTADOR,NAO
2007,INICIACAO_CIENTIFICA,Centro Universitário de Lavras,Fisioterapia,"VARELA, A. ; BOTELHO, P.",CO_ORIENTADOR,NAO
2008,INICIACAO_CIENTIFICA,Universidade do Vale do Sapucaí,Fisioterapia,"FARIA E SILVA, B. N. &amp; SANTOS, E. R. S.",CO_ORIENTADOR,NAO
2008,TRABALHO_DE_CONCLUSAO_DE_CURSO_GRADUACAO,Centro Universitário de Lavras,Fisioterapia,GABRIELLA CAMBRAIA FURTADO COSTA,CO_ORIENTADOR,NAO
2007,TRABALHO_DE_CONCLUSAO_DE_CURSO_GRADUACAO,Universidade do Vale do Sapucaí,Educação Física,Jander Clairton Ferreira de Souza,CO_ORIENTADOR,NAO
2008,TRABALHO_DE_CONCLUSAO_DE_CURSO_GRADUACAO,Universidade do Vale do Sapucaí,Fisioterapia,"JUNHO, J; CARVALHO, A. K. D.",CO_ORIENTADOR,NAO
2009,INICIACAO_CIENTIFICA,Centro Universitário de Lavras,Fisioterapia,Milena Campos,CO_ORIENTADOR,NAO
2008,TRABALHO_DE_CONCLUSAO_DE_CURSO_GRADUACAO,Universidade do Vale do Sapucaí,Educação Física,Hildebrando Dester Júnior,CO_ORIENTADOR,NAO
2008,TRABALHO_DE_CONCLUSAO_DE_CURSO_GRADUACAO,Centro Universitário de Lavras,Ciências Biológicas - Licenciatura,Reinildo Aristides de Paula,CO_ORIENTADOR,NAO
2010,TRABALHO_DE_CONCLUSAO_DE_CURSO_GRADUACAO,Universidade do Vale do Sapucaí,Fisioterapia,Fernanda Barbosa,CO_ORIENTADOR,NAO
2009,INICIACAO_CIENTIFICA,Universidade do Vale do Sapucaí,Educação Física,Daniela Mendes dos Reis Riccardi,CO_ORIENTADOR,SIM
2010,INICIACAO_CIENTIFICA,Universidade do Vale do Sapucaí,Fisioterapia,Gabriela Rezende Yanagihara,CO_ORIENTADOR,NAO
2010,TRABALHO_DE_CONCLUSAO_DE_CURSO_GRADUACAO,Universidade do Vale do Sapucaí,Fisioterapia,WELLINGTON CARVALHO,CO_ORIENTADOR,NAO
2010,TRABALHO_DE_CONCLUSAO_DE_CURSO_GRADUACAO,Universidade do Vale do Sapucaí,Educação Física,Thiago Andrigo Elisei,CO_ORIENTADOR,NAO
2010,TRABALHO_DE_CONCLUSAO_DE_CURSO_GRADUACAO,Universidade do Vale do Sapucaí,Educação Física,Paulo Balbino Júnior,CO_ORIENTADOR,NAO
2010,TRABALHO_DE_CONCLUSAO_DE_CURSO_GRADUACAO,Universidade do Vale do Sapucaí,Educação Física,LUCIANE CANQUERINI SILVA,CO_ORIENTADOR,NAO
2009,MONOGRAFIA_DE_CONCLUSAO_DE_CURSO_APERFEICOAMENTO_E_ESPECIALIZACAO,Fundação Educacional Lucas Machado,Lato Sensu - Reabilitação Cardíaca,Juracimara Aparecida Flôr Penoni,CO_ORIENTADOR,NAO
2010,INICIACAO_CIENTIFICA,Centro Universitário de Lavras,Fisioterapia,Bruna Hilário,CO_ORIENTADOR,NAO
2011,TRABALHO_DE_CONCLUSAO_DE_CURSO_GRADUACAO,Universidade do Vale do Sapucaí,Fisioterapia,Tailon Camargo Martins,CO_ORIENTADOR,NAO
2011,TRABALHO_DE_CONCLUSAO_DE_CURSO_GRADUACAO,Universidade do Vale do Sapucaí,Fisioterapia,ELVIS OLIVEIRA INACIO,CO_ORIENTADOR,NAO
2010,TRABALHO_DE_CONCLUSAO_DE_CURSO_GRADUACAO,Universidade do Vale do Sapucaí,Fisioterapia,Éder Demos Ferreira da Silva,CO_ORIENTADOR,NAO
2011,INICIACAO_CIENTIFICA,Universidade do Vale do Sapucaí,Fisioterapia,Gabriela Rezende Yanagihara,CO_ORIENTADOR,SIM
2011,TRABALHO_DE_CONCLUSAO_DE_CURSO_GRADUACAO,Universidade do Vale do Sapucaí,Educação Física,Rita Letícia de Martha,CO_ORIENTADOR,NAO
2011,TRABALHO_DE_CONCLUSAO_DE_CURSO_GRADUACAO,Universidade do Vale do Sapucaí,Educação Física,Eluana Fernanda Mateus de Souza,CO_ORIENTADOR,NAO
2012,TRABALHO_DE_CONCLUSAO_DE_CURSO_GRADUACAO,Universidade do Vale do Sapucaí,Fisioterapia,Gabriela Rezende Yanagihara,CO_ORIENTADOR,NAO
2012,TRABALHO_DE_CONCLUSAO_DE_CURSO_GRADUACAO,Universidade do Vale do Sapucaí,Fisioterapia,Aline Goulart Paiva,CO_ORIENTADOR,NAO
2013,INICIACAO_CIENTIFICA,Universidade do Vale do Sapucaí,Fisioterapia,Karol Priscila da Silva,CO_ORIENTADOR,NAO
2013,INICIACAO_CIENTIFICA,Universidade do Vale do Sapucaí,Fisioterapia,Jéssica Suzuki Yamanaka,CO_ORIENTADOR,NAO
2013,INICIACAO_CIENTIFICA,Universidade do Vale do Sapucaí,Fisioterapia,ADRIELE DE LIMA LOPES,CO_ORIENTADOR,NAO
2013,TRABALHO_DE_CONCLUSAO_DE_CURSO_GRADUACAO,Universidade do Vale do Sapucaí,Educação Física,Laís do Nascimento Luis,CO_ORIENTADOR,NAO
2013,TRABALHO_DE_CONCLUSAO_DE_CURSO_GRADUACAO,Universidade do Vale do Sapucaí,Educação Física,Maicon Batista Brandão,CO_ORIENTADOR,NAO
2013,TRABALHO_DE_CONCLUSAO_DE_CURSO_GRADUACAO,Universidade do Vale do Sapucaí,Fisioterapia,Jéssica Cândido Da Dalt,CO_ORIENTADOR,NAO
2014,TRABALHO_DE_CONCLUSAO_DE_CURSO_GRADUACAO,Faculdade Presbiteriana Gammon,Educação Física,Fernanda Cristina Pedro,CO_ORIENTADOR,NAO
2014,TRABALHO_DE_CONCLUSAO_DE_CURSO_GRADUACAO,Universidade do Vale do Sapucaí,Fisioterapia,Thalita Ribeiro Pereira,CO_ORIENTADOR,NAO
2014,TRABALHO_DE_CONCLUSAO_DE_CURSO_GRADUACAO,Universidade do Vale do Sapucaí,Fisioterapia,Taísa Aparecida Henrique,CO_ORIENTADOR,NAO
2014,TRABALHO_DE_CONCLUSAO_DE_CURSO_GRADUACAO,Universidade do Vale do Sapucaí,Fisioterapia,Rosa Maria Moreira,CO_ORIENTADOR,NAO
2016,INICIACAO_CIENTIFICA,Universidade do Vale do Sapucaí,Fisioterapia,Alana dos Santos Bueno,CO_ORIENTADOR,SIM
2016,INICIACAO_CIENTIFICA,Universidade do Vale do Sapucaí,Fisioterapia,Luana Leandro de Faria Rosa,CO_ORIENTADOR,SIM
2016,INICIACAO_CIENTIFICA,Universidade do Vale do Sapucaí,Fisioterapia,Luana Carvalho Pereira,CO_ORIENTADOR,SIM
2016,TRABALHO_DE_CONCLUSAO_DE_CURSO_GRADUACAO,Universidade do Vale do Sapucaí,Fisioterapia,Keila Pereira Jerônimo; Carla Rosiane Faria,CO_ORIENTADOR,NAO
2016,INICIACAO_CIENTIFICA,Universidade do Vale do Sapucaí,Fisioterapia,EDUARDA SUELLEN FIGUEIREDO SILVA DO NASCIMENTO,CO_ORIENTADOR,NAO
2014,TRABALHO_DE_CONCLUSAO_DE_CURSO_GRADUACAO,Universidade do Vale do Sapucaí,Educação Física,Fernando Rodrigo da Silva,CO_ORIENTADOR,NAO
2014,INICIACAO_CIENTIFICA,Universidade do Vale do Sapucaí,Fisioterapia,Kaíque Eduardo Carvalho Ribeiro,CO_ORIENTADOR,NAO
2014,TRABALHO_DE_CONCLUSAO_DE_CURSO_GRADUACAO,Instituto Presbiteriano Gammon,Educação Física,César Augusto Moreira,CO_ORIENTADOR,NAO
2015,TRABALHO_DE_CONCLUSAO_DE_CURSO_GRADUACAO,Universidade do Vale do Sapucaí,Fisioterapia,Patrícia Fernanda Brazil de Oliveira,CO_ORIENTADOR,NAO
2015,TRABALHO_DE_CONCLUSAO_DE_CURSO_GRADUACAO,Universidade do Vale do Sapucaí,Fisioterapia,Adriele de Lima Lopes,CO_ORIENTADOR,NAO
2016,TRABALHO_DE_CONCLUSAO_DE_CURSO_GRADUACAO,Instituto Presbiteriano Gammon,Educação Física,Welligron Tavares da Silva,CO_ORIENTADOR,NAO
2016,TRABALHO_DE_CONCLUSAO_DE_CURSO_GRADUACAO,Instituto Presbiteriano Gammon,Educação Física,Tiago Santos Machado,CO_ORIENTADOR,NAO
2016,TRABALHO_DE_CONCLUSAO_DE_CURSO_GRADUACAO,Instituto Presbiteriano Gammon,Educação Física,WELTON DA SILVA JUNIOR,CO_ORIENTADOR,NAO
2016,TRABALHO_DE_CONCLUSAO_DE_CURSO_GRADUACAO,Universidade do Vale do Sapucaí,Educação Física,Douglas Henrique Nogueira,CO_ORIENTADOR,NAO
2015,MONOGRAFIA_DE_CONCLUSAO_DE_CURSO_APERFEICOAMENTO_E_ESPECIALIZACAO,Fundação Educacional Lucas Machado,Lato Sensu - Fisioterapia em Geriatria,Lídia Carvalho Andrade,CO_ORIENTADOR,NAO
2018,TRABALHO_DE_CONCLUSAO_DE_CURSO_GRADUACAO,Universidade Federal de São João Del-Rei,Educação Física,Anderson Meireles da Silva &amp; Nicholas Eduardo Silva Cunha,CO_ORIENTADOR,NAO
2017,INICIACAO_CIENTIFICA,Universidade Federal de São João Del-Rei,Educação Física,Elaine Cristina de Almeida,CO_ORIENTADOR,NAO
2018,INICIACAO_CIENTIFICA,Universidade Federal de São João Del-Rei,Educação Física,Lucio Oliveira,CO_ORIENTADOR,NAO
2019,INICIACAO_CIENTIFICA,Universidade Federal de São João Del-Rei,Educação Física,Daniel Teixeira Marcílio Braga,CO_ORIENTADOR,NAO
2019,INICIACAO_CIENTIFICA,Universidade Federal de São João Del-Rei,Educação Física,Gabriel Jabrazi,CO_ORIENTADOR,NAO
2019,INICIACAO_CIENTIFICA,Universidade Federal de São João Del-Rei,Engenharia Mecânica,Gabriel,CO_ORIENTADOR,NAO
2019,TRABALHO_DE_CONCLUSAO_DE_CURSO_GRADUACAO,Universidade Federal de São João Del-Rei,Educação Física,GIULLIA GABRIELE ALVES CHAVES DO NASCIMENTO,CO_ORIENTADOR,NAO
2021,INICIACAO_CIENTIFICA,Universidade Federal de São João Del-Rei,,DANIEL TEIXEIRA MARCILIO BRAGA,CO_ORIENTADOR,NAO
2021,TRABALHO_DE_CONCLUSAO_DE_CURSO_GRADUACAO,Universidade Federal de São João Del-Rei,Educação Física,Kenia Moreira Martimiano,CO_ORIENTADOR,NAO
2021,TRABALHO_DE_CONCLUSAO_DE_CURSO_GRADUACAO,Universidade Federal de São João Del-Rei,Educação Física,Gabriel Augusto de Oliveira Santos,CO_ORIENTADOR,NAO
2016,INICIACAO_CIENTIFICA,Universidade do Vale do Sapucaí,Fisioterapia,Cláudia Maria de Faria,CO_ORIENTADOR,NAO
