YEAR,NATURE,INSTITUTION,COURSE,STUDENT,TYPE,SPONSOR
2014,Dissertação de mestrado,Universidade Federal de Minas Gerais,Música,Giordano Cícero de Oliveira Moraes Cornélio,CO_ORIENTADOR,NAO
2014,Dissertação de mestrado,Universidade Federal de Minas Gerais,Ciências do Esporte,Tércio Apolinário de Souza,ORIENTADOR_PRINCIPAL,SIM
2016,Dissertação de mestrado,Universidade Federal de Minas Gerais,Ciências do Esporte,João Roberto Ventura,ORIENTADOR_PRINCIPAL,NAO
2016,Dissertação de mestrado,Universidade Federal de Minas Gerais,Ciências do Esporte,Paulo Eduardo Souza Medeiros,ORIENTADOR_PRINCIPAL,NAO
2017,Dissertação de mestrado,Universidade Federal de Minas Gerais,Ciências do Esporte,Natália Lelis Torres,ORIENTADOR_PRINCIPAL,SIM
2016,Dissertação de mestrado,Universidade Federal de Minas Gerais,Ciências do Esporte,Lidiane Aparecida Fernandes,ORIENTADOR_PRINCIPAL,SIM
2017,Dissertação de mestrado,Universidade Federal de Minas Gerais,Ciências do Esporte,Bárbara de Paula Ferreira,ORIENTADOR_PRINCIPAL,NAO
2018,Dissertação de mestrado,Universidade Federal de Minas Gerais,Ciências do Esporte,Nathálya Gardênia de Holanda Marinho Nogueira,ORIENTADOR_PRINCIPAL,NAO
2018,Dissertação de mestrado,Universidade Federal de Minas Gerais,Ciências do Esporte,Juliana Otoni Parma,ORIENTADOR_PRINCIPAL,NAO
2019,Dissertação de mestrado,Universidade Federal de Minas Gerais,Ciências do Esporte,Simone de Menezes Pinto,ORIENTADOR_PRINCIPAL,NAO
2017,Dissertação de mestrado,Universidade Federal de Minas Gerais,Música,Maicol Nunes Navarro Freitas,CO_ORIENTADOR,NAO
2019,Dissertação de mestrado,Universidade Federal de Minas Gerais,Ciências do Esporte,Lilian Carla Macedo,ORIENTADOR_PRINCIPAL,NAO
2021,Dissertação de mestrado,Universidade Federal de Minas Gerais,Ciências do Esporte,Rafael Fernando dos Santos Xavier,ORIENTADOR_PRINCIPAL,NAO
2019,Dissertação de mestrado,Universidade Federal de Minas Gerais,Ciências do Esporte,Paula Carolina Leite Walker,ORIENTADOR_PRINCIPAL,NAO
2021,Dissertação de mestrado,Universidade Federal de Minas Gerais,Ciências do Esporte,Lívia Penido Alípio,ORIENTADOR_PRINCIPAL,NAO
2021,Dissertação de mestrado,Universidade Federal de Minas Gerais,Ciências do Esporte,Cristiani Junqueira,ORIENTADOR_PRINCIPAL,NAO
2022,Dissertação de mestrado,Universidade Federal de Minas Gerais,Neurociências,Beatriz Couto Fortuna,ORIENTADOR_PRINCIPAL,NAO
2022,Dissertação de mestrado,Universidade Federal de Minas Gerais,Neurociências,Larissa Porto de Oliveira,ORIENTADOR_PRINCIPAL,NAO
2021,Dissertação de mestrado,Universidade Federal de Minas Gerais,Neurociências,SARA EDITH SOUZA DE ASSIS LEÃO,CO_ORIENTADOR,NAO
2015,Dissertação de mestrado,Universidade Federal de Minas Gerais,Música,Leonardo Lopes,CO_ORIENTADOR,NAO
2013,Tese de doutorado,Universidade Federal de Minas Gerais,Medicina Molecular,Maicon Rodrigues Albuqueque,CO_ORIENTADOR,NAO
2020,Tese de doutorado,Universidade Federal de Minas Gerais,Ciências do Esporte,Lidiane Aparecida Fernandes,ORIENTADOR_PRINCIPAL,SIM
2021,Tese de doutorado,Universidade Federal de Minas Gerais,Ciências do Esporte,João Roberto Ventura de Oliveira,ORIENTADOR_PRINCIPAL,NAO
2020,Tese de doutorado,Universidade Federal de Minas Gerais,Medicina Molecular,SIMARA REGINA DE OLIVEIRA RIBEIRO,CO_ORIENTADOR,SIM
2018,Tese de doutorado,Universidade Federal de Minas Gerais,Ciências do Esporte,Tércio Apolinário De Souza,ORIENTADOR_PRINCIPAL,SIM
2004,TRABALHO_DE_CONCLUSAO_DE_CURSO_GRADUACAO,Faculdades Unidas do Norte de Minas,Educação Física,Anna Beatriz Barbosa,CO_ORIENTADOR,NAO
2005,TRABALHO_DE_CONCLUSAO_DE_CURSO_GRADUACAO,Faculdades Unidas do Norte de Minas,Educação Física,Charles Alexandre Queiroz Veloso,CO_ORIENTADOR,NAO
2005,TRABALHO_DE_CONCLUSAO_DE_CURSO_GRADUACAO,Faculdades Unidas do Norte de Minas,Educação Física,Renata Câmara Oliveira Santos,CO_ORIENTADOR,NAO
2005,TRABALHO_DE_CONCLUSAO_DE_CURSO_GRADUACAO,Faculdades Unidas do Norte de Minas,Educação Física,Rachel Soares Cardoso,CO_ORIENTADOR,NAO
2005,TRABALHO_DE_CONCLUSAO_DE_CURSO_GRADUACAO,Faculdades Unidas do Norte de Minas,Educação Física,Márcia Cristina Cruz,CO_ORIENTADOR,NAO
2005,TRABALHO_DE_CONCLUSAO_DE_CURSO_GRADUACAO,Faculdades Unidas do Norte de Minas,Educação Física,Gilmar dos Santos Andrade,CO_ORIENTADOR,NAO
2005,TRABALHO_DE_CONCLUSAO_DE_CURSO_GRADUACAO,Faculdades Unidas do Norte de Minas,Educação Física,Vivian Cavalvanti Madureira,CO_ORIENTADOR,NAO
2004,TRABALHO_DE_CONCLUSAO_DE_CURSO_GRADUACAO,Faculdades Unidas do Norte de Minas,Educação Física,Alessandro Nobre Pereira,CO_ORIENTADOR,NAO
2005,TRABALHO_DE_CONCLUSAO_DE_CURSO_GRADUACAO,Faculdades Unidas do Norte de Minas,Educação Física,Lourdes Santos dos Reis,CO_ORIENTADOR,NAO
2005,TRABALHO_DE_CONCLUSAO_DE_CURSO_GRADUACAO,Faculdades Unidas do Norte de Minas,Educação Física,Fábio Costa Oliveira e Silva,CO_ORIENTADOR,NAO
2004,TRABALHO_DE_CONCLUSAO_DE_CURSO_GRADUACAO,Faculdades Unidas do Norte de Minas,Educação Física,Michela Alves Abreu,CO_ORIENTADOR,NAO
2005,TRABALHO_DE_CONCLUSAO_DE_CURSO_GRADUACAO,Faculdades Unidas do Norte de Minas,Educação Física,Marilda Vieira de Freitas Vilela,CO_ORIENTADOR,NAO
2005,TRABALHO_DE_CONCLUSAO_DE_CURSO_GRADUACAO,Faculdades Unidas do Norte de Minas,Educação Física,Ilca Miranda Santos,CO_ORIENTADOR,NAO
2005,INICIACAO_CIENTIFICA,Faculdades Unidas do Norte de Minas,Educação Física,Ilca Miranda Santos,CO_ORIENTADOR,SIM
2005,INICIACAO_CIENTIFICA,Faculdades Unidas do Norte de Minas,Educação Física,Dayane Maia Pinho,CO_ORIENTADOR,SIM
2005,TRABALHO_DE_CONCLUSAO_DE_CURSO_GRADUACAO,Faculdades Unidas do Norte de Minas,Educação Física,Aparecida Cristina Marques,CO_ORIENTADOR,NAO
2005,TRABALHO_DE_CONCLUSAO_DE_CURSO_GRADUACAO,Faculdades Unidas do Norte de Minas,Educação Física,Djalma Gonzaga da Silva,CO_ORIENTADOR,NAO
2005,TRABALHO_DE_CONCLUSAO_DE_CURSO_GRADUACAO,Faculdades Unidas do Norte de Minas,Educação Física,Dayane Maia de Pinho,CO_ORIENTADOR,NAO
2005,TRABALHO_DE_CONCLUSAO_DE_CURSO_GRADUACAO,Faculdades Unidas do Norte de Minas,Educação Física,Evaldo Ferreira da Silva Fialho,CO_ORIENTADOR,NAO
2006,TRABALHO_DE_CONCLUSAO_DE_CURSO_GRADUACAO,Faculdades Unidas do Norte de Minas,Educação Física,Barbara Caroline Ferreira Rocha,CO_ORIENTADOR,NAO
2006,TRABALHO_DE_CONCLUSAO_DE_CURSO_GRADUACAO,Faculdades Unidas do Norte de Minas,Educação Física,Kelly Celestino Mendes,CO_ORIENTADOR,NAO
2006,INICIACAO_CIENTIFICA,Universidade FUMEC,,David Jose Schickler,CO_ORIENTADOR,SIM
2006,INICIACAO_CIENTIFICA,Universidade FUMEC,,Lívia Conçalves Gallo,CO_ORIENTADOR,SIM
2006,INICIACAO_CIENTIFICA,Universidade FUMEC,Educação Física,Danilo Roberto Couto Vieira,CO_ORIENTADOR,SIM
2006,TRABALHO_DE_CONCLUSAO_DE_CURSO_GRADUACAO,Faculdades Unidas do Norte de Minas,Educação Física,Leornado Sales Araújo,CO_ORIENTADOR,NAO
2006,TRABALHO_DE_CONCLUSAO_DE_CURSO_GRADUACAO,Faculdades Unidas do Norte de Minas,Educação Física,Virna Nunes da Silva,CO_ORIENTADOR,NAO
2006,TRABALHO_DE_CONCLUSAO_DE_CURSO_GRADUACAO,Faculdades Unidas do Norte de Minas,Educação Física,Gerarcina Pereira dos Santos,CO_ORIENTADOR,NAO
2006,TRABALHO_DE_CONCLUSAO_DE_CURSO_GRADUACAO,Faculdades Unidas do Norte de Minas,Educação Física,Rosana dos Santos Peixoto,CO_ORIENTADOR,NAO
2006,TRABALHO_DE_CONCLUSAO_DE_CURSO_GRADUACAO,Faculdades Unidas do Norte de Minas,Educação Física,Graciele Carvalho Rabelo,CO_ORIENTADOR,NAO
2005,INICIACAO_CIENTIFICA,Faculdades Unidas do Norte de Minas,Educação Física,Erick Godinho Silva,CO_ORIENTADOR,SIM
2006,TRABALHO_DE_CONCLUSAO_DE_CURSO_GRADUACAO,Faculdades Unidas do Norte de Minas,Educação Física,Talitha Soares Cordeiro,CO_ORIENTADOR,NAO
2006,INICIACAO_CIENTIFICA,Faculdades Unidas do Norte de Minas,Educação Física,Adriana Paraíso Caetano,CO_ORIENTADOR,SIM
2006,MONOGRAFIA_DE_CONCLUSAO_DE_CURSO_APERFEICOAMENTO_E_ESPECIALIZACAO,Universidade FUMEC,Neuropsicologia,Luciana Maria da Silva,CO_ORIENTADOR,NAO
2006,TRABALHO_DE_CONCLUSAO_DE_CURSO_GRADUACAO,Faculdades Unidas do Norte de Minas,Educação Física,Patrícia  Afonso da Silva,CO_ORIENTADOR,NAO
2006,TRABALHO_DE_CONCLUSAO_DE_CURSO_GRADUACAO,Faculdades Unidas do Norte de Minas,Educação Física,Patricia Cristo Dias Azevedo Veloso,CO_ORIENTADOR,NAO
2006,TRABALHO_DE_CONCLUSAO_DE_CURSO_GRADUACAO,Faculdades Unidas do Norte de Minas,Educação Física,Tathiana Aparecida Andrade Brasil,CO_ORIENTADOR,NAO
2006,TRABALHO_DE_CONCLUSAO_DE_CURSO_GRADUACAO,Faculdades Unidas do Norte de Minas,Educação Física,Luiz José Vieira de Aquino,CO_ORIENTADOR,NAO
2006,TRABALHO_DE_CONCLUSAO_DE_CURSO_GRADUACAO,Faculdades Unidas do Norte de Minas,Educação Física,Erick Godinho Silva,CO_ORIENTADOR,NAO
2007,INICIACAO_CIENTIFICA,Universidade FUMEC,Educação Física,Gabriela Junqueira Mendes Cassiano,CO_ORIENTADOR,SIM
2007,INICIACAO_CIENTIFICA,Universidade FUMEC,Educação Física,Felipe Azevedo Fogli,CO_ORIENTADOR,SIM
2007,INICIACAO_CIENTIFICA,Universidade FUMEC,Educação Física,Lívia Conçalves Gallo,CO_ORIENTADOR,SIM
2007,INICIACAO_CIENTIFICA,Universidade FUMEC,Psicologia,Suzana Silva Costa Abrantes,CO_ORIENTADOR,SIM
2007,MONOGRAFIA_DE_CONCLUSAO_DE_CURSO_APERFEICOAMENTO_E_ESPECIALIZACAO,Universidade FUMEC,Especialização em Neuropsicologia,Andreza Moreira,CO_ORIENTADOR,NAO
2007,TRABALHO_DE_CONCLUSAO_DE_CURSO_GRADUACAO,Universidade FUMEC,Educação Física,Lívia Gonçalves Gallo,CO_ORIENTADOR,NAO
2008,TRABALHO_DE_CONCLUSAO_DE_CURSO_GRADUACAO,Universidade FUMEC,Educação Física,Maurício Garcia Ziviane; Rafael Lopes Taasar Almeida,CO_ORIENTADOR,NAO
2008,TRABALHO_DE_CONCLUSAO_DE_CURSO_GRADUACAO,Universidade FUMEC,Educação Física,Grécia Trindade,CO_ORIENTADOR,NAO
2007,TRABALHO_DE_CONCLUSAO_DE_CURSO_GRADUACAO,Universidade FUMEC,Educação Física,Daniele G. Barbosa; Deborah Q. Barbosa; Fernando G. Provete,CO_ORIENTADOR,NAO
2008,TRABALHO_DE_CONCLUSAO_DE_CURSO_GRADUACAO,Universidade FUMEC,Terapia Ocupacional,Lorene G.F. Saraiva; Loreyne S. Fonseca; Mayra R Albuquerque,CO_ORIENTADOR,NAO
2008,INICIACAO_CIENTIFICA,Universidade FUMEC,Biomedicina,Gabriel Costa Aguiar,CO_ORIENTADOR,SIM
2008,INICIACAO_CIENTIFICA,Universidade FUMEC,Educação Física,Gabriela Junqueira Mendes Cassiano,CO_ORIENTADOR,SIM
2008,INICIACAO_CIENTIFICA,Universidade FUMEC,Biomedicina,Lorena Oliveira de Matos,CO_ORIENTADOR,SIM
2008,TRABALHO_DE_CONCLUSAO_DE_CURSO_GRADUACAO,Universidade FUMEC,Educação Física,Felipe Azevedo Fogli,CO_ORIENTADOR,NAO
2009,INICIACAO_CIENTIFICA,Universidade FUMEC,Educação Física,Ciro Magalhães Bernardes Lobato,CO_ORIENTADOR,SIM
2009,INICIACAO_CIENTIFICA,Universidade FUMEC,Educação Física,Thomas Augusto Lopes Cunha,CO_ORIENTADOR,SIM
2009,TRABALHO_DE_CONCLUSAO_DE_CURSO_GRADUACAO,Universidade FUMEC,Educação Física,Anderson N. Prazeres; Bruno F. Santos; Daniel S. Vicente,CO_ORIENTADOR,NAO
2009,TRABALHO_DE_CONCLUSAO_DE_CURSO_GRADUACAO,Universidade FUMEC,Educação Física,Gabriela Junqueira Mendes Cassiano,CO_ORIENTADOR,NAO
2009,TRABALHO_DE_CONCLUSAO_DE_CURSO_GRADUACAO,Universidade FUMEC,Educação Física,Marcelino P. Chagas; Matheus S. Barcelos; Rafael P. Coelho,CO_ORIENTADOR,NAO
2009,TRABALHO_DE_CONCLUSAO_DE_CURSO_GRADUACAO,Universidade FUMEC,Educação Física,Cynthia Guedes; Daniella Machado; Leonardo Lacerda,CO_ORIENTADOR,NAO
2009,INICIACAO_CIENTIFICA,Universidade FUMEC,Enfermagem,Marina Ribeiro Bretas,CO_ORIENTADOR,NAO
2009,TRABALHO_DE_CONCLUSAO_DE_CURSO_GRADUACAO,Universidade FUMEC,Educação Física,Maíra Gonçalves de Miranda,CO_ORIENTADOR,NAO
2009,TRABALHO_DE_CONCLUSAO_DE_CURSO_GRADUACAO,Universidade FUMEC,Educação Física,Késia Priscila Fonseca; Luiz Cláudio Dias; Silvia Renata Mod,CO_ORIENTADOR,NAO
2009,TRABALHO_DE_CONCLUSAO_DE_CURSO_GRADUACAO,Universidade FUMEC,Educação Física,Bernardo Aragão; Daysimar M. Fabiano; Kellerson Oliveira,CO_ORIENTADOR,NAO
2009,TRABALHO_DE_CONCLUSAO_DE_CURSO_GRADUACAO,Universidade FUMEC,Fonoaudiologia,Carine Oliveira/ João Ferreira/ Rosiane Cristina,CO_ORIENTADOR,NAO
2009,TRABALHO_DE_CONCLUSAO_DE_CURSO_GRADUACAO,Universidade FUMEC,Educação Física,Arlete X. Queiroz/ Daniel J.P. Souza/ Warley M. Oliveira,CO_ORIENTADOR,NAO
2008,MONOGRAFIA_DE_CONCLUSAO_DE_CURSO_APERFEICOAMENTO_E_ESPECIALIZACAO,Universidade FUMEC,Especialização em Neuropsicologia,Anne Marie Mader de Oliveira,CO_ORIENTADOR,NAO
2010,INICIACAO_CIENTIFICA,Universidade FUMEC,Educação Física,Paloma Alvarenga,CO_ORIENTADOR,NAO
2008,TRABALHO_DE_CONCLUSAO_DE_CURSO_GRADUACAO,Universidade FUMEC,Educação Física,Flávio F. Malvar/ Vinícius M. Brugger,CO_ORIENTADOR,NAO
2012,TRABALHO_DE_CONCLUSAO_DE_CURSO_GRADUACAO,Universidade FUMEC,Educação Física,Marcelo Ruggio de Figueiredo,CO_ORIENTADOR,NAO
2013,TRABALHO_DE_CONCLUSAO_DE_CURSO_GRADUACAO,Universidade Federal de Minas Gerais,Educação Física,Mayndra Giusti Salvador,CO_ORIENTADOR,NAO
2013,TRABALHO_DE_CONCLUSAO_DE_CURSO_GRADUACAO,Universidade Federal de Minas Gerais,Educação Física,Gleice Araujo Ferreira,CO_ORIENTADOR,NAO
2013,TRABALHO_DE_CONCLUSAO_DE_CURSO_GRADUACAO,Universidade Federal de Minas Gerais,Educação Física,Vitor Eduardo Batista Castro,CO_ORIENTADOR,NAO
2014,INICIACAO_CIENTIFICA,Universidade Federal de Minas Gerais,Educação Física,Natália Lelis Torres,CO_ORIENTADOR,SIM
2014,TRABALHO_DE_CONCLUSAO_DE_CURSO_GRADUACAO,Universidade Federal de Minas Gerais,Educação Física,Natália Lelis Torres,CO_ORIENTADOR,NAO
2014,INICIACAO_CIENTIFICA,Universidade Federal de Minas Gerais,Educação Física,Mayndra Giusti Salvador,CO_ORIENTADOR,NAO
2014,INICIACAO_CIENTIFICA,Universidade Federal de Minas Gerais,Educação Física,Gleice Araujo Ferreira,CO_ORIENTADOR,NAO
2016,TRABALHO_DE_CONCLUSAO_DE_CURSO_GRADUACAO,Universidade Federal de Minas Gerais,Educação Física,Renata de Marins Costa,CO_ORIENTADOR,NAO
2014,TRABALHO_DE_CONCLUSAO_DE_CURSO_GRADUACAO,Universidade Federal de Minas Gerais,Educação Física,Lívia Penido Alipio,CO_ORIENTADOR,NAO
2016,TRABALHO_DE_CONCLUSAO_DE_CURSO_GRADUACAO,Universidade Federal de Minas Gerais,Educação Física,Marcelo A. Chaves Ramos,CO_ORIENTADOR,NAO
2015,TRABALHO_DE_CONCLUSAO_DE_CURSO_GRADUACAO,Universidade Federal de Minas Gerais,Educação Física,Diego Augusto Paulon,CO_ORIENTADOR,NAO
2015,TRABALHO_DE_CONCLUSAO_DE_CURSO_GRADUACAO,Universidade Federal de Minas Gerais,Educação Física,Pedro Drumond Alberto,CO_ORIENTADOR,NAO
2017,INICIACAO_CIENTIFICA,Universidade Federal de Minas Gerais,Educação Física,Diego Rodrigues de Aguilar,CO_ORIENTADOR,NAO
2018,INICIACAO_CIENTIFICA,Universidade Federal de Minas Gerais,Educação Física,Izabella de Souza Sales,CO_ORIENTADOR,NAO
2016,TRABALHO_DE_CONCLUSAO_DE_CURSO_GRADUACAO,Universidade Federal de Minas Gerais,Educação Física,Sabrina Manuela Aleixo Marques,CO_ORIENTADOR,NAO
2016,TRABALHO_DE_CONCLUSAO_DE_CURSO_GRADUACAO,Universidade Federal de Minas Gerais,Educação Física,Mikael Leal Nehmy,CO_ORIENTADOR,NAO
2016,TRABALHO_DE_CONCLUSAO_DE_CURSO_GRADUACAO,Universidade Federal de Minas Gerais,Educação Física,Bruna Guimarães Marinho,CO_ORIENTADOR,NAO
2016,TRABALHO_DE_CONCLUSAO_DE_CURSO_GRADUACAO,Universidade Federal de Minas Gerais,Educação Física,Ana Paula Costa Lara,CO_ORIENTADOR,NAO
2017,TRABALHO_DE_CONCLUSAO_DE_CURSO_GRADUACAO,Universidade Federal de Minas Gerais,Educação Física,Aira Senisocram Duretti Oliveira,CO_ORIENTADOR,NAO
2018,TRABALHO_DE_CONCLUSAO_DE_CURSO_GRADUACAO,Universidade Federal de Minas Gerais,Educação Física,Amanda da Costa,CO_ORIENTADOR,NAO
2018,TRABALHO_DE_CONCLUSAO_DE_CURSO_GRADUACAO,Universidade Federal de Minas Gerais,Educação Física,Caio Lucchesi Loures,CO_ORIENTADOR,NAO
2018,TRABALHO_DE_CONCLUSAO_DE_CURSO_GRADUACAO,Universidade Federal de Minas Gerais,Educação Física,Camila Carvalho Vaz da Silva,CO_ORIENTADOR,NAO
2018,TRABALHO_DE_CONCLUSAO_DE_CURSO_GRADUACAO,Universidade Federal de Minas Gerais,Educação Física,Carine Amorim Scaldaferri,CO_ORIENTADOR,NAO
2018,ORIENTACAO-DE-OUTRA-NATUREZA,Universidade Federal de Minas Gerais,Educação Física,Simara Regina de Oliveira Ribeiro,CO_ORIENTADOR,SIM
2020,INICIACAO_CIENTIFICA,Universidade Federal de Minas Gerais,Educação Física,Athos Matheus de Paula Borges,CO_ORIENTADOR,NAO
2020,INICIACAO_CIENTIFICA,Universidade Federal de Minas Gerais,Educação Física,Enzo Gomes Azevedo,CO_ORIENTADOR,NAO
2020,INICIACAO_CIENTIFICA,Universidade Federal de Minas Gerais,Educação Física,Isabelle Rodrigues Nery,CO_ORIENTADOR,NAO
2019,INICIACAO_CIENTIFICA,Universidade Federal de Minas Gerais,Educação Física,Jean Gregorio da Silva,CO_ORIENTADOR,NAO
2020,TRABALHO_DE_CONCLUSAO_DE_CURSO_GRADUACAO,Universidade Federal de Minas Gerais,Educação Física,Jean Gregorio da Silva,CO_ORIENTADOR,NAO
2020,TRABALHO_DE_CONCLUSAO_DE_CURSO_GRADUACAO,Universidade Federal de Minas Gerais,Educação Física,Lucas Tiago Reis Moreira dos Santos,CO_ORIENTADOR,NAO
2020,TRABALHO_DE_CONCLUSAO_DE_CURSO_GRADUACAO,Universidade Federal de Minas Gerais,Educação Física,MARIANA LOBO DE SOUSA MARQUES,CO_ORIENTADOR,NAO
2014,TRABALHO_DE_CONCLUSAO_DE_CURSO_GRADUACAO,Universidade Federal de Minas Gerais,Educação Física,Dalila Fagundes Antunes,CO_ORIENTADOR,NAO
