YEAR,NATURE,INSTITUTION,COURSE,STUDENT,TYPE,SPONSOR
2003,TRABALHO_DE_CONCLUSAO_DE_CURSO_GRADUACAO,Universidade Vale do Sapucaí,Educação Física,Henrique da Silva,ORIENTADOR_PRINCIPAL,NAO
2003,INICIACAO_CIENTIFICA,Universidade Vale do Sapucaí,Educação Física,Fernanda Silveira,CO_ORIENTADOR,SIM
2003,INICIACAO_CIENTIFICA,Universidade Vale do Sapucaí,Educação Física,Gabriel Ferreira de Souza Santos,CO_ORIENTADOR,SIM
2004,TRABALHO_DE_CONCLUSAO_DE_CURSO_GRADUACAO,Universidade Estadual Paulista Júlio de Mesquita Filho,Licenciatura Em Educação Física,Rafael Messias Merlim,ORIENTADOR_PRINCIPAL,NAO
2003,TRABALHO_DE_CONCLUSAO_DE_CURSO_GRADUACAO,Universidade Vale do Sapucaí,Educação Física,Debora de Melo Massafera,ORIENTADOR_PRINCIPAL,NAO
2004,TRABALHO_DE_CONCLUSAO_DE_CURSO_GRADUACAO,Universidade Vale do Sapucaí,Educação Física,Hamilton José da Silva,ORIENTADOR_PRINCIPAL,NAO
2004,TRABALHO_DE_CONCLUSAO_DE_CURSO_GRADUACAO,Universidade Vale do Sapucaí,Educação Física,Rafael Augusto Coutinho Moreira,ORIENTADOR_PRINCIPAL,NAO
2004,TRABALHO_DE_CONCLUSAO_DE_CURSO_GRADUACAO,Universidade Vale do Sapucaí,Educação Física,Gabriel Ferreira de Souza Santos,ORIENTADOR_PRINCIPAL,NAO
2004,TRABALHO_DE_CONCLUSAO_DE_CURSO_GRADUACAO,Universidade Vale do Sapucaí,Educação Física,Caio Guilherme Braga,ORIENTADOR_PRINCIPAL,NAO
2004,TRABALHO_DE_CONCLUSAO_DE_CURSO_GRADUACAO,Universidade Vale do Sapucaí,Educação Física,Luana Benedita Rocha Santos Pereira,ORIENTADOR_PRINCIPAL,NAO
2004,TRABALHO_DE_CONCLUSAO_DE_CURSO_GRADUACAO,Universidade Vale do Sapucaí,Educação Física,Rafael Henrique Figueiredo de Souza,ORIENTADOR_PRINCIPAL,NAO
2004,TRABALHO_DE_CONCLUSAO_DE_CURSO_GRADUACAO,Universidade Vale do Sapucaí,Educação Física,Alessandra Resende Silva,ORIENTADOR_PRINCIPAL,NAO
2004,TRABALHO_DE_CONCLUSAO_DE_CURSO_GRADUACAO,Universidade Vale do Rio Verde,Educação Física,Mateus Esperança da Silva,ORIENTADOR_PRINCIPAL,NAO
2004,TRABALHO_DE_CONCLUSAO_DE_CURSO_GRADUACAO,Universidade Vale do Rio Verde,Educação Física,Marcus Aurélio Crispim,ORIENTADOR_PRINCIPAL,NAO
2004,TRABALHO_DE_CONCLUSAO_DE_CURSO_GRADUACAO,Universidade Vale do Rio Verde,Educação Física,Camilla Cristiane Oliveira Chamon,ORIENTADOR_PRINCIPAL,NAO
2006,INICIACAO_CIENTIFICA,Universidade Vale do Sapucaí,Educação Física,Michele Mariana Pereira,CO_ORIENTADOR,SIM
2005,INICIACAO_CIENTIFICA,Universidade Vale do Sapucaí,Educação Física,Fernanda Silveira,CO_ORIENTADOR,SIM
2005,TRABALHO_DE_CONCLUSAO_DE_CURSO_GRADUACAO,Universidade Vale do Rio Verde,Educação Física,Helder Carlos Gabriel Silva,CO_ORIENTADOR,NAO
2005,TRABALHO_DE_CONCLUSAO_DE_CURSO_GRADUACAO,Universidade Vale do Rio Verde,Educação Física,Leandro Lima Rangel,CO_ORIENTADOR,NAO
2005,TRABALHO_DE_CONCLUSAO_DE_CURSO_GRADUACAO,Universidade Vale do Rio Verde,Educação Física,Elton Luciano Mafra,ORIENTADOR_PRINCIPAL,NAO
2005,TRABALHO_DE_CONCLUSAO_DE_CURSO_GRADUACAO,Universidade Vale do Sapucaí,Educação Física,Renato Giorgeti Veiga,ORIENTADOR_PRINCIPAL,NAO
2005,TRABALHO_DE_CONCLUSAO_DE_CURSO_GRADUACAO,Universidade Vale do Sapucaí,Educação Física,José Nunes Andery,ORIENTADOR_PRINCIPAL,NAO
2005,TRABALHO_DE_CONCLUSAO_DE_CURSO_GRADUACAO,Universidade Vale do Sapucaí,Educação Física,Renato Damião da Costa,CO_ORIENTADOR,NAO
2005,TRABALHO_DE_CONCLUSAO_DE_CURSO_GRADUACAO,Universidade Vale do Sapucaí,Educação Física,Julio Cesar Basileu,CO_ORIENTADOR,NAO
2004,TRABALHO_DE_CONCLUSAO_DE_CURSO_GRADUACAO,Universidade Vale do Sapucaí,Educação Física,Daniel Fernandes Faria,ORIENTADOR_PRINCIPAL,NAO
2005,TRABALHO_DE_CONCLUSAO_DE_CURSO_GRADUACAO,Universidade Vale do Sapucaí,Educação Física,Carlos Augusto da Silva,CO_ORIENTADOR,NAO
2008,TRABALHO_DE_CONCLUSAO_DE_CURSO_GRADUACAO,Universidade Federal de São João Del-Rei,Licenciatura em Educação Física,Carlos Eduardo Monteiro,CO_ORIENTADOR,NAO
2007,INICIACAO_CIENTIFICA,Universidade Federal de São João Del-Rei,Licenciatura em Educação Física,Sara Cristina Gilberto Pereira,CO_ORIENTADOR,NAO
2007,INICIACAO_CIENTIFICA,Universidade Federal de São João Del-Rei,Licenciatura em Educação Física,Laura Vale Monteiro,CO_ORIENTADOR,NAO
2009,INICIACAO_CIENTIFICA,Universidade Federal de São João Del-Rei,Licenciatura em Educação Física,Vitória Silva Loyola,CO_ORIENTADOR,SIM
2009,MONOGRAFIA_DE_CONCLUSAO_DE_CURSO_APERFEICOAMENTO_E_ESPECIALIZACAO,Universidade Gama Filho,Especialização em Atividade Física Adaptada e Saúd,Adriele Cristina Feliciano,CO_ORIENTADOR,NAO
2007,TRABALHO_DE_CONCLUSAO_DE_CURSO_GRADUACAO,Universidade Federal de São João Del-Rei,Licenciatura em Educação Física,Adriele Cristina Feliciano,CO_ORIENTADOR,NAO
2007,TRABALHO_DE_CONCLUSAO_DE_CURSO_GRADUACAO,Universidade Federal de São João Del-Rei,Licenciatura em Educação Física,Fernando Honse Lebourg,CO_ORIENTADOR,NAO
2007,TRABALHO_DE_CONCLUSAO_DE_CURSO_GRADUACAO,Universidade Federal de São João Del-Rei,Licenciatura em Educação Física,Laura Vale Monteiro,CO_ORIENTADOR,NAO
2007,TRABALHO_DE_CONCLUSAO_DE_CURSO_GRADUACAO,Universidade Federal de São João Del-Rei,Licenciatura em Educação Física,Éder Cabral Viana,CO_ORIENTADOR,NAO
2008,TRABALHO_DE_CONCLUSAO_DE_CURSO_GRADUACAO,Universidade Federal de São João Del-Rei,Licenciatura em Educação Física,Lucas Noronha Rangel Souza,CO_ORIENTADOR,NAO
2008,TRABALHO_DE_CONCLUSAO_DE_CURSO_GRADUACAO,Universidade Federal de São João Del-Rei,Licenciatura em Educação Física,Ewerton Padilha Cristelli,CO_ORIENTADOR,NAO
2008,TRABALHO_DE_CONCLUSAO_DE_CURSO_GRADUACAO,Universidade Federal de São João Del-Rei,Licenciatura em Educação Física,Fabrício Neves Mendonça,CO_ORIENTADOR,NAO
2009,MONOGRAFIA_DE_CONCLUSAO_DE_CURSO_APERFEICOAMENTO_E_ESPECIALIZACAO,Instituto Gammon Escola de I II e III Graus,Curso em Musculação e Personal Training,Luciana Moreira Maciel,CO_ORIENTADOR,NAO
2009,ORIENTACAO-DE-OUTRA-NATUREZA,Universidade Federal de São João Del-Rei,Licenciatura em Educação Física,Ana Nelly Moura Santos,CO_ORIENTADOR,SIM
2009,ORIENTACAO-DE-OUTRA-NATUREZA,Universidade Federal de São João Del-Rei,Licenciatura em Educação Física,Natália Batista Medeiros,CO_ORIENTADOR,SIM
2007,ORIENTACAO-DE-OUTRA-NATUREZA,Universidade Federal de São João Del-Rei,Licenciatura em Educação Física,Ewerton Padilha Cristelli,CO_ORIENTADOR,SIM
2006,ORIENTACAO-DE-OUTRA-NATUREZA,Universidade Federal de São João Del-Rei,Licenciatura em Educação Física,Kelly Fernandes de Jesus,CO_ORIENTADOR,SIM
2008,ORIENTACAO-DE-OUTRA-NATUREZA,Universidade Federal de São João Del-Rei,Licenciatura em Educação Física,Emmanuelle Cristine Sales Soares,CO_ORIENTADOR,SIM
2008,ORIENTACAO-DE-OUTRA-NATUREZA,Universidade Federal de São João Del-Rei,Licenciatura em Educação Física,Elaine Cristina de Almeida,CO_ORIENTADOR,SIM
2007,ORIENTACAO-DE-OUTRA-NATUREZA,Universidade Federal de São João Del-Rei,Licenciatura em Educação Física,Janaína Rocha do Nascimento,CO_ORIENTADOR,SIM
2010,TRABALHO_DE_CONCLUSAO_DE_CURSO_GRADUACAO,Universidade Federal de São João Del-Rei,Licenciatura em Educação Física,Darlan Cupertino de Oliveira,CO_ORIENTADOR,NAO
2010,TRABALHO_DE_CONCLUSAO_DE_CURSO_GRADUACAO,Universidade Federal de São João Del-Rei,Licenciatura em Educação Física,Paula Baccarini Viegas Costa,CO_ORIENTADOR,NAO
2010,TRABALHO_DE_CONCLUSAO_DE_CURSO_GRADUACAO,Universidade Federal de São João Del-Rei,Licenciatura em Educação Física,Letícia Benedito Lima,CO_ORIENTADOR,NAO
2015,TRABALHO_DE_CONCLUSAO_DE_CURSO_GRADUACAO,Universidade Federal de São João Del-Rei,Educação Física,Cristiane Vale Sousa,CO_ORIENTADOR,NAO
2015,TRABALHO_DE_CONCLUSAO_DE_CURSO_GRADUACAO,Universidade Federal de São João Del-Rei,Educação Física,Érika Howadik Silva,CO_ORIENTADOR,NAO
2015,TRABALHO_DE_CONCLUSAO_DE_CURSO_GRADUACAO,Universidade Federal de São João Del-Rei,Pedagogia,Silvana Uchoas Ribeiro de Souza,CO_ORIENTADOR,NAO
2015,TRABALHO_DE_CONCLUSAO_DE_CURSO_GRADUACAO,Universidade Federal de São João Del-Rei,Pedagogia,Patricia Regina Freitas Torres,CO_ORIENTADOR,NAO
2015,TRABALHO_DE_CONCLUSAO_DE_CURSO_GRADUACAO,Universidade Federal de São João Del-Rei,Pedagogia,Renata Mariana da Silva Inácio,CO_ORIENTADOR,NAO
2015,TRABALHO_DE_CONCLUSAO_DE_CURSO_GRADUACAO,Universidade Federal de São João Del-Rei,Pedagogia,Jefferson Leandro da Silva,CO_ORIENTADOR,NAO
2015,TRABALHO_DE_CONCLUSAO_DE_CURSO_GRADUACAO,Universidade Federal de São João Del-Rei,Pedagogia,Lilian Rodrigues da Silva,CO_ORIENTADOR,NAO
2009,MONOGRAFIA_DE_CONCLUSAO_DE_CURSO_APERFEICOAMENTO_E_ESPECIALIZACAO,Universidade Federal de São João Del-Rei,Curso de Especialização em Educação Empreendedora,Adriane Fernanda Prando Soares,CO_ORIENTADOR,NAO
2009,MONOGRAFIA_DE_CONCLUSAO_DE_CURSO_APERFEICOAMENTO_E_ESPECIALIZACAO,Universidade Federal de São João Del-Rei,Curso de Especialização em Educação Empreendedora,Célia Maria Santos Moura,CO_ORIENTADOR,NAO
2009,MONOGRAFIA_DE_CONCLUSAO_DE_CURSO_APERFEICOAMENTO_E_ESPECIALIZACAO,Universidade Federal de São João Del-Rei,Curso de Especialização em Educação Empreendedora,Edna Teixeira de Paiva,CO_ORIENTADOR,NAO
2009,MONOGRAFIA_DE_CONCLUSAO_DE_CURSO_APERFEICOAMENTO_E_ESPECIALIZACAO,Universidade Federal de São João Del-Rei,Curso de Especialização em Educação Empreendedora,Eliane de Abreu Costa Rabello,CO_ORIENTADOR,NAO
2009,MONOGRAFIA_DE_CONCLUSAO_DE_CURSO_APERFEICOAMENTO_E_ESPECIALIZACAO,Universidade Federal de São João Del-Rei,Curso de Especialização em Educação Empreendedora,Elisângela Aparecia Magalhães,CO_ORIENTADOR,NAO
2009,MONOGRAFIA_DE_CONCLUSAO_DE_CURSO_APERFEICOAMENTO_E_ESPECIALIZACAO,Universidade Federal de São João Del-Rei,Curso de Especialização em Educação Empreendedora,Helder Andrade Alves,CO_ORIENTADOR,NAO
2009,MONOGRAFIA_DE_CONCLUSAO_DE_CURSO_APERFEICOAMENTO_E_ESPECIALIZACAO,Universidade Federal de São João Del-Rei,Curso de Especialização em Educação Empreendedora,Ana Lúcia Dãmaso,CO_ORIENTADOR,NAO
2015,TRABALHO_DE_CONCLUSAO_DE_CURSO_GRADUACAO,Universidade Federal de São João Del-Rei,Pedagogia,Graziele Teresa Aguiar,CO_ORIENTADOR,NAO
2015,MONOGRAFIA_DE_CONCLUSAO_DE_CURSO_APERFEICOAMENTO_E_ESPECIALIZACAO,Universidade Federal de São João Del-Rei,Curso de Especialização em Educação Empreendedora,Michelle de Oliveira Fragoso,CO_ORIENTADOR,NAO
2015,MONOGRAFIA_DE_CONCLUSAO_DE_CURSO_APERFEICOAMENTO_E_ESPECIALIZACAO,Universidade Federal de São João Del-Rei,Curso de Especialização em Educação Empreendedora,Luana Tavares de Oliveira,CO_ORIENTADOR,NAO
2015,MONOGRAFIA_DE_CONCLUSAO_DE_CURSO_APERFEICOAMENTO_E_ESPECIALIZACAO,Universidade Federal de São João Del-Rei,Curso de Especialização em Educação Empreendedora,Livia da Silva Assis,CO_ORIENTADOR,NAO
2015,MONOGRAFIA_DE_CONCLUSAO_DE_CURSO_APERFEICOAMENTO_E_ESPECIALIZACAO,Universidade Federal de São João Del-Rei,Curso de Especialização em Educação Empreendedora,Lenice Aparecida de Melo alvim Gomes,CO_ORIENTADOR,NAO
2015,TRABALHO_DE_CONCLUSAO_DE_CURSO_GRADUACAO,Universidade Federal de São João Del-Rei,Educação Física,Erika Howadik Silva e Maysa Beatriz Cruz,CO_ORIENTADOR,NAO
2015,TRABALHO_DE_CONCLUSAO_DE_CURSO_GRADUACAO,Universidade Federal de São João Del-Rei,Educação Física,Cristiane Vale Sousa,CO_ORIENTADOR,NAO
2015,TRABALHO_DE_CONCLUSAO_DE_CURSO_GRADUACAO,Universidade Federal de São João Del-Rei,Educação Física,Monique Franciele Faccion,CO_ORIENTADOR,NAO
2016,TRABALHO_DE_CONCLUSAO_DE_CURSO_GRADUACAO,Universidade Federal de São João Del-Rei,Educação Física,Wyllder Nascimento Gonçalves,CO_ORIENTADOR,NAO
2016,TRABALHO_DE_CONCLUSAO_DE_CURSO_GRADUACAO,Universidade Federal de São João Del-Rei,Educação Física,Jonas Dias Carvalho,CO_ORIENTADOR,NAO
2016,TRABALHO_DE_CONCLUSAO_DE_CURSO_GRADUACAO,Universidade Federal de São João Del-Rei,Educação Física,Henrique de Moura Zampieri Gonzaga,CO_ORIENTADOR,NAO
2016,INICIACAO_CIENTIFICA,Universidade Federal de São João Del-Rei,Educação Física,Tauane Ávila,CO_ORIENTADOR,SIM
2018,MONOGRAFIA_DE_CONCLUSAO_DE_CURSO_APERFEICOAMENTO_E_ESPECIALIZACAO,Universidade Federal de São João Del-Rei,Curso de Especialização em Gestão em Saúde,Adriana Rosemary Presoti,CO_ORIENTADOR,NAO
2018,MONOGRAFIA_DE_CONCLUSAO_DE_CURSO_APERFEICOAMENTO_E_ESPECIALIZACAO,Universidade Federal de São João Del-Rei,Curso de Especialização em Gestão em Saúde,Andrelle Caroline Bernardes Afonso,CO_ORIENTADOR,NAO
2018,MONOGRAFIA_DE_CONCLUSAO_DE_CURSO_APERFEICOAMENTO_E_ESPECIALIZACAO,Universidade Federal de São João Del-Rei,Curso de Especialização em Gestão em Saúde,Andressa Fagundes do Nascimento Batista,CO_ORIENTADOR,NAO
2018,MONOGRAFIA_DE_CONCLUSAO_DE_CURSO_APERFEICOAMENTO_E_ESPECIALIZACAO,Universidade Federal de São João Del-Rei,Curso de Especialização em Gestão em Saúde,Andressa Lourenço Fonseca,CO_ORIENTADOR,NAO
2018,MONOGRAFIA_DE_CONCLUSAO_DE_CURSO_APERFEICOAMENTO_E_ESPECIALIZACAO,Universidade Federal de São João Del-Rei,Curso de Especialização em Gestão em Saúde,Bruna Cristina Silva,CO_ORIENTADOR,NAO
2018,MONOGRAFIA_DE_CONCLUSAO_DE_CURSO_APERFEICOAMENTO_E_ESPECIALIZACAO,Universidade Federal de São João Del-Rei,Curso de Especialização em Gestão em Saúde,Bruna Teixieera Costa,CO_ORIENTADOR,NAO
2018,MONOGRAFIA_DE_CONCLUSAO_DE_CURSO_APERFEICOAMENTO_E_ESPECIALIZACAO,Universidade Federal de São João Del-Rei,Curso de Especialização em Gestão em Saúde,Carlos Alberto Moraes Moreno,CO_ORIENTADOR,NAO
2018,MONOGRAFIA_DE_CONCLUSAO_DE_CURSO_APERFEICOAMENTO_E_ESPECIALIZACAO,Universidade Federal de São João Del-Rei,Curso de Especialização em Gestão em Saúde,Elaine da Silva Lopes,CO_ORIENTADOR,NAO
2018,MONOGRAFIA_DE_CONCLUSAO_DE_CURSO_APERFEICOAMENTO_E_ESPECIALIZACAO,Universidade Federal de São João Del-Rei,Curso de Especialização em Gestão em Saúde,Flavia Aparecida Jacques,CO_ORIENTADOR,NAO
2018,MONOGRAFIA_DE_CONCLUSAO_DE_CURSO_APERFEICOAMENTO_E_ESPECIALIZACAO,Universidade Federal de São João Del-Rei,Curso de Especialização em Gestão em Saúde,Aline Almeida Ribeiro,CO_ORIENTADOR,NAO
2018,MONOGRAFIA_DE_CONCLUSAO_DE_CURSO_APERFEICOAMENTO_E_ESPECIALIZACAO,Universidade Federal de São João Del-Rei,Curso de Especialização em Gestão em Saúde,Andressa Aparecida Severo,CO_ORIENTADOR,NAO
2018,MONOGRAFIA_DE_CONCLUSAO_DE_CURSO_APERFEICOAMENTO_E_ESPECIALIZACAO,Universidade Federal de São João Del-Rei,Curso de Especialização em Gestão em Saúde,Anycléia Pereira da Silva,CO_ORIENTADOR,NAO
2018,MONOGRAFIA_DE_CONCLUSAO_DE_CURSO_APERFEICOAMENTO_E_ESPECIALIZACAO,Universidade Federal de São João Del-Rei,Curso de Especialização em Gestão em Saúde,Camila Maria Pereira Rates,CO_ORIENTADOR,NAO
2018,MONOGRAFIA_DE_CONCLUSAO_DE_CURSO_APERFEICOAMENTO_E_ESPECIALIZACAO,Universidade Federal de São João Del-Rei,Curso de Especialização em Gestão em Saúde,Elizania Maria de Oliveira Santos,CO_ORIENTADOR,NAO
2018,MONOGRAFIA_DE_CONCLUSAO_DE_CURSO_APERFEICOAMENTO_E_ESPECIALIZACAO,Universidade Federal de São João Del-Rei,Curso de Especialização em Gestão em Saúde,Fernanda Nayelle Araujo Carvalho,CO_ORIENTADOR,NAO
2019,TRABALHO_DE_CONCLUSAO_DE_CURSO_GRADUACAO,Universidade Federal de São João Del-Rei,Educação Física,Pamela Aurea de Sousa,CO_ORIENTADOR,NAO
2019,TRABALHO_DE_CONCLUSAO_DE_CURSO_GRADUACAO,Universidade Federal de São João Del-Rei,Educação Física,Viviane Aparecida de Mendonça,CO_ORIENTADOR,NAO
2019,TRABALHO_DE_CONCLUSAO_DE_CURSO_GRADUACAO,Universidade Federal de São João Del-Rei,Educação Física,Ana Caroline Vitor,CO_ORIENTADOR,NAO
2019,TRABALHO_DE_CONCLUSAO_DE_CURSO_GRADUACAO,Universidade Federal de São João Del-Rei,Educação Física,Edilson de Jesus Maciel e Nathalia Resende Oliveira,CO_ORIENTADOR,NAO
2021,TRABALHO_DE_CONCLUSAO_DE_CURSO_GRADUACAO,Universidade Federal de São João Del-Rei,Educação Física,Viviane Simões e Cassiano Douglas,CO_ORIENTADOR,NAO
2021,TRABALHO_DE_CONCLUSAO_DE_CURSO_GRADUACAO,Universidade Federal de São João Del-Rei,Educação Física,Lethicia Pons Malheiros,CO_ORIENTADOR,NAO
2021,TRABALHO_DE_CONCLUSAO_DE_CURSO_GRADUACAO,Universidade Federal de São João Del-Rei,Educação Física,Mariana Mosqueira Baeta Tavare,CO_ORIENTADOR,NAO
2021,TRABALHO_DE_CONCLUSAO_DE_CURSO_GRADUACAO,Universidade Federal de São João Del-Rei,Educação Física,William Ferreira de Assis,CO_ORIENTADOR,NAO
2018,INICIACAO_CIENTIFICA,Universidade Federal de São João Del-Rei,Educação Física,Andre Henrique Azevedo Gomes,CO_ORIENTADOR,SIM
2019,INICIACAO_CIENTIFICA,Universidade Federal de São João Del-Rei,Educação Física,Ana Caroline Vitor,CO_ORIENTADOR,NAO
2020,ORIENTACAO-DE-OUTRA-NATUREZA,Universidade Federal de São João Del-Rei,Educação Física,Helena Luíza dos Santos Silva,CO_ORIENTADOR,NAO
2021,TRABALHO_DE_CONCLUSAO_DE_CURSO_GRADUACAO,Universidade Federal de São João Del-Rei,Educação Física,Letiicia Pozzebon e Marco Antonio Franco de Lima,CO_ORIENTADOR,NAO
2021,TRABALHO_DE_CONCLUSAO_DE_CURSO_GRADUACAO,Universidade Federal de São João Del-Rei,Educação Física,Karine Ferreira da Silva e Tatiellen Conceição Morais,CO_ORIENTADOR,NAO
2022,TRABALHO_DE_CONCLUSAO_DE_CURSO_GRADUACAO,Universidade Federal de São João Del-Rei,Educação Física,Felipe Reis dos Santos,CO_ORIENTADOR,NAO
2022,ORIENTACAO-DE-OUTRA-NATUREZA,Universidade Federal de São João Del-Rei,Educação Física,Kênia Moreira Martimiano,CO_ORIENTADOR,NAO
2022,ORIENTACAO-DE-OUTRA-NATUREZA,Universidade Federal de São João Del-Rei,Educação Física,Daniela Andrade Assis,CO_ORIENTADOR,NAO
2022,ORIENTACAO-DE-OUTRA-NATUREZA,Universidade Federal de São João Del-Rei,Educação Física,Luiz Fernando dos Anjos Pereira,CO_ORIENTADOR,NAO
2009,INICIACAO_CIENTIFICA,Universidade Federal de São João Del-Rei,Licenciatura em Educação Física,Bruno Michael Amante,CO_ORIENTADOR,SIM
